Container,Timestamp,Value
mn.device-45,2026-07-02 09:24:22,0
mn.device-45,2026-07-02 09:24:37,0
mn.device-45,2026-07-02 09:24:52,0
mn.device-45,2026-07-02 09:25:07,0
mn.device-45,2026-07-02 09:25:22,0
mn.device-45,2026-07-02 09:25:37,0
mn.device-45,2026-07-02 09:25:52,0
mn.device-45,2026-07-02 09:26:07,0.010816251930667582
mn.device-45,2026-07-02 09:26:22,0.011684914285714287
mn.device-45,2026-07-02 09:26:37,0.012010341870280996
mn.device-45,2026-07-02 09:26:52,0.012454069319162233
mn.device-45,2026-07-02 09:27:07,0.002002721298007804
mn.device-45,2026-07-02 09:27:22,0.0014733532572080096
mn.device-45,2026-07-02 09:27:37,0.0011937207863623866
mn.device-45,2026-07-02 09:27:52,0.0013499550984834784
mn.device-45,2026-07-02 09:28:07,0.0014077773091522568
mn.device-45,2026-07-02 09:28:22,0.0016675542951998898
mn.device-45,2026-07-02 09:28:37,0.0015820690135692997
mn.device-45,2026-07-02 09:28:52,0.0017282037768994282
mn.device-45,2026-07-02 09:29:07,0.0015913054008234449
mn.device-45,2026-07-02 09:29:22,0.0016563002950643773
mn.device-45,2026-07-02 09:29:37,0.001567540014272605
mn.device-45,2026-07-02 09:29:52,0.0014652248668329828
mn.device-45,2026-07-02 09:30:07,0.0015008928571428543
mn.device-45,2026-07-02 09:30:22,0.0014489587657395854
mn.device-45,2026-07-02 09:30:37,0.0014878394741394219
mn.device-45,2026-07-02 09:30:52,0.0017191436847608082
mn.device-45,2026-07-02 09:31:07,0.0017211257373164262
mn.device-45,2026-07-02 09:31:22,0.0015534099826003897
mn.device-45,2026-07-02 09:31:37,0.001610504428967474
mn.device-45,2026-07-02 09:31:52,0.0015088696799277935
mn.device-45,2026-07-02 09:32:07,0.0016829129496041643
mn.device-45,2026-07-02 09:32:22,0.002004565202633902
mn.device-45,2026-07-02 09:32:37,0.0018211333207294254
mn.device-45,2026-07-02 09:32:52,0.0018352307276535387
mn.device-45,2026-07-02 09:33:07,0.0015680488046320368
mn.device-45,2026-07-02 09:33:22,0.0011871151517219012
mn.device-45,2026-07-02 09:33:37,0.0013571331011404738
mn.device-45,2026-07-02 09:33:52,0.0012489867719848908
mn.device-45,2026-07-02 09:34:07,0.001096877777777777
mn.device-34,2026-07-02 09:24:22,0
mn.device-34,2026-07-02 09:24:37,0
mn.device-34,2026-07-02 09:24:52,0
mn.device-34,2026-07-02 09:25:07,0
mn.device-34,2026-07-02 09:25:22,0
mn.device-34,2026-07-02 09:25:37,0
mn.device-34,2026-07-02 09:25:52,0
mn.device-34,2026-07-02 09:26:07,0.00752826750797159
mn.device-34,2026-07-02 09:26:22,0.007930070867328989
mn.device-34,2026-07-02 09:26:37,0.008552615988760814
mn.device-34,2026-07-02 09:26:52,0.00885245032705371
mn.device-34,2026-07-02 09:27:07,0.001741655815228566
mn.device-34,2026-07-02 09:27:22,0.0014487359304323445
mn.device-34,2026-07-02 09:27:37,0.0013681313956488094
mn.device-34,2026-07-02 09:27:52,0.0011448783783783779
mn.device-34,2026-07-02 09:28:07,0.0012612919224914906
mn.device-34,2026-07-02 09:28:22,0.001275665912697073
mn.device-34,2026-07-02 09:28:37,0.0012772831780386198
mn.device-34,2026-07-02 09:28:52,0.0013209767378587942
mn.device-34,2026-07-02 09:29:07,0.0013049508926330578
mn.device-34,2026-07-02 09:29:22,0.0012806073320035757
mn.device-34,2026-07-02 09:29:37,0.001326981590712063
mn.device-34,2026-07-02 09:29:52,0.00127275254060627
mn.device-34,2026-07-02 09:30:07,0.0012025322988525524
mn.device-34,2026-07-02 09:30:22,0.001268079226748377
mn.device-34,2026-07-02 09:30:37,0.0013037172747975276
mn.device-34,2026-07-02 09:30:52,0.0013829110695459954
mn.device-34,2026-07-02 09:31:07,0.001385042215409909
mn.device-34,2026-07-02 09:31:22,0.001446318710712852
mn.device-34,2026-07-02 09:31:37,0.0014153838704687035
mn.device-34,2026-07-02 09:31:52,0.0016237833920066274
mn.device-34,2026-07-02 09:32:07,0.0016909040879151134
mn.device-34,2026-07-02 09:32:22,0.0015900285533537379
mn.device-34,2026-07-02 09:32:37,0.0015929720831793582
mn.device-34,2026-07-02 09:32:52,0.0011725203890389788
mn.device-34,2026-07-02 09:33:07,0.0012237054046898969
mn.device-34,2026-07-02 09:33:22,0.0013578184328615825
mn.device-34,2026-07-02 09:33:37,0.0013625619261789228
mn.device-34,2026-07-02 09:33:52,0.0014809379623576381
mn.device-34,2026-07-02 09:34:07,0.0012907984375000016
mn.device-8,2026-07-02 09:24:22,0
mn.device-8,2026-07-02 09:24:37,0
mn.device-8,2026-07-02 09:24:52,0
mn.device-8,2026-07-02 09:25:07,0
mn.device-8,2026-07-02 09:25:22,0
mn.device-8,2026-07-02 09:25:37,0
mn.device-8,2026-07-02 09:25:52,0.008076477126977342
mn.device-8,2026-07-02 09:26:07,0.008322247413190596
mn.device-8,2026-07-02 09:26:22,0.008809575400877708
mn.device-8,2026-07-02 09:26:37,0.0016831708700809742
mn.device-8,2026-07-02 09:26:52,0.0011414188488932482
mn.device-8,2026-07-02 09:27:07,0.0013113815696773274
mn.device-8,2026-07-02 09:27:22,0.001368979978354979
mn.device-8,2026-07-02 09:27:37,0.0013773258107111633
mn.device-8,2026-07-02 09:27:52,0.0014476123650631013
mn.device-8,2026-07-02 09:28:07,0.001474151979973453
mn.device-8,2026-07-02 09:28:22,0.0014828864705276543
mn.device-8,2026-07-02 09:28:37,0.0017235945918471077
mn.device-8,2026-07-02 09:28:52,0.001784691620514051
mn.device-8,2026-07-02 09:29:07,0.0017814922565022734
mn.device-8,2026-07-02 09:29:22,0.0016574318985950328
mn.device-8,2026-07-02 09:29:37,0.0013732568815285754
mn.device-8,2026-07-02 09:29:52,0.0012664943105471739
mn.device-8,2026-07-02 09:30:07,0.0014260022103888268
mn.device-8,2026-07-02 09:30:22,0.001829752659847423
mn.device-8,2026-07-02 09:30:37,0.00190753641545282
mn.device-8,2026-07-02 09:30:52,0.0019058151135460534
mn.device-8,2026-07-02 09:31:07,0.0016604852247607204
mn.device-8,2026-07-02 09:31:22,0.0013769351311325778
mn.device-8,2026-07-02 09:31:37,0.0012613196677615183
mn.device-8,2026-07-02 09:31:52,0.0012554115550326166
mn.device-8,2026-07-02 09:32:07,0.0014416216496090843
mn.device-8,2026-07-02 09:32:22,0.0013308249769729428
mn.device-8,2026-07-02 09:32:37,0.001314173509460908
mn.device-8,2026-07-02 09:32:52,0.0008844965277777791
mn.device-8,2026-07-02 09:33:07,0.0009702625559601065
mn.device-8,2026-07-02 09:33:22,0.0011012566660498278
mn.device-8,2026-07-02 09:33:37,0.0012607903563584349
mn.device-8,2026-07-02 09:33:52,0.0012953489542275396
mn.device-8,2026-07-02 09:34:07,0.0011957859375000019
mn.device-28,2026-07-02 09:24:22,0
mn.device-28,2026-07-02 09:24:37,0
mn.device-28,2026-07-02 09:24:52,0
mn.device-28,2026-07-02 09:25:07,0
mn.device-28,2026-07-02 09:25:22,0
mn.device-28,2026-07-02 09:25:37,0
mn.device-28,2026-07-02 09:25:52,0
mn.device-28,2026-07-02 09:26:07,0.006943660325043011
mn.device-28,2026-07-02 09:26:22,0.00753756722879601
mn.device-28,2026-07-02 09:26:37,0.008196889331451592
mn.device-28,2026-07-02 09:26:52,0.0015909023522423325
mn.device-28,2026-07-02 09:27:07,0.0018449008621437355
mn.device-28,2026-07-02 09:27:22,0.0014678894333632422
mn.device-28,2026-07-02 09:27:37,0.00147095686528277
mn.device-28,2026-07-02 09:27:52,0.0013263195795003115
mn.device-28,2026-07-02 09:28:07,0.001392719689391499
mn.device-28,2026-07-02 09:28:22,0.001299703264094954
mn.device-28,2026-07-02 09:28:37,0.0014974946313529001
mn.device-28,2026-07-02 09:28:52,0.0015658345652466072
mn.device-28,2026-07-02 09:29:07,0.0016464880645715276
mn.device-28,2026-07-02 09:29:22,0.0014795899123934923
mn.device-28,2026-07-02 09:29:37,0.0014761986389426952
mn.device-28,2026-07-02 09:29:52,0.0012149523380501155
mn.device-28,2026-07-02 09:30:07,0.0013768667396245483
mn.device-28,2026-07-02 09:30:22,0.0019112854030501087
mn.device-28,2026-07-02 09:30:37,0.002408508098891731
mn.device-28,2026-07-02 09:30:52,0.0024231115263503933
mn.device-28,2026-07-02 09:31:07,0.0024374989105234723
mn.device-28,2026-07-02 09:31:22,0.0016223146105548976
mn.device-28,2026-07-02 09:31:37,0.0016724373420747111
mn.device-28,2026-07-02 09:31:52,0.0018324482854366244
mn.device-28,2026-07-02 09:32:07,0.00224067842467491
mn.device-28,2026-07-02 09:32:22,0.0019776271896886
mn.device-28,2026-07-02 09:32:37,0.001962651534691773
mn.device-28,2026-07-02 09:32:52,0.001747189603621359
mn.device-28,2026-07-02 09:33:07,0.0013103595923701563
mn.device-28,2026-07-02 09:33:22,0.0013327297116029527
mn.device-28,2026-07-02 09:33:37,0.0014153084274543864
mn.device-28,2026-07-02 09:33:52,0.0012359493225409107
mn.device-28,2026-07-02 09:34:07,0.0012061377521714537
mn.device-50,2026-07-02 09:24:22,0
mn.device-50,2026-07-02 09:24:37,0
mn.device-50,2026-07-02 09:24:52,0
mn.device-50,2026-07-02 09:25:07,0
mn.device-50,2026-07-02 09:25:22,0
mn.device-50,2026-07-02 09:25:37,0
mn.device-50,2026-07-02 09:25:52,0
mn.device-50,2026-07-02 09:26:07,0
mn.device-50,2026-07-02 09:26:22,0.013434160312188737
mn.device-50,2026-07-02 09:26:37,0.013566276626432915
mn.device-50,2026-07-02 09:26:52,0.013859701478095315
mn.device-50,2026-07-02 09:27:07,0.014398052259790137
mn.device-50,2026-07-02 09:27:22,0.0015907791829959095
mn.device-50,2026-07-02 09:27:37,0.001360487394957984
mn.device-50,2026-07-02 09:27:52,0.0013519977895024523
mn.device-50,2026-07-02 09:28:07,0.0014705503810330215
mn.device-50,2026-07-02 09:28:22,0.0014489302388069722
mn.device-50,2026-07-02 09:28:37,0.0015375158820095458
mn.device-50,2026-07-02 09:28:52,0.0015832830156128689
mn.device-50,2026-07-02 09:29:07,0.001401001467668132
mn.device-50,2026-07-02 09:29:22,0.00137509504866138
mn.device-50,2026-07-02 09:29:37,0.0013526627834408167
mn.device-50,2026-07-02 09:29:52,0.0012956335602120497
mn.device-50,2026-07-02 09:30:07,0.0012550292690507864
mn.device-50,2026-07-02 09:30:22,0.0013909964943945021
mn.device-50,2026-07-02 09:30:37,0.0012969096604859877
mn.device-50,2026-07-02 09:30:52,0.0013868291020616807
mn.device-50,2026-07-02 09:31:07,0.0013272489557510081
mn.device-50,2026-07-02 09:31:22,0.0014233736267520727
mn.device-50,2026-07-02 09:31:37,0.0014138880339249675
mn.device-50,2026-07-02 09:31:52,0.0016355936031903456
mn.device-50,2026-07-02 09:32:07,0.0016038489469862012
mn.device-50,2026-07-02 09:32:22,0.0016269579554822778
mn.device-50,2026-07-02 09:32:37,0.001530354566068853
mn.device-50,2026-07-02 09:32:52,0.0011695164348473571
mn.device-50,2026-07-02 09:33:07,0.0011581271379008154
mn.device-50,2026-07-02 09:33:22,0.0016175120731582034
mn.device-50,2026-07-02 09:33:37,0.0015090575711787593
mn.device-50,2026-07-02 09:33:52,0.001600047520450767
mn.device-50,2026-07-02 09:34:07,0.0011193378731062297
mn.device-98,2026-07-02 09:24:22,0
mn.device-98,2026-07-02 09:24:37,0
mn.device-98,2026-07-02 09:24:52,0
mn.device-98,2026-07-02 09:25:07,0
mn.device-98,2026-07-02 09:25:22,0
mn.device-98,2026-07-02 09:25:37,0
mn.device-98,2026-07-02 09:25:52,0
mn.device-98,2026-07-02 09:26:07,0
mn.device-98,2026-07-02 09:26:22,0
mn.device-98,2026-07-02 09:26:37,0
mn.device-98,2026-07-02 09:26:52,0
mn.device-98,2026-07-02 09:27:07,0.030953413394288837
mn.device-98,2026-07-02 09:27:22,0.031291574677825125
mn.device-98,2026-07-02 09:27:37,0.031582195159287674
mn.device-98,2026-07-02 09:27:52,0.00115294636682059
mn.device-98,2026-07-02 09:28:07,0.0012707826850351137
mn.device-98,2026-07-02 09:28:22,0.0018266634891994475
mn.device-98,2026-07-02 09:28:37,0.0018758456350600645
mn.device-98,2026-07-02 09:28:52,0.0020437496793172453
mn.device-98,2026-07-02 09:29:07,0.002041400455627686
mn.device-98,2026-07-02 09:29:22,0.0017378115944484988
mn.device-98,2026-07-02 09:29:37,0.0015369362363919126
mn.device-98,2026-07-02 09:29:52,0.001453806368737744
mn.device-98,2026-07-02 09:30:07,0.001610631059704028
mn.device-98,2026-07-02 09:30:22,0.0017789786777802797
mn.device-98,2026-07-02 09:30:37,0.0017948861042057721
mn.device-98,2026-07-02 09:30:52,0.0018283179802115307
mn.device-98,2026-07-02 09:31:07,0.0017167376104757484
mn.device-98,2026-07-02 09:31:22,0.0014481605921580043
mn.device-98,2026-07-02 09:31:37,0.0013847803151482143
mn.device-98,2026-07-02 09:31:52,0.0015365204718004307
mn.device-98,2026-07-02 09:32:07,0.0018965020576131675
mn.device-98,2026-07-02 09:32:22,0.0020348309021409362
mn.device-98,2026-07-02 09:32:37,0.002058122613891223
mn.device-98,2026-07-02 09:32:52,0.0013844077412587408
mn.device-98,2026-07-02 09:33:07,0.0013665610821355322
mn.device-98,2026-07-02 09:33:22,0.0012311037130142356
mn.device-98,2026-07-02 09:33:37,0.001217270956497971
mn.device-98,2026-07-02 09:33:52,0.001251190804915092
mn.device-98,2026-07-02 09:34:07,0.001154057142857136
mn.device-64,2026-07-02 09:24:22,0
mn.device-64,2026-07-02 09:24:37,0
mn.device-64,2026-07-02 09:24:52,0
mn.device-64,2026-07-02 09:25:07,0
mn.device-64,2026-07-02 09:25:22,0
mn.device-64,2026-07-02 09:25:37,0
mn.device-64,2026-07-02 09:25:52,0
mn.device-64,2026-07-02 09:26:07,0
mn.device-64,2026-07-02 09:26:22,0.008207162656993259
mn.device-64,2026-07-02 09:26:37,0.009150989120533491
mn.device-64,2026-07-02 09:26:52,0.009152640531189898
mn.device-64,2026-07-02 09:27:07,0.009769903312075704
mn.device-64,2026-07-02 09:27:22,0.0021242169956269944
mn.device-64,2026-07-02 09:27:37,0.0016090302719343264
mn.device-64,2026-07-02 09:27:52,0.0014059369248210687
mn.device-64,2026-07-02 09:28:07,0.0014509505446180895
mn.device-64,2026-07-02 09:28:22,0.00114284980040775
mn.device-64,2026-07-02 09:28:37,0.0015729546938020292
mn.device-64,2026-07-02 09:28:52,0.002162204778984942
mn.device-64,2026-07-02 09:29:07,0.002146485828316311
mn.device-64,2026-07-02 09:29:22,0.002129632207105328
mn.device-64,2026-07-02 09:29:37,0.0016524559461990284
mn.device-64,2026-07-02 09:29:52,0.0012512286788089037
mn.device-64,2026-07-02 09:30:07,0.0014078890855051807
mn.device-64,2026-07-02 09:30:22,0.0014097975451774509
mn.device-64,2026-07-02 09:30:37,0.001596619860422099
mn.device-64,2026-07-02 09:30:52,0.00163827454473815
mn.device-64,2026-07-02 09:31:07,0.0014446456373113088
mn.device-64,2026-07-02 09:31:22,0.0014276043434000695
mn.device-64,2026-07-02 09:31:37,0.0011735090563603741
mn.device-64,2026-07-02 09:31:52,0.0011973019692912592
mn.device-64,2026-07-02 09:32:07,0.0015373705881356237
mn.device-64,2026-07-02 09:32:22,0.0016136427320490362
mn.device-64,2026-07-02 09:32:37,0.0015566558495868311
mn.device-64,2026-07-02 09:32:52,0.001113729668959616
mn.device-64,2026-07-02 09:33:07,0.0011714644018947424
mn.device-64,2026-07-02 09:33:22,0.001286823296056906
mn.device-64,2026-07-02 09:33:37,0.0013928224197042333
mn.device-64,2026-07-02 09:33:52,0.0013829998799910867
mn.device-64,2026-07-02 09:34:07,0.001137248484848484
mn.device-83,2026-07-02 09:24:22,0
mn.device-83,2026-07-02 09:24:37,0
mn.device-83,2026-07-02 09:24:52,0
mn.device-83,2026-07-02 09:25:07,0
mn.device-83,2026-07-02 09:25:22,0
mn.device-83,2026-07-02 09:25:37,0
mn.device-83,2026-07-02 09:25:52,0
mn.device-83,2026-07-02 09:26:07,0
mn.device-83,2026-07-02 09:26:22,0
mn.device-83,2026-07-02 09:26:37,0.006483257864156694
mn.device-83,2026-07-02 09:26:52,0.006575625857012694
mn.device-83,2026-07-02 09:27:07,0.0071924301623091606
mn.device-83,2026-07-02 09:27:22,0.007667548809982824
mn.device-83,2026-07-02 09:27:37,0.0012661587365659227
mn.device-83,2026-07-02 09:27:52,0.0014466272303413385
mn.device-83,2026-07-02 09:28:07,0.0013754591583946948
mn.device-83,2026-07-02 09:28:22,0.001270885600669022
mn.device-83,2026-07-02 09:28:37,0.001539639705882353
mn.device-83,2026-07-02 09:28:52,0.0016145484389655635
mn.device-83,2026-07-02 09:29:07,0.0017115110910542561
mn.device-83,2026-07-02 09:29:22,0.0015899651567944256
mn.device-83,2026-07-02 09:29:37,0.0014681977618172708
mn.device-83,2026-07-02 09:29:52,0.0012438646877740902
mn.device-83,2026-07-02 09:30:07,0.0015723345557312524
mn.device-83,2026-07-02 09:30:22,0.0018497084974289273
mn.device-83,2026-07-02 09:30:37,0.0019735474402141073
mn.device-83,2026-07-02 09:30:52,0.002017218118654931
mn.device-83,2026-07-02 09:31:07,0.0018556113960309438
mn.device-83,2026-07-02 09:31:22,0.001450732174627068
mn.device-83,2026-07-02 09:31:37,0.0014669777277991312
mn.device-83,2026-07-02 09:31:52,0.0013193257319580635
mn.device-83,2026-07-02 09:32:07,0.001631262525050097
mn.device-83,2026-07-02 09:32:22,0.001762386144079494
mn.device-83,2026-07-02 09:32:37,0.0018220117970349902
mn.device-83,2026-07-02 09:32:52,0.0012191393448808257
mn.device-83,2026-07-02 09:33:07,0.001256312113547676
mn.device-83,2026-07-02 09:33:22,0.00132049670705344
mn.device-83,2026-07-02 09:33:37,0.0014454994108505936
mn.device-83,2026-07-02 09:33:52,0.001453909045339047
mn.device-83,2026-07-02 09:34:07,0.0012740234375
mn.device-47,2026-07-02 09:24:22,0
mn.device-47,2026-07-02 09:24:37,0
mn.device-47,2026-07-02 09:24:52,0
mn.device-47,2026-07-02 09:25:07,0
mn.device-47,2026-07-02 09:25:22,0
mn.device-47,2026-07-02 09:25:37,0
mn.device-47,2026-07-02 09:25:52,0
mn.device-47,2026-07-02 09:26:07,0
mn.device-47,2026-07-02 09:26:22,0.007413851167625895
mn.device-47,2026-07-02 09:26:37,0.007851513322410969
mn.device-47,2026-07-02 09:26:52,0.008094568560173786
mn.device-47,2026-07-02 09:27:07,0.0018135879203181775
mn.device-47,2026-07-02 09:27:22,0.0016320177398837959
mn.device-47,2026-07-02 09:27:37,0.0015583160330803524
mn.device-47,2026-07-02 09:27:52,0.0013188401816869738
mn.device-47,2026-07-02 09:28:07,0.0013123914839101175
mn.device-47,2026-07-02 09:28:22,0.0012908720768374155
mn.device-47,2026-07-02 09:28:37,0.0022443470550117662
mn.device-47,2026-07-02 09:28:52,0.0022748583204533755
mn.device-47,2026-07-02 09:29:07,0.0022432368336354246
mn.device-47,2026-07-02 09:29:22,0.0019692605879252597
mn.device-47,2026-07-02 09:29:37,0.001327024004129742
mn.device-47,2026-07-02 09:29:52,0.0012949926058396682
mn.device-47,2026-07-02 09:30:07,0.00166114994517544
mn.device-47,2026-07-02 09:30:22,0.0017293611646839956
mn.device-47,2026-07-02 09:30:37,0.0018103747487070237
mn.device-47,2026-07-02 09:30:52,0.0020757097791798103
mn.device-47,2026-07-02 09:31:07,0.0017216141787883066
mn.device-47,2026-07-02 09:31:22,0.0018759065407772308
mn.device-47,2026-07-02 09:31:37,0.0018656785153851412
mn.device-47,2026-07-02 09:31:52,0.0017912729858782913
mn.device-47,2026-07-02 09:32:07,0.0018350751366120208
mn.device-47,2026-07-02 09:32:22,0.0017512279102739384
mn.device-47,2026-07-02 09:32:37,0.0017808685585876964
mn.device-47,2026-07-02 09:32:52,0.001531434666666666
mn.device-47,2026-07-02 09:33:07,0.0016444728501914402
mn.device-47,2026-07-02 09:33:22,0.001621062768099448
mn.device-47,2026-07-02 09:33:37,0.0016488291472657442
mn.device-47,2026-07-02 09:33:52,0.0013802593414093157
mn.device-47,2026-07-02 09:34:07,0.0012686858357730379
mn.device-23,2026-07-02 09:24:22,0
mn.device-23,2026-07-02 09:24:37,0
mn.device-23,2026-07-02 09:24:52,0
mn.device-23,2026-07-02 09:25:07,0
mn.device-23,2026-07-02 09:25:22,0
mn.device-23,2026-07-02 09:25:37,0
mn.device-23,2026-07-02 09:25:52,0.007320747631646325
mn.device-23,2026-07-02 09:26:07,0.007858956646438502
mn.device-23,2026-07-02 09:26:22,0.00816592870802681
mn.device-23,2026-07-02 09:26:37,0.008570393410124074
mn.device-23,2026-07-02 09:26:52,0.0012651008001418888
mn.device-23,2026-07-02 09:27:07,0.0014830947304294852
mn.device-23,2026-07-02 09:27:22,0.0015154263116626324
mn.device-23,2026-07-02 09:27:37,0.0013655941923523406
mn.device-23,2026-07-02 09:27:52,0.0013685882784026334
mn.device-23,2026-07-02 09:28:07,0.00133269546663054
mn.device-23,2026-07-02 09:28:22,0.0017311928189193862
mn.device-23,2026-07-02 09:28:37,0.001648922708618331
mn.device-23,2026-07-02 09:28:52,0.0018248914365120727
mn.device-23,2026-07-02 09:29:07,0.0017888588314351195
mn.device-23,2026-07-02 09:29:22,0.001467884067683029
mn.device-23,2026-07-02 09:29:37,0.0013890707718027303
mn.device-23,2026-07-02 09:29:52,0.0013807986954527686
mn.device-23,2026-07-02 09:30:07,0.0015374414976599068
mn.device-23,2026-07-02 09:30:22,0.0019509853905522057
mn.device-23,2026-07-02 09:30:37,0.0019010972392586496
mn.device-23,2026-07-02 09:30:52,0.00195370946553274
mn.device-23,2026-07-02 09:31:07,0.0014656204690831546
mn.device-23,2026-07-02 09:31:22,0.0013075985578143762
mn.device-23,2026-07-02 09:31:37,0.0012049630346047892
mn.device-23,2026-07-02 09:31:52,0.0013229972375690595
mn.device-23,2026-07-02 09:32:07,0.0013504623628035597
mn.device-23,2026-07-02 09:32:22,0.001465751752519792
mn.device-23,2026-07-02 09:32:37,0.0013153439153439166
mn.device-23,2026-07-02 09:32:52,0.0013797719467875844
mn.device-23,2026-07-02 09:33:07,0.0011018346097000187
mn.device-23,2026-07-02 09:33:22,0.0013088109054699034
mn.device-23,2026-07-02 09:33:37,0.0013876841243862523
mn.device-23,2026-07-02 09:33:52,0.0015297198309058863
mn.device-23,2026-07-02 09:34:07,0.0013527421875000006
mn.device-4,2026-07-02 09:24:22,0
mn.device-4,2026-07-02 09:24:37,0
mn.device-4,2026-07-02 09:24:52,0
mn.device-4,2026-07-02 09:25:07,0
mn.device-4,2026-07-02 09:25:22,0
mn.device-4,2026-07-02 09:25:37,0.006084765395387435
mn.device-4,2026-07-02 09:25:52,0.006997220085320653
mn.device-4,2026-07-02 09:26:07,0.0071873570925095
mn.device-4,2026-07-02 09:26:22,0.00761258021173793
mn.device-4,2026-07-02 09:26:37,0.001811848057015767
mn.device-4,2026-07-02 09:26:52,0.0010974550879331631
mn.device-4,2026-07-02 09:27:07,0.0014021023149668923
mn.device-4,2026-07-02 09:27:22,0.0013576433230939155
mn.device-4,2026-07-02 09:27:37,0.001255407080865134
mn.device-4,2026-07-02 09:27:52,0.0011517962596299227
mn.device-4,2026-07-02 09:28:07,0.001195320324641685
mn.device-4,2026-07-02 09:28:22,0.0014192549197851953
mn.device-4,2026-07-02 09:28:37,0.002066242811609357
mn.device-4,2026-07-02 09:28:52,0.002087220647876329
mn.device-4,2026-07-02 09:29:07,0.0021006422519814156
mn.device-4,2026-07-02 09:29:22,0.0019305618289844006
mn.device-4,2026-07-02 09:29:37,0.0012933623615730113
mn.device-4,2026-07-02 09:29:52,0.001320740959358345
mn.device-4,2026-07-02 09:30:07,0.0013505972710744082
mn.device-4,2026-07-02 09:30:22,0.001935210883557396
mn.device-4,2026-07-02 09:30:37,0.0021459312685617317
mn.device-4,2026-07-02 09:30:52,0.002137830209407271
mn.device-4,2026-07-02 09:31:07,0.0020947277037630637
mn.device-4,2026-07-02 09:31:22,0.0014530582724893233
mn.device-4,2026-07-02 09:31:37,0.0013762496528742013
mn.device-4,2026-07-02 09:31:52,0.0013878010237383636
mn.device-4,2026-07-02 09:32:07,0.001343413117386773
mn.device-4,2026-07-02 09:32:22,0.0016660347769141962
mn.device-4,2026-07-02 09:32:37,0.0015578064494309802
mn.device-4,2026-07-02 09:32:52,0.0013478096716680256
mn.device-4,2026-07-02 09:33:07,0.0013230183918009379
mn.device-4,2026-07-02 09:33:22,0.0010291176010158098
mn.device-4,2026-07-02 09:33:37,0.0013233712812985396
mn.device-4,2026-07-02 09:33:52,0.0013738248689524795
mn.device-4,2026-07-02 09:34:07,0.0013657781417945331
mn.device-87,2026-07-02 09:24:22,0
mn.device-87,2026-07-02 09:24:37,0
mn.device-87,2026-07-02 09:24:52,0
mn.device-87,2026-07-02 09:25:07,0
mn.device-87,2026-07-02 09:25:22,0
mn.device-87,2026-07-02 09:25:37,0
mn.device-87,2026-07-02 09:25:52,0
mn.device-87,2026-07-02 09:26:07,0
mn.device-87,2026-07-02 09:26:22,0
mn.device-87,2026-07-02 09:26:37,0
mn.device-87,2026-07-02 09:26:52,0.013364446432996939
mn.device-87,2026-07-02 09:27:07,0.013791395492224428
mn.device-87,2026-07-02 09:27:22,0.01397603925126861
mn.device-87,2026-07-02 09:27:37,0.014428246091094494
mn.device-87,2026-07-02 09:27:52,0.001525789205626957
mn.device-87,2026-07-02 09:28:07,0.0012916717010442726
mn.device-87,2026-07-02 09:28:22,0.0011854776308384937
mn.device-87,2026-07-02 09:28:37,0.0013893790001729815
mn.device-87,2026-07-02 09:28:52,0.0014418285365605623
mn.device-87,2026-07-02 09:29:07,0.001531407142248358
mn.device-87,2026-07-02 09:29:22,0.0014299441454594837
mn.device-87,2026-07-02 09:29:37,0.0013429623819105761
mn.device-87,2026-07-02 09:29:52,0.0012601830586328
mn.device-87,2026-07-02 09:30:07,0.0012831486304751187
mn.device-87,2026-07-02 09:30:22,0.0012703779034987286
mn.device-87,2026-07-02 09:30:37,0.0013661903859080633
mn.device-87,2026-07-02 09:30:52,0.001398820948724978
mn.device-87,2026-07-02 09:31:07,0.001339696523716881
mn.device-87,2026-07-02 09:31:22,0.001353741960797691
mn.device-87,2026-07-02 09:31:37,0.0013633097812207366
mn.device-87,2026-07-02 09:31:52,0.0013697612001926898
mn.device-87,2026-07-02 09:32:07,0.0015037917606066818
mn.device-87,2026-07-02 09:32:22,0.0020479339690351703
mn.device-87,2026-07-02 09:32:37,0.0019756142963514526
mn.device-87,2026-07-02 09:32:52,0.0017896666666666673
mn.device-87,2026-07-02 09:33:07,0.001806677129342218
mn.device-87,2026-07-02 09:33:22,0.0014975211180016919
mn.device-87,2026-07-02 09:33:37,0.0016418141478767886
mn.device-87,2026-07-02 09:33:52,0.0016941217999361235
mn.device-87,2026-07-02 09:34:07,0.001407143344978293
mn.device-94,2026-07-02 09:24:22,0
mn.device-94,2026-07-02 09:24:37,0
mn.device-94,2026-07-02 09:24:52,0
mn.device-94,2026-07-02 09:25:07,0
mn.device-94,2026-07-02 09:25:22,0
mn.device-94,2026-07-02 09:25:37,0
mn.device-94,2026-07-02 09:25:52,0
mn.device-94,2026-07-02 09:26:07,0
mn.device-94,2026-07-02 09:26:22,0
mn.device-94,2026-07-02 09:26:37,0
mn.device-94,2026-07-02 09:26:52,0
mn.device-94,2026-07-02 09:27:07,0.02768643426842684
mn.device-94,2026-07-02 09:27:22,0.028046146260180572
mn.device-94,2026-07-02 09:27:37,0.02822282067300387
mn.device-94,2026-07-02 09:27:52,0.0015794883929388774
mn.device-94,2026-07-02 09:28:07,0.00164474125237106
mn.device-94,2026-07-02 09:28:22,0.001561774755866998
mn.device-94,2026-07-02 09:28:37,0.0015426779864022282
mn.device-94,2026-07-02 09:28:52,0.0018006712564543894
mn.device-94,2026-07-02 09:29:07,0.0017356885339802587
mn.device-94,2026-07-02 09:29:22,0.0015625431310254778
mn.device-94,2026-07-02 09:29:37,0.0013008425433210528
mn.device-94,2026-07-02 09:29:52,0.0013278093461114417
mn.device-94,2026-07-02 09:30:07,0.0012522062714439312
mn.device-94,2026-07-02 09:30:22,0.0012746855744070202
mn.device-94,2026-07-02 09:30:37,0.0012756527120373323
mn.device-94,2026-07-02 09:30:52,0.0012883181441590722
mn.device-94,2026-07-02 09:31:07,0.0011564394775726526
mn.device-94,2026-07-02 09:31:22,0.001220410355942193
mn.device-94,2026-07-02 09:31:37,0.0011011978735156025
mn.device-94,2026-07-02 09:31:52,0.001169702186262694
mn.device-94,2026-07-02 09:32:07,0.0011018566182779055
mn.device-94,2026-07-02 09:32:22,0.0012478132126204002
mn.device-94,2026-07-02 09:32:37,0.001204342618055443
mn.device-94,2026-07-02 09:32:52,0.0013213412979157179
mn.device-94,2026-07-02 09:33:07,0.0012719425776316826
mn.device-94,2026-07-02 09:33:22,0.0016485951991271179
mn.device-94,2026-07-02 09:33:37,0.0016948975036912453
mn.device-94,2026-07-02 09:33:52,0.0021133364066314923
mn.device-94,2026-07-02 09:34:07,0.0019352537307873248
mn.device-31,2026-07-02 09:24:22,0
mn.device-31,2026-07-02 09:24:37,0
mn.device-31,2026-07-02 09:24:52,0
mn.device-31,2026-07-02 09:25:07,0
mn.device-31,2026-07-02 09:25:22,0
mn.device-31,2026-07-02 09:25:37,0
mn.device-31,2026-07-02 09:25:52,0
mn.device-31,2026-07-02 09:26:07,0.008542624625328621
mn.device-31,2026-07-02 09:26:22,0.009220266832788246
mn.device-31,2026-07-02 09:26:37,0.009557045294767499
mn.device-31,2026-07-02 09:26:52,0.0017574660085059293
mn.device-31,2026-07-02 09:27:07,0.0018007010943912446
mn.device-31,2026-07-02 09:27:22,0.0017296906620410525
mn.device-31,2026-07-02 09:27:37,0.0014293458557049872
mn.device-31,2026-07-02 09:27:52,0.0014011191436118444
mn.device-31,2026-07-02 09:28:07,0.0012785157802000374
mn.device-31,2026-07-02 09:28:22,0.0012757687951175816
mn.device-31,2026-07-02 09:28:37,0.001244735642276972
mn.device-31,2026-07-02 09:28:52,0.0013345508771341922
mn.device-31,2026-07-02 09:29:07,0.0013163612253918587
mn.device-31,2026-07-02 09:29:22,0.0013482897488635767
mn.device-31,2026-07-02 09:29:37,0.0012788477487944432
mn.device-31,2026-07-02 09:29:52,0.001191627700604118
mn.device-31,2026-07-02 09:30:07,0.001160086095566078
mn.device-31,2026-07-02 09:30:22,0.001471547857058853
mn.device-31,2026-07-02 09:30:37,0.0018389308561317544
mn.device-31,2026-07-02 09:30:52,0.0019046850032298655
mn.device-31,2026-07-02 09:31:07,0.001805304164398477
mn.device-31,2026-07-02 09:31:22,0.0014255935445808279
mn.device-31,2026-07-02 09:31:37,0.0012712620847294721
mn.device-31,2026-07-02 09:31:52,0.0017681012918479937
mn.device-31,2026-07-02 09:32:07,0.0018757853380975775
mn.device-31,2026-07-02 09:32:22,0.0025080661805173365
mn.device-31,2026-07-02 09:32:37,0.002433934563758392
mn.device-31,2026-07-02 09:32:52,0.001907708333333335
mn.device-31,2026-07-02 09:33:07,0.0016095399882173486
mn.device-31,2026-07-02 09:33:22,0.0014821712507189014
mn.device-31,2026-07-02 09:33:37,0.0014919548159006643
mn.device-31,2026-07-02 09:33:52,0.0013592742693958504
mn.device-31,2026-07-02 09:34:07,0.0011080086021505375
mn.device-74,2026-07-02 09:24:22,0
mn.device-74,2026-07-02 09:24:37,0
mn.device-74,2026-07-02 09:24:52,0
mn.device-74,2026-07-02 09:25:07,0
mn.device-74,2026-07-02 09:25:22,0
mn.device-74,2026-07-02 09:25:37,0
mn.device-74,2026-07-02 09:25:52,0
mn.device-74,2026-07-02 09:26:07,0
mn.device-74,2026-07-02 09:26:22,0
mn.device-74,2026-07-02 09:26:37,0.007242604884043586
mn.device-74,2026-07-02 09:26:52,0.007969784336848236
mn.device-74,2026-07-02 09:27:07,0.008814547961734033
mn.device-74,2026-07-02 09:27:22,0.009059234631564661
mn.device-74,2026-07-02 09:27:37,0.0014379579375848035
mn.device-74,2026-07-02 09:27:52,0.00134970422234598
mn.device-74,2026-07-02 09:28:07,0.0012537798453855096
mn.device-74,2026-07-02 09:28:22,0.001629585004389212
mn.device-74,2026-07-02 09:28:37,0.0015491787932941886
mn.device-74,2026-07-02 09:28:52,0.0019041813023507163
mn.device-74,2026-07-02 09:29:07,0.0018070672331242826
mn.device-74,2026-07-02 09:29:22,0.0015483718768353554
mn.device-74,2026-07-02 09:29:37,0.0011934480613725882
mn.device-74,2026-07-02 09:29:52,0.001262756557674684
mn.device-74,2026-07-02 09:30:07,0.0013081967783460321
mn.device-74,2026-07-02 09:30:22,0.001481484293560825
mn.device-74,2026-07-02 09:30:37,0.0014191813666723774
mn.device-74,2026-07-02 09:30:52,0.0016238326613597985
mn.device-74,2026-07-02 09:31:07,0.0013070045462199025
mn.device-74,2026-07-02 09:31:22,0.0013954136122075833
mn.device-74,2026-07-02 09:31:37,0.001310534053610503
mn.device-74,2026-07-02 09:31:52,0.0014604472147005218
mn.device-74,2026-07-02 09:32:07,0.001982059593350784
mn.device-74,2026-07-02 09:32:22,0.0020659902790523773
mn.device-74,2026-07-02 09:32:37,0.00195626881665561
mn.device-74,2026-07-02 09:32:52,0.0012508275862068972
mn.device-74,2026-07-02 09:33:07,0.0011950195564704846
mn.device-74,2026-07-02 09:33:22,0.001720494711474093
mn.device-74,2026-07-02 09:33:37,0.0017692719948826973
mn.device-74,2026-07-02 09:33:52,0.0016839618690210926
mn.device-74,2026-07-02 09:34:07,0.00116781601881273
mn.device-65,2026-07-02 09:24:22,0
mn.device-65,2026-07-02 09:24:37,0
mn.device-65,2026-07-02 09:24:52,0
mn.device-65,2026-07-02 09:25:07,0
mn.device-65,2026-07-02 09:25:22,0
mn.device-65,2026-07-02 09:25:37,0
mn.device-65,2026-07-02 09:25:52,0
mn.device-65,2026-07-02 09:26:07,0
mn.device-65,2026-07-02 09:26:22,0.008095691044240894
mn.device-65,2026-07-02 09:26:37,0.008601850707239043
mn.device-65,2026-07-02 09:26:52,0.008903743565622117
mn.device-65,2026-07-02 09:27:07,0.009409471463090903
mn.device-65,2026-07-02 09:27:22,0.0018738961375615653
mn.device-65,2026-07-02 09:27:37,0.001266947147877805
mn.device-65,2026-07-02 09:27:52,0.0011613975263668028
mn.device-65,2026-07-02 09:28:07,0.001157207612515493
mn.device-65,2026-07-02 09:28:22,0.0016920640356133901
mn.device-65,2026-07-02 09:28:37,0.0016892218017945167
mn.device-65,2026-07-02 09:28:52,0.0018352860212165988
mn.device-65,2026-07-02 09:29:07,0.002033207728969873
mn.device-65,2026-07-02 09:29:22,0.0016126843562863566
mn.device-65,2026-07-02 09:29:37,0.0014493856389805732
mn.device-65,2026-07-02 09:29:52,0.0014761741043801152
mn.device-65,2026-07-02 09:30:07,0.0013811327049795643
mn.device-65,2026-07-02 09:30:22,0.0014577405149051484
mn.device-65,2026-07-02 09:30:37,0.001413455002718869
mn.device-65,2026-07-02 09:30:52,0.001738074017418958
mn.device-65,2026-07-02 09:31:07,0.0014669668039215956
mn.device-65,2026-07-02 09:31:22,0.0014542127470439357
mn.device-65,2026-07-02 09:31:37,0.00142753270247704
mn.device-65,2026-07-02 09:31:52,0.0014903966701770206
mn.device-65,2026-07-02 09:32:07,0.0016662374673808563
mn.device-65,2026-07-02 09:32:22,0.001811174481745842
mn.device-65,2026-07-02 09:32:37,0.0017428350636696582
mn.device-65,2026-07-02 09:32:52,0.0018687385559177118
mn.device-65,2026-07-02 09:33:07,0.0018732300405015913
mn.device-65,2026-07-02 09:33:22,0.002286961482608396
mn.device-65,2026-07-02 09:33:37,0.0022502705395331247
mn.device-65,2026-07-02 09:33:52,0.001592692991695012
mn.device-65,2026-07-02 09:34:07,0.0011143626425021895
mn.device-6,2026-07-02 09:24:22,0
mn.device-6,2026-07-02 09:24:37,0
mn.device-6,2026-07-02 09:24:52,0
mn.device-6,2026-07-02 09:25:07,0
mn.device-6,2026-07-02 09:25:22,0
mn.device-6,2026-07-02 09:25:37,0.008857293832293832
mn.device-6,2026-07-02 09:25:52,0.009531291006359138
mn.device-6,2026-07-02 09:26:07,0.009875631473127543
mn.device-6,2026-07-02 09:26:22,0.010469573690123399
mn.device-6,2026-07-02 09:26:37,0.001629224397975358
mn.device-6,2026-07-02 09:26:52,0.0010979193398125173
mn.device-6,2026-07-02 09:27:07,0.0013908293952469013
mn.device-6,2026-07-02 09:27:22,0.00148856178983233
mn.device-6,2026-07-02 09:27:37,0.0015323238703289577
mn.device-6,2026-07-02 09:27:52,0.001567235525501161
mn.device-6,2026-07-02 09:28:07,0.001590854017378058
mn.device-6,2026-07-02 09:28:22,0.0017482848250236762
mn.device-6,2026-07-02 09:28:37,0.0022653007892123552
mn.device-6,2026-07-02 09:28:52,0.002380431046335763
mn.device-6,2026-07-02 09:29:07,0.0023663412526997835
mn.device-6,2026-07-02 09:29:22,0.002018987741673106
mn.device-6,2026-07-02 09:29:37,0.00137952567706317
mn.device-6,2026-07-02 09:29:52,0.0015417034871864576
mn.device-6,2026-07-02 09:30:07,0.0016908953848731026
mn.device-6,2026-07-02 09:30:22,0.0022722538368684275
mn.device-6,2026-07-02 09:30:37,0.0023435792468212806
mn.device-6,2026-07-02 09:30:52,0.0021890715419675298
mn.device-6,2026-07-02 09:31:07,0.0020230941742420375
mn.device-6,2026-07-02 09:31:22,0.0014727762620528346
mn.device-6,2026-07-02 09:31:37,0.0014308269291945046
mn.device-6,2026-07-02 09:31:52,0.0013126940324249762
mn.device-6,2026-07-02 09:32:07,0.0014102245661789742
mn.device-6,2026-07-02 09:32:22,0.0016345149348344227
mn.device-6,2026-07-02 09:32:37,0.0016034676679759809
mn.device-6,2026-07-02 09:32:52,0.001281998076923077
mn.device-6,2026-07-02 09:33:07,0.0013476709586637337
mn.device-6,2026-07-02 09:33:22,0.0012786862431285228
mn.device-6,2026-07-02 09:33:37,0.0013720418271876728
mn.device-6,2026-07-02 09:33:52,0.0014251261142975606
mn.device-6,2026-07-02 09:34:07,0.0011489124966608697
mn.device-82,2026-07-02 09:24:22,0
mn.device-82,2026-07-02 09:24:37,0
mn.device-82,2026-07-02 09:24:52,0
mn.device-82,2026-07-02 09:25:07,0
mn.device-82,2026-07-02 09:25:22,0
mn.device-82,2026-07-02 09:25:37,0
mn.device-82,2026-07-02 09:25:52,0
mn.device-82,2026-07-02 09:26:07,0
mn.device-82,2026-07-02 09:26:22,0
mn.device-82,2026-07-02 09:26:37,0.01107852091227825
mn.device-82,2026-07-02 09:26:52,0.011494343539992588
mn.device-82,2026-07-02 09:27:07,0.012373397299096853
mn.device-82,2026-07-02 09:27:22,0.01294836867157075
mn.device-82,2026-07-02 09:27:37,0.0018480980770845586
mn.device-82,2026-07-02 09:27:52,0.0019174160806691995
mn.device-82,2026-07-02 09:28:07,0.0013071173220669482
mn.device-82,2026-07-02 09:28:22,0.0014288174992056462
mn.device-82,2026-07-02 09:28:37,0.0016415185839481802
mn.device-82,2026-07-02 09:28:52,0.0018215283285630554
mn.device-82,2026-07-02 09:29:07,0.001815051260547348
mn.device-82,2026-07-02 09:29:22,0.0015951820815620606
mn.device-82,2026-07-02 09:29:37,0.0013857534617598244
mn.device-82,2026-07-02 09:29:52,0.001330512280216934
mn.device-82,2026-07-02 09:30:07,0.001362541413583655
mn.device-82,2026-07-02 09:30:22,0.0013728131263376043
mn.device-82,2026-07-02 09:30:37,0.001343138921952047
mn.device-82,2026-07-02 09:30:52,0.0013434182410202483
mn.device-82,2026-07-02 09:31:07,0.0014519580900034348
mn.device-82,2026-07-02 09:31:22,0.0013928589490719687
mn.device-82,2026-07-02 09:31:37,0.0014004104297440818
mn.device-82,2026-07-02 09:31:52,0.0014793648597225594
mn.device-82,2026-07-02 09:32:07,0.0014226255482171007
mn.device-82,2026-07-02 09:32:22,0.0021274333474396966
mn.device-82,2026-07-02 09:32:37,0.0021013003746842324
mn.device-82,2026-07-02 09:32:52,0.002004205056323824
mn.device-82,2026-07-02 09:33:07,0.0018863417304759082
mn.device-82,2026-07-02 09:33:22,0.0017648209577273148
mn.device-82,2026-07-02 09:33:37,0.0017669880983407172
mn.device-82,2026-07-02 09:33:52,0.0017850929323204676
mn.device-82,2026-07-02 09:34:07,0.0011635562448016187
mn.device-60,2026-07-02 09:24:22,0
mn.device-60,2026-07-02 09:24:37,0
mn.device-60,2026-07-02 09:24:52,0
mn.device-60,2026-07-02 09:25:07,0
mn.device-60,2026-07-02 09:25:22,0
mn.device-60,2026-07-02 09:25:37,0
mn.device-60,2026-07-02 09:25:52,0
mn.device-60,2026-07-02 09:26:07,0
mn.device-60,2026-07-02 09:26:22,0.010053106250000002
mn.device-60,2026-07-02 09:26:37,0.010602531383639122
mn.device-60,2026-07-02 09:26:52,0.010849745535683923
mn.device-60,2026-07-02 09:27:07,0.011439504686559463
mn.device-60,2026-07-02 09:27:22,0.0015666961431195154
mn.device-60,2026-07-02 09:27:37,0.0014149717612002347
mn.device-60,2026-07-02 09:27:52,0.0013093347980371287
mn.device-60,2026-07-02 09:28:07,0.0011818228524455403
mn.device-60,2026-07-02 09:28:22,0.0013047334244702666
mn.device-60,2026-07-02 09:28:37,0.0013032998324958136
mn.device-60,2026-07-02 09:28:52,0.0015410276653284732
mn.device-60,2026-07-02 09:29:07,0.0014379172920656286
mn.device-60,2026-07-02 09:29:22,0.0015040767050425155
mn.device-60,2026-07-02 09:29:37,0.001234945397815914
mn.device-60,2026-07-02 09:29:52,0.001268146124957322
mn.device-60,2026-07-02 09:30:07,0.0012158131634819552
mn.device-60,2026-07-02 09:30:22,0.0017400261499262435
mn.device-60,2026-07-02 09:30:37,0.001675973819447934
mn.device-60,2026-07-02 09:30:52,0.0018523434686422801
mn.device-60,2026-07-02 09:31:07,0.001241463868360079
mn.device-60,2026-07-02 09:31:22,0.0014561657869664102
mn.device-60,2026-07-02 09:31:37,0.0014067852323448981
mn.device-60,2026-07-02 09:31:52,0.0013979656706929447
mn.device-60,2026-07-02 09:32:07,0.0014203881306255528
mn.device-60,2026-07-02 09:32:22,0.0017833081259452746
mn.device-60,2026-07-02 09:32:37,0.0016860036515208916
mn.device-60,2026-07-02 09:32:52,0.0017469573816688943
mn.device-60,2026-07-02 09:33:07,0.001589060725629289
mn.device-60,2026-07-02 09:33:22,0.0015344549632983445
mn.device-60,2026-07-02 09:33:37,0.0014616360830046278
mn.device-60,2026-07-02 09:33:52,0.001448903734155532
mn.device-60,2026-07-02 09:34:07,0.0011147363636363657
mn.device-35,2026-07-02 09:24:22,0
mn.device-35,2026-07-02 09:24:37,0
mn.device-35,2026-07-02 09:24:52,0
mn.device-35,2026-07-02 09:25:07,0
mn.device-35,2026-07-02 09:25:22,0
mn.device-35,2026-07-02 09:25:37,0
mn.device-35,2026-07-02 09:25:52,0
mn.device-35,2026-07-02 09:26:07,0.009406618971820395
mn.device-35,2026-07-02 09:26:22,0.009701672719832218
mn.device-35,2026-07-02 09:26:37,0.010192013129102846
mn.device-35,2026-07-02 09:26:52,0.010413324447236383
mn.device-35,2026-07-02 09:27:07,0.0016610479594775446
mn.device-35,2026-07-02 09:27:22,0.0016231987010351127
mn.device-35,2026-07-02 09:27:37,0.0015627341945418777
mn.device-35,2026-07-02 09:27:52,0.001468522039757994
mn.device-35,2026-07-02 09:28:07,0.0013247770919067219
mn.device-35,2026-07-02 09:28:22,0.0013330900325909836
mn.device-35,2026-07-02 09:28:37,0.0015132392032312628
mn.device-35,2026-07-02 09:28:52,0.0015795732176111812
mn.device-35,2026-07-02 09:29:07,0.0015861330250272051
mn.device-35,2026-07-02 09:29:22,0.001582301767416272
mn.device-35,2026-07-02 09:29:37,0.0013216613041602647
mn.device-35,2026-07-02 09:29:52,0.0012842782120387527
mn.device-35,2026-07-02 09:30:07,0.0013176460612227586
mn.device-35,2026-07-02 09:30:22,0.0013570719857670724
mn.device-35,2026-07-02 09:30:37,0.001312090020038706
mn.device-35,2026-07-02 09:30:52,0.001617589421127073
mn.device-35,2026-07-02 09:31:07,0.0016110329250282357
mn.device-35,2026-07-02 09:31:22,0.0015599300675789268
mn.device-35,2026-07-02 09:31:37,0.0015744513705063623
mn.device-35,2026-07-02 09:31:52,0.001581818497491188
mn.device-35,2026-07-02 09:32:07,0.001565981712049127
mn.device-35,2026-07-02 09:32:22,0.001596147207070358
mn.device-35,2026-07-02 09:32:37,0.0015244781082578989
mn.device-35,2026-07-02 09:32:52,0.001370881443256505
mn.device-35,2026-07-02 09:33:07,0.0013933959829894487
mn.device-35,2026-07-02 09:33:22,0.0017280201971955913
mn.device-35,2026-07-02 09:33:37,0.0018139665661264764
mn.device-35,2026-07-02 09:33:52,0.0015923860663637588
mn.device-35,2026-07-02 09:34:07,0.0013032319297503875
mn.device-15,2026-07-02 09:24:22,0
mn.device-15,2026-07-02 09:24:37,0
mn.device-15,2026-07-02 09:24:52,0
mn.device-15,2026-07-02 09:25:07,0
mn.device-15,2026-07-02 09:25:22,0
mn.device-15,2026-07-02 09:25:37,0
mn.device-15,2026-07-02 09:25:52,0.016271689693641126
mn.device-15,2026-07-02 09:26:07,0.016444054402387734
mn.device-15,2026-07-02 09:26:22,0.017045058918091868
mn.device-15,2026-07-02 09:26:37,0.017750251867291997
mn.device-15,2026-07-02 09:26:52,0.0014526814038382573
mn.device-15,2026-07-02 09:27:07,0.001713989848405111
mn.device-15,2026-07-02 09:27:22,0.0017855376380513607
mn.device-15,2026-07-02 09:27:37,0.001465219227844893
mn.device-15,2026-07-02 09:27:52,0.001332893421052631
mn.device-15,2026-07-02 09:28:07,0.0014865130727413926
mn.device-15,2026-07-02 09:28:22,0.001529465313203138
mn.device-15,2026-07-02 09:28:37,0.0015212383879545529
mn.device-15,2026-07-02 09:28:52,0.0017085943326607136
mn.device-15,2026-07-02 09:29:07,0.0014862713684318145
mn.device-15,2026-07-02 09:29:22,0.001484135753749015
mn.device-15,2026-07-02 09:29:37,0.0013470799841649617
mn.device-15,2026-07-02 09:29:52,0.0011972351958544965
mn.device-15,2026-07-02 09:30:07,0.0012945096410149895
mn.device-15,2026-07-02 09:30:22,0.0015076248698397796
mn.device-15,2026-07-02 09:30:37,0.0015305363232406717
mn.device-15,2026-07-02 09:30:52,0.0016127188403812912
mn.device-15,2026-07-02 09:31:07,0.001330844538604794
mn.device-15,2026-07-02 09:31:22,0.0015141275000429956
mn.device-15,2026-07-02 09:31:37,0.0013408024301585415
mn.device-15,2026-07-02 09:31:52,0.0015140174311771937
mn.device-15,2026-07-02 09:32:07,0.0018363828770396643
mn.device-15,2026-07-02 09:32:22,0.0019015035500487287
mn.device-15,2026-07-02 09:32:37,0.0018665689149560123
mn.device-15,2026-07-02 09:32:52,0.001592293594836627
mn.device-15,2026-07-02 09:33:07,0.0010349956903119544
mn.device-15,2026-07-02 09:33:22,0.0014761188159447308
mn.device-15,2026-07-02 09:33:37,0.001442871344828767
mn.device-15,2026-07-02 09:33:52,0.0014967454846872008
mn.device-15,2026-07-02 09:34:07,0.0011438335147286626
mn.device-42,2026-07-02 09:24:22,0
mn.device-42,2026-07-02 09:24:37,0
mn.device-42,2026-07-02 09:24:52,0
mn.device-42,2026-07-02 09:25:07,0
mn.device-42,2026-07-02 09:25:22,0
mn.device-42,2026-07-02 09:25:37,0
mn.device-42,2026-07-02 09:25:52,0
mn.device-42,2026-07-02 09:26:07,0.011979350931517628
mn.device-42,2026-07-02 09:26:22,0.012261862315564514
mn.device-42,2026-07-02 09:26:37,0.01286665512499399
mn.device-42,2026-07-02 09:26:52,0.013512500481535386
mn.device-42,2026-07-02 09:27:07,0.0021900713631572586
mn.device-42,2026-07-02 09:27:22,0.002637967988384554
mn.device-42,2026-07-02 09:27:37,0.0018952935402528402
mn.device-42,2026-07-02 09:27:52,0.0018932067054963535
mn.device-42,2026-07-02 09:28:07,0.0014268864358082563
mn.device-42,2026-07-02 09:28:22,0.0014794178082191778
mn.device-42,2026-07-02 09:28:37,0.0016285414480587631
mn.device-42,2026-07-02 09:28:52,0.0021639889384659776
mn.device-42,2026-07-02 09:29:07,0.002117449779268334
mn.device-42,2026-07-02 09:29:22,0.002093553472739556
mn.device-42,2026-07-02 09:29:37,0.0015426472588763417
mn.device-42,2026-07-02 09:29:52,0.001280874807815227
mn.device-42,2026-07-02 09:30:07,0.001205551669424873
mn.device-42,2026-07-02 09:30:22,0.001636599633103737
mn.device-42,2026-07-02 09:30:37,0.0017203327076409068
mn.device-42,2026-07-02 09:30:52,0.0018729454472118602
mn.device-42,2026-07-02 09:31:07,0.0016105159671842147
mn.device-42,2026-07-02 09:31:22,0.0014006484323802297
mn.device-42,2026-07-02 09:31:37,0.0013255737306804992
mn.device-42,2026-07-02 09:31:52,0.0014361980294031083
mn.device-42,2026-07-02 09:32:07,0.0016243122509874272
mn.device-42,2026-07-02 09:32:22,0.0016718878389482353
mn.device-42,2026-07-02 09:32:37,0.0014410765834606926
mn.device-42,2026-07-02 09:32:52,0.0012149144831449213
mn.device-42,2026-07-02 09:33:07,0.0012127544494442792
mn.device-42,2026-07-02 09:33:22,0.001328308377175235
mn.device-42,2026-07-02 09:33:37,0.0014109797677356796
mn.device-42,2026-07-02 09:33:52,0.0013140118273822867
mn.device-42,2026-07-02 09:34:07,0.0011139402217120802
mn.device-57,2026-07-02 09:24:22,0
mn.device-57,2026-07-02 09:24:37,0
mn.device-57,2026-07-02 09:24:52,0
mn.device-57,2026-07-02 09:25:07,0
mn.device-57,2026-07-02 09:25:22,0
mn.device-57,2026-07-02 09:25:37,0
mn.device-57,2026-07-02 09:25:52,0
mn.device-57,2026-07-02 09:26:07,0
mn.device-57,2026-07-02 09:26:22,0.0081096640625
mn.device-57,2026-07-02 09:26:37,0.008615972637879436
mn.device-57,2026-07-02 09:26:52,0.008781010968019061
mn.device-57,2026-07-02 09:27:07,0.00990530836506529
mn.device-57,2026-07-02 09:27:22,0.0017757533166500967
mn.device-57,2026-07-02 09:27:37,0.0018209704406023407
mn.device-57,2026-07-02 09:27:52,0.0018201230484481841
mn.device-57,2026-07-02 09:28:07,0.0012994079407599522
mn.device-57,2026-07-02 09:28:22,0.0013272044585880018
mn.device-57,2026-07-02 09:28:37,0.0013515863888675385
mn.device-57,2026-07-02 09:28:52,0.0016952108940684442
mn.device-57,2026-07-02 09:29:07,0.0016901343609330235
mn.device-57,2026-07-02 09:29:22,0.0016346348987697206
mn.device-57,2026-07-02 09:29:37,0.0014039767135398422
mn.device-57,2026-07-02 09:29:52,0.0012863965047162625
mn.device-57,2026-07-02 09:30:07,0.0012958812840702608
mn.device-57,2026-07-02 09:30:22,0.0013383737806730335
mn.device-57,2026-07-02 09:30:37,0.0013184070187510753
mn.device-57,2026-07-02 09:30:52,0.001596683937823836
mn.device-57,2026-07-02 09:31:07,0.0017129009607645023
mn.device-57,2026-07-02 09:31:22,0.001632520353550322
mn.device-57,2026-07-02 09:31:37,0.0016664397896850398
mn.device-57,2026-07-02 09:31:52,0.0013759495606954087
mn.device-57,2026-07-02 09:32:07,0.0016194824961948233
mn.device-57,2026-07-02 09:32:22,0.001993660315620846
mn.device-57,2026-07-02 09:32:37,0.0019469115590572668
mn.device-57,2026-07-02 09:32:52,0.0016118750000000026
mn.device-57,2026-07-02 09:33:07,0.0016694030732386676
mn.device-57,2026-07-02 09:33:22,0.0014944639295784337
mn.device-57,2026-07-02 09:33:37,0.0015487977852589828
mn.device-57,2026-07-02 09:33:52,0.001396458814472669
mn.device-57,2026-07-02 09:34:07,0.0012973130342322013
mn.device-99,2026-07-02 09:24:22,0
mn.device-99,2026-07-02 09:24:37,0
mn.device-99,2026-07-02 09:24:52,0
mn.device-99,2026-07-02 09:25:07,0
mn.device-99,2026-07-02 09:25:22,0
mn.device-99,2026-07-02 09:25:37,0
mn.device-99,2026-07-02 09:25:52,0
mn.device-99,2026-07-02 09:26:07,0
mn.device-99,2026-07-02 09:26:22,0
mn.device-99,2026-07-02 09:26:37,0
mn.device-99,2026-07-02 09:26:52,0
mn.device-99,2026-07-02 09:27:07,0.03566440741306969
mn.device-99,2026-07-02 09:27:22,0.03698311929149552
mn.device-99,2026-07-02 09:27:37,0.03737366880811789
mn.device-99,2026-07-02 09:27:52,0.0016947657657657629
mn.device-99,2026-07-02 09:28:07,0.0016028719765241101
mn.device-99,2026-07-02 09:28:22,0.0013461322440643376
mn.device-99,2026-07-02 09:28:37,0.00142721766145409
mn.device-99,2026-07-02 09:28:52,0.001618533104446462
mn.device-99,2026-07-02 09:29:07,0.0015694065227223216
mn.device-99,2026-07-02 09:29:22,0.0016163887614094126
mn.device-99,2026-07-02 09:29:37,0.0013001684352366514
mn.device-99,2026-07-02 09:29:52,0.0011417104569494767
mn.device-99,2026-07-02 09:30:07,0.0011235617200264154
mn.device-99,2026-07-02 09:30:22,0.0011915862122182635
mn.device-99,2026-07-02 09:30:37,0.0011445805671206973
mn.device-99,2026-07-02 09:30:52,0.0012873281705445111
mn.device-99,2026-07-02 09:31:07,0.0011187563884156736
mn.device-99,2026-07-02 09:31:22,0.0011517822727958326
mn.device-99,2026-07-02 09:31:37,0.0011528446554703664
mn.device-99,2026-07-02 09:31:52,0.001205679620186387
mn.device-99,2026-07-02 09:32:07,0.0014034250325053038
mn.device-99,2026-07-02 09:32:22,0.001919513607411694
mn.device-99,2026-07-02 09:32:37,0.0018611480592167723
mn.device-99,2026-07-02 09:32:52,0.0018160740840881496
mn.device-99,2026-07-02 09:33:07,0.001471210673616046
mn.device-99,2026-07-02 09:33:22,0.001630848311661959
mn.device-99,2026-07-02 09:33:37,0.001638902708915921
mn.device-99,2026-07-02 09:33:52,0.002079687231483075
mn.device-99,2026-07-02 09:34:07,0.0016585403661925804
mn.device-3,2026-07-02 09:24:22,0
mn.device-3,2026-07-02 09:24:37,0
mn.device-3,2026-07-02 09:24:52,0
mn.device-3,2026-07-02 09:25:07,0
mn.device-3,2026-07-02 09:25:22,0
mn.device-3,2026-07-02 09:25:37,0.007390580284798126
mn.device-3,2026-07-02 09:25:52,0.008221679005447688
mn.device-3,2026-07-02 09:26:07,0.008330356234959157
mn.device-3,2026-07-02 09:26:22,0.00883020392723271
mn.device-3,2026-07-02 09:26:37,0.0019801360026300754
mn.device-3,2026-07-02 09:26:52,0.0013170964931088942
mn.device-3,2026-07-02 09:27:07,0.0016663673412999939
mn.device-3,2026-07-02 09:27:22,0.0016020991233870832
mn.device-3,2026-07-02 09:27:37,0.0014444728282157384
mn.device-3,2026-07-02 09:27:52,0.0015188971658532406
mn.device-3,2026-07-02 09:28:07,0.0014706275834862697
mn.device-3,2026-07-02 09:28:22,0.0016623448851193986
mn.device-3,2026-07-02 09:28:37,0.0019490561765388463
mn.device-3,2026-07-02 09:28:52,0.0018163184864012606
mn.device-3,2026-07-02 09:29:07,0.0018502984740835057
mn.device-3,2026-07-02 09:29:22,0.0016948970913420655
mn.device-3,2026-07-02 09:29:37,0.0013729139050338193
mn.device-3,2026-07-02 09:29:52,0.0013620654500968497
mn.device-3,2026-07-02 09:30:07,0.001448249249198867
mn.device-3,2026-07-02 09:30:22,0.0017012355727440752
mn.device-3,2026-07-02 09:30:37,0.001938335974373393
mn.device-3,2026-07-02 09:30:52,0.0020391880653756723
mn.device-3,2026-07-02 09:31:07,0.0018875730596710609
mn.device-3,2026-07-02 09:31:22,0.0016617579226104059
mn.device-3,2026-07-02 09:31:37,0.0014512141355219413
mn.device-3,2026-07-02 09:31:52,0.001357045023530237
mn.device-3,2026-07-02 09:32:07,0.0015974840628984264
mn.device-3,2026-07-02 09:32:22,0.0014389566291094335
mn.device-3,2026-07-02 09:32:37,0.0014210490682283654
mn.device-3,2026-07-02 09:32:52,0.0014338794122614456
mn.device-3,2026-07-02 09:33:07,0.0010832245705384113
mn.device-3,2026-07-02 09:33:22,0.0013387928986048393
mn.device-3,2026-07-02 09:33:37,0.001519715802029493
mn.device-3,2026-07-02 09:33:52,0.0015537099903006775
mn.device-3,2026-07-02 09:34:07,0.0014892964168864214
mn.device-69,2026-07-02 09:24:22,0
mn.device-69,2026-07-02 09:24:37,0
mn.device-69,2026-07-02 09:24:52,0
mn.device-69,2026-07-02 09:25:07,0
mn.device-69,2026-07-02 09:25:22,0
mn.device-69,2026-07-02 09:25:37,0
mn.device-69,2026-07-02 09:25:52,0
mn.device-69,2026-07-02 09:26:07,0
mn.device-69,2026-07-02 09:26:22,0
mn.device-69,2026-07-02 09:26:37,0.016716338893319534
mn.device-69,2026-07-02 09:26:52,0.016725770480947214
mn.device-69,2026-07-02 09:27:07,0.017521804308645927
mn.device-69,2026-07-02 09:27:22,0.004651531849239589
mn.device-69,2026-07-02 09:27:37,0.0014771486861148376
mn.device-69,2026-07-02 09:27:52,0.0011669795817474335
mn.device-69,2026-07-02 09:28:07,0.0011964150423582885
mn.device-69,2026-07-02 09:28:22,0.001166776935212988
mn.device-69,2026-07-02 09:28:37,0.0016374431773552073
mn.device-69,2026-07-02 09:28:52,0.0018333826421398863
mn.device-69,2026-07-02 09:29:07,0.0018198356807511743
mn.device-69,2026-07-02 09:29:22,0.0019016426380584594
mn.device-69,2026-07-02 09:29:37,0.001435834006462036
mn.device-69,2026-07-02 09:29:52,0.0014036746948517128
mn.device-69,2026-07-02 09:30:07,0.0015191320220406329
mn.device-69,2026-07-02 09:30:22,0.0017947011005921105
mn.device-69,2026-07-02 09:30:37,0.001725749982837923
mn.device-69,2026-07-02 09:30:52,0.0017469268358668278
mn.device-69,2026-07-02 09:31:07,0.0015420949085851892
mn.device-69,2026-07-02 09:31:22,0.0013454595373738726
mn.device-69,2026-07-02 09:31:37,0.001324803839148099
mn.device-69,2026-07-02 09:31:52,0.0013173768489618694
mn.device-69,2026-07-02 09:32:07,0.001287495070386311
mn.device-69,2026-07-02 09:32:22,0.0012599979613332872
mn.device-69,2026-07-02 09:32:37,0.0012312717992343683
mn.device-69,2026-07-02 09:32:52,0.0012327841930105902
mn.device-69,2026-07-02 09:33:07,0.0012623747909554096
mn.device-69,2026-07-02 09:33:22,0.001656700995419006
mn.device-69,2026-07-02 09:33:37,0.0016309611892110028
mn.device-69,2026-07-02 09:33:52,0.0014821997601507594
mn.device-69,2026-07-02 09:34:07,0.0009146499999999988
mn.device-79,2026-07-02 09:24:22,0
mn.device-79,2026-07-02 09:24:37,0
mn.device-79,2026-07-02 09:24:52,0
mn.device-79,2026-07-02 09:25:07,0
mn.device-79,2026-07-02 09:25:22,0
mn.device-79,2026-07-02 09:25:37,0
mn.device-79,2026-07-02 09:25:52,0
mn.device-79,2026-07-02 09:26:07,0
mn.device-79,2026-07-02 09:26:22,0
mn.device-79,2026-07-02 09:26:37,0.014410146844372097
mn.device-79,2026-07-02 09:26:52,0.014563992982661388
mn.device-79,2026-07-02 09:27:07,0.015931085753803597
mn.device-79,2026-07-02 09:27:22,0.016180898198431173
mn.device-79,2026-07-02 09:27:37,0.001902013608261665
mn.device-79,2026-07-02 09:27:52,0.0012432591667128955
mn.device-79,2026-07-02 09:28:07,0.0012715515055199567
mn.device-79,2026-07-02 09:28:22,0.0012628877406592664
mn.device-79,2026-07-02 09:28:37,0.0013441925392714178
mn.device-79,2026-07-02 09:28:52,0.0012751004359346947
mn.device-79,2026-07-02 09:29:07,0.0013084117911417992
mn.device-79,2026-07-02 09:29:22,0.0011949396691973968
mn.device-79,2026-07-02 09:29:37,0.0012929472128011097
mn.device-79,2026-07-02 09:29:52,0.0013029731323170209
mn.device-79,2026-07-02 09:30:07,0.0014412677723086422
mn.device-79,2026-07-02 09:30:22,0.0015965720795360417
mn.device-79,2026-07-02 09:30:37,0.0018329124222444433
mn.device-79,2026-07-02 09:30:52,0.001878026418554113
mn.device-79,2026-07-02 09:31:07,0.0019022994414173598
mn.device-79,2026-07-02 09:31:22,0.001631588015368448
mn.device-79,2026-07-02 09:31:37,0.001477373207042626
mn.device-79,2026-07-02 09:31:52,0.0013440559200357243
mn.device-79,2026-07-02 09:32:07,0.0013708512482368334
mn.device-79,2026-07-02 09:32:22,0.001435544708231638
mn.device-79,2026-07-02 09:32:37,0.0013587229382528876
mn.device-79,2026-07-02 09:32:52,0.001095071200544939
mn.device-79,2026-07-02 09:33:07,0.0011286420405640144
mn.device-79,2026-07-02 09:33:22,0.0012388736893979315
mn.device-79,2026-07-02 09:33:37,0.0012993023856687628
mn.device-79,2026-07-02 09:33:52,0.0014692147659084256
mn.device-79,2026-07-02 09:34:07,0.0013815988270846407
mn.device-17,2026-07-02 09:24:22,0
mn.device-17,2026-07-02 09:24:37,0
mn.device-17,2026-07-02 09:24:52,0
mn.device-17,2026-07-02 09:25:07,0
mn.device-17,2026-07-02 09:25:22,0
mn.device-17,2026-07-02 09:25:37,0
mn.device-17,2026-07-02 09:25:52,0.009718076738937143
mn.device-17,2026-07-02 09:26:07,0.010097006111025524
mn.device-17,2026-07-02 09:26:22,0.010499947246346408
mn.device-17,2026-07-02 09:26:37,0.011275681540289665
mn.device-17,2026-07-02 09:26:52,0.0015762316348479802
mn.device-17,2026-07-02 09:27:07,0.0017646412884333809
mn.device-17,2026-07-02 09:27:22,0.001892949945295405
mn.device-17,2026-07-02 09:27:37,0.0014151969074655713
mn.device-17,2026-07-02 09:27:52,0.0013332861414831218
mn.device-17,2026-07-02 09:28:07,0.0012424094602095917
mn.device-17,2026-07-02 09:28:22,0.0012198963839028711
mn.device-17,2026-07-02 09:28:37,0.0015301114481442357
mn.device-17,2026-07-02 09:28:52,0.0016044176365644374
mn.device-17,2026-07-02 09:29:07,0.0017130030159414058
mn.device-17,2026-07-02 09:29:22,0.0017367532050740677
mn.device-17,2026-07-02 09:29:37,0.0014035426403847457
mn.device-17,2026-07-02 09:29:52,0.001369665943600867
mn.device-17,2026-07-02 09:30:07,0.0014254545454545446
mn.device-17,2026-07-02 09:30:22,0.0017423071663019687
mn.device-17,2026-07-02 09:30:37,0.0016980955354355277
mn.device-17,2026-07-02 09:30:52,0.0017333705036578968
mn.device-17,2026-07-02 09:31:07,0.0015449578171446276
mn.device-17,2026-07-02 09:31:22,0.0012174122256783933
mn.device-17,2026-07-02 09:31:37,0.0012108308655842633
mn.device-17,2026-07-02 09:31:52,0.0012832433171532105
mn.device-17,2026-07-02 09:32:07,0.001500678449065435
mn.device-17,2026-07-02 09:32:22,0.0017244684559079798
mn.device-17,2026-07-02 09:32:37,0.0017038831615120292
mn.device-17,2026-07-02 09:32:52,0.0022655130434782633
mn.device-17,2026-07-02 09:33:07,0.0023505535039630805
mn.device-17,2026-07-02 09:33:22,0.002158796216680998
mn.device-17,2026-07-02 09:33:37,0.00231181383444467
mn.device-17,2026-07-02 09:33:52,0.0014002348205300241
mn.device-17,2026-07-02 09:34:07,0.0013916082200854593
mn.device-32,2026-07-02 09:24:22,0
mn.device-32,2026-07-02 09:24:37,0
mn.device-32,2026-07-02 09:24:52,0
mn.device-32,2026-07-02 09:25:07,0
mn.device-32,2026-07-02 09:25:22,0
mn.device-32,2026-07-02 09:25:37,0
mn.device-32,2026-07-02 09:25:52,0
mn.device-32,2026-07-02 09:26:07,0.00706388721739878
mn.device-32,2026-07-02 09:26:22,0.007415587096774193
mn.device-32,2026-07-02 09:26:37,0.008079915267266856
mn.device-32,2026-07-02 09:26:52,0.008258095335081763
mn.device-32,2026-07-02 09:27:07,0.002121690150432237
mn.device-32,2026-07-02 09:27:22,0.0021032836234040338
mn.device-32,2026-07-02 09:27:37,0.0016959608026454747
mn.device-32,2026-07-02 09:27:52,0.0016391567825271116
mn.device-32,2026-07-02 09:28:07,0.0011628156718744593
mn.device-32,2026-07-02 09:28:22,0.0011917228725301988
mn.device-32,2026-07-02 09:28:37,0.0016422116174935081
mn.device-32,2026-07-02 09:28:52,0.0018191596010398775
mn.device-32,2026-07-02 09:29:07,0.0018077719491993388
mn.device-32,2026-07-02 09:29:22,0.001678573789272697
mn.device-32,2026-07-02 09:29:37,0.0012892567602019143
mn.device-32,2026-07-02 09:29:52,0.001286420871140214
mn.device-32,2026-07-02 09:30:07,0.001346024806832045
mn.device-32,2026-07-02 09:30:22,0.001646150979993606
mn.device-32,2026-07-02 09:30:37,0.001708905446460394
mn.device-32,2026-07-02 09:30:52,0.001929057801593939
mn.device-32,2026-07-02 09:31:07,0.001721425122439127
mn.device-32,2026-07-02 09:31:22,0.0015033959180894337
mn.device-32,2026-07-02 09:31:37,0.0014479862953881287
mn.device-32,2026-07-02 09:31:52,0.0013841860465116285
mn.device-32,2026-07-02 09:32:07,0.002003216911764707
mn.device-32,2026-07-02 09:32:22,0.002084347870755639
mn.device-32,2026-07-02 09:32:37,0.0018890603626670406
mn.device-32,2026-07-02 09:32:52,0.0014925594744614702
mn.device-32,2026-07-02 09:33:07,0.001506234904729401
mn.device-32,2026-07-02 09:33:22,0.0018927646794849675
mn.device-32,2026-07-02 09:33:37,0.0018797300268958168
mn.device-32,2026-07-02 09:33:52,0.0016589288140198338
mn.device-32,2026-07-02 09:34:07,0.001217871874999998
mn.device-86,2026-07-02 09:24:22,0
mn.device-86,2026-07-02 09:24:37,0
mn.device-86,2026-07-02 09:24:52,0
mn.device-86,2026-07-02 09:25:07,0
mn.device-86,2026-07-02 09:25:22,0
mn.device-86,2026-07-02 09:25:37,0
mn.device-86,2026-07-02 09:25:52,0
mn.device-86,2026-07-02 09:26:07,0
mn.device-86,2026-07-02 09:26:22,0
mn.device-86,2026-07-02 09:26:37,0
mn.device-86,2026-07-02 09:26:52,0.014697295709953862
mn.device-86,2026-07-02 09:27:07,0.015575237762847919
mn.device-86,2026-07-02 09:27:22,0.01600382661935574
mn.device-86,2026-07-02 09:27:37,0.012024438834217804
mn.device-86,2026-07-02 09:27:52,0.0014873617335966448
mn.device-86,2026-07-02 09:28:07,0.0012026866179221214
mn.device-86,2026-07-02 09:28:22,0.00118324669588557
mn.device-86,2026-07-02 09:28:37,0.0012536313229241085
mn.device-86,2026-07-02 09:28:52,0.0011843515174337997
mn.device-86,2026-07-02 09:29:07,0.0012632561613144116
mn.device-86,2026-07-02 09:29:22,0.0012407206462391718
mn.device-86,2026-07-02 09:29:37,0.001224088488324457
mn.device-86,2026-07-02 09:29:52,0.0012151377545833472
mn.device-86,2026-07-02 09:30:07,0.0012307034057847022
mn.device-86,2026-07-02 09:30:22,0.0016157714089582952
mn.device-86,2026-07-02 09:30:37,0.0016441324349283437
mn.device-86,2026-07-02 09:30:52,0.0017321235983908225
mn.device-86,2026-07-02 09:31:07,0.0019203605790066745
mn.device-86,2026-07-02 09:31:22,0.0019406612133605987
mn.device-86,2026-07-02 09:31:37,0.0019393490092101616
mn.device-86,2026-07-02 09:31:52,0.002044400332535924
mn.device-86,2026-07-02 09:32:07,0.002118562122548689
mn.device-86,2026-07-02 09:32:22,0.0019403208851052115
mn.device-86,2026-07-02 09:32:37,0.0019123518295825462
mn.device-86,2026-07-02 09:32:52,0.0014048298381129957
mn.device-86,2026-07-02 09:33:07,0.0014112909611818855
mn.device-86,2026-07-02 09:33:22,0.0013441744164140491
mn.device-86,2026-07-02 09:33:37,0.0015134212804971234
mn.device-86,2026-07-02 09:33:52,0.0014624408703878937
mn.device-86,2026-07-02 09:34:07,0.0014486458879982588
mn.device-11,2026-07-02 09:24:22,0
mn.device-11,2026-07-02 09:24:37,0
mn.device-11,2026-07-02 09:24:52,0
mn.device-11,2026-07-02 09:25:07,0
mn.device-11,2026-07-02 09:25:22,0
mn.device-11,2026-07-02 09:25:37,0
mn.device-11,2026-07-02 09:25:52,0.00833899569683509
mn.device-11,2026-07-02 09:26:07,0.008862037020852634
mn.device-11,2026-07-02 09:26:22,0.00887949056220824
mn.device-11,2026-07-02 09:26:37,0.009401358119005176
mn.device-11,2026-07-02 09:26:52,0.0012547907766463711
mn.device-11,2026-07-02 09:27:07,0.0015190336625612005
mn.device-11,2026-07-02 09:27:22,0.0013778646235066262
mn.device-11,2026-07-02 09:27:37,0.0013637624338714916
mn.device-11,2026-07-02 09:27:52,0.0011447590659871786
mn.device-11,2026-07-02 09:28:07,0.0012602822755216907
mn.device-11,2026-07-02 09:28:22,0.001203329797063755
mn.device-11,2026-07-02 09:28:37,0.0012987784244721174
mn.device-11,2026-07-02 09:28:52,0.001266328239480847
mn.device-11,2026-07-02 09:29:07,0.0012798275035936766
mn.device-11,2026-07-02 09:29:22,0.001187363946452752
mn.device-11,2026-07-02 09:29:37,0.001260209790209789
mn.device-11,2026-07-02 09:29:52,0.0011707792758416003
mn.device-11,2026-07-02 09:30:07,0.0013461868759156055
mn.device-11,2026-07-02 09:30:22,0.0016612334952452606
mn.device-11,2026-07-02 09:30:37,0.0018674173941491475
mn.device-11,2026-07-02 09:30:52,0.0018716664084155417
mn.device-11,2026-07-02 09:31:07,0.0018676911615563628
mn.device-11,2026-07-02 09:31:22,0.0014043181477034327
mn.device-11,2026-07-02 09:31:37,0.0013849493243243255
mn.device-11,2026-07-02 09:31:52,0.0015950225855761477
mn.device-11,2026-07-02 09:32:07,0.0018534419828537486
mn.device-11,2026-07-02 09:32:22,0.002020695307697564
mn.device-11,2026-07-02 09:32:37,0.0019451483234111844
mn.device-11,2026-07-02 09:32:52,0.001384217307692311
mn.device-11,2026-07-02 09:33:07,0.0012828033163202845
mn.device-11,2026-07-02 09:33:22,0.0011781418918918932
mn.device-11,2026-07-02 09:33:37,0.00127526156626925
mn.device-11,2026-07-02 09:33:52,0.0013590705034486326
mn.device-11,2026-07-02 09:34:07,0.0012232091905765908
mn.device-1,2026-07-02 09:24:22,0
mn.device-1,2026-07-02 09:24:37,0
mn.device-1,2026-07-02 09:24:52,0
mn.device-1,2026-07-02 09:25:07,0
mn.device-1,2026-07-02 09:25:22,0
mn.device-1,2026-07-02 09:25:37,0.009657548125633231
mn.device-1,2026-07-02 09:25:52,0.01004108650601997
mn.device-1,2026-07-02 09:26:07,0.01029488841875384
mn.device-1,2026-07-02 09:26:22,0.01058709103946441
mn.device-1,2026-07-02 09:26:37,0.0015849920641563485
mn.device-1,2026-07-02 09:26:52,0.001300053438476096
mn.device-1,2026-07-02 09:27:07,0.001726647954410138
mn.device-1,2026-07-02 09:27:22,0.0017064687989028187
mn.device-1,2026-07-02 09:27:37,0.001566436284367236
mn.device-1,2026-07-02 09:27:52,0.0013486258789958219
mn.device-1,2026-07-02 09:28:07,0.00134158732352992
mn.device-1,2026-07-02 09:28:22,0.001160341457478076
mn.device-1,2026-07-02 09:28:37,0.001436058556630425
mn.device-1,2026-07-02 09:28:52,0.0016507387613957875
mn.device-1,2026-07-02 09:29:07,0.0016995143322918074
mn.device-1,2026-07-02 09:29:22,0.0015900501672240816
mn.device-1,2026-07-02 09:29:37,0.001718118622012193
mn.device-1,2026-07-02 09:29:52,0.0015495497023456156
mn.device-1,2026-07-02 09:30:07,0.0018130561259411346
mn.device-1,2026-07-02 09:30:22,0.0018587690660033524
mn.device-1,2026-07-02 09:30:37,0.001717350147063793
mn.device-1,2026-07-02 09:30:52,0.0017692268496501094
mn.device-1,2026-07-02 09:31:07,0.0016894148990675266
mn.device-1,2026-07-02 09:31:22,0.0014832784198576237
mn.device-1,2026-07-02 09:31:37,0.0015737685090796013
mn.device-1,2026-07-02 09:31:52,0.001723608347364661
mn.device-1,2026-07-02 09:32:07,0.0020427201394943337
mn.device-1,2026-07-02 09:32:22,0.002458462799194185
mn.device-1,2026-07-02 09:32:37,0.0024708594959756336
mn.device-1,2026-07-02 09:32:52,0.0015725474793483933
mn.device-1,2026-07-02 09:33:07,0.0017153213120248828
mn.device-1,2026-07-02 09:33:22,0.0018462436278127734
mn.device-1,2026-07-02 09:33:37,0.0023772980930535136
mn.device-1,2026-07-02 09:33:52,0.002357654916771579
mn.device-1,2026-07-02 09:34:07,0.0016958254184418714
mn.device-58,2026-07-02 09:24:22,0
mn.device-58,2026-07-02 09:24:37,0
mn.device-58,2026-07-02 09:24:52,0
mn.device-58,2026-07-02 09:25:07,0
mn.device-58,2026-07-02 09:25:22,0
mn.device-58,2026-07-02 09:25:37,0
mn.device-58,2026-07-02 09:25:52,0
mn.device-58,2026-07-02 09:26:07,0
mn.device-58,2026-07-02 09:26:22,0.007036462819408557
mn.device-58,2026-07-02 09:26:37,0.007892392469003522
mn.device-58,2026-07-02 09:26:52,0.007980598400993215
mn.device-58,2026-07-02 09:27:07,0.008776352276317177
mn.device-58,2026-07-02 09:27:22,0.001776338067102036
mn.device-58,2026-07-02 09:27:37,0.0013535773423485593
mn.device-58,2026-07-02 09:27:52,0.0011575742145381073
mn.device-58,2026-07-02 09:28:07,0.0012116739406852481
mn.device-58,2026-07-02 09:28:22,0.0016433599184091147
mn.device-58,2026-07-02 09:28:37,0.0018827883702872924
mn.device-58,2026-07-02 09:28:52,0.0019633806644473117
mn.device-58,2026-07-02 09:29:07,0.0019735741215762548
mn.device-58,2026-07-02 09:29:22,0.0013521688520661428
mn.device-58,2026-07-02 09:29:37,0.0013193227861934462
mn.device-58,2026-07-02 09:29:52,0.0012501985124357216
mn.device-58,2026-07-02 09:30:07,0.0012837371424665959
mn.device-58,2026-07-02 09:30:22,0.0012693499506248513
mn.device-58,2026-07-02 09:30:37,0.0012876749650921231
mn.device-58,2026-07-02 09:30:52,0.0013574569161570727
mn.device-58,2026-07-02 09:31:07,0.0013273178054004832
mn.device-58,2026-07-02 09:31:22,0.001319832687206692
mn.device-58,2026-07-02 09:31:37,0.0012238838389409818
mn.device-58,2026-07-02 09:31:52,0.0012429081025989463
mn.device-58,2026-07-02 09:32:07,0.0017822813146559022
mn.device-58,2026-07-02 09:32:22,0.002071813033644827
mn.device-58,2026-07-02 09:32:37,0.0020551297815358163
mn.device-58,2026-07-02 09:32:52,0.0017981703703703691
mn.device-58,2026-07-02 09:33:07,0.001744965976178076
mn.device-58,2026-07-02 09:33:22,0.0017115973149823308
mn.device-58,2026-07-02 09:33:37,0.0016273096693525978
mn.device-58,2026-07-02 09:33:52,0.0013490585207260927
mn.device-58,2026-07-02 09:34:07,0.0011971335389289516
mn.device-36,2026-07-02 09:24:22,0
mn.device-36,2026-07-02 09:24:37,0
mn.device-36,2026-07-02 09:24:52,0
mn.device-36,2026-07-02 09:25:07,0
mn.device-36,2026-07-02 09:25:22,0
mn.device-36,2026-07-02 09:25:37,0
mn.device-36,2026-07-02 09:25:52,0
mn.device-36,2026-07-02 09:26:07,0.008916437686485392
mn.device-36,2026-07-02 09:26:22,0.009504823316997679
mn.device-36,2026-07-02 09:26:37,0.009878043438686953
mn.device-36,2026-07-02 09:26:52,0.010033348708946248
mn.device-36,2026-07-02 09:27:07,0.0017091135647779576
mn.device-36,2026-07-02 09:27:22,0.0018096340898564138
mn.device-36,2026-07-02 09:27:37,0.0015189973388273661
mn.device-36,2026-07-02 09:27:52,0.0012618650281894799
mn.device-36,2026-07-02 09:28:07,0.0010821137796814702
mn.device-36,2026-07-02 09:28:22,0.0011985733929185296
mn.device-36,2026-07-02 09:28:37,0.001399074599652543
mn.device-36,2026-07-02 09:28:52,0.0016039559836824252
mn.device-36,2026-07-02 09:29:07,0.0015611189146596317
mn.device-36,2026-07-02 09:29:22,0.001612595678385153
mn.device-36,2026-07-02 09:29:37,0.0012364775555746299
mn.device-36,2026-07-02 09:29:52,0.0011940493848704293
mn.device-36,2026-07-02 09:30:07,0.0011821664624570723
mn.device-36,2026-07-02 09:30:22,0.0013261545408756966
mn.device-36,2026-07-02 09:30:37,0.0013744130265869398
mn.device-36,2026-07-02 09:30:52,0.0014769991107462894
mn.device-36,2026-07-02 09:31:07,0.0013713694704894964
mn.device-36,2026-07-02 09:31:22,0.0013785544517210125
mn.device-36,2026-07-02 09:31:37,0.0012363314779170798
mn.device-36,2026-07-02 09:31:52,0.0013164387096774208
mn.device-36,2026-07-02 09:32:07,0.0016110884006131827
mn.device-36,2026-07-02 09:32:22,0.0016959637547589107
mn.device-36,2026-07-02 09:32:37,0.0016129643142569258
mn.device-36,2026-07-02 09:32:52,0.0012772586666666662
mn.device-36,2026-07-02 09:33:07,0.001247181086341847
mn.device-36,2026-07-02 09:33:22,0.001597888391379338
mn.device-36,2026-07-02 09:33:37,0.0016687803310843974
mn.device-36,2026-07-02 09:33:52,0.0018528157143348606
mn.device-36,2026-07-02 09:34:07,0.0015511396222615762
mn.device-33,2026-07-02 09:24:22,0
mn.device-33,2026-07-02 09:24:37,0
mn.device-33,2026-07-02 09:24:52,0
mn.device-33,2026-07-02 09:25:07,0
mn.device-33,2026-07-02 09:25:22,0
mn.device-33,2026-07-02 09:25:37,0
mn.device-33,2026-07-02 09:25:52,0
mn.device-33,2026-07-02 09:26:07,0.006432330121920028
mn.device-33,2026-07-02 09:26:22,0.007001658432693819
mn.device-33,2026-07-02 09:26:37,0.007321724688059137
mn.device-33,2026-07-02 09:26:52,0.00768170342563931
mn.device-33,2026-07-02 09:27:07,0.0017798743197937894
mn.device-33,2026-07-02 09:27:22,0.0019197460078388426
mn.device-33,2026-07-02 09:27:37,0.0017951463361086239
mn.device-33,2026-07-02 09:27:52,0.0015292942677215338
mn.device-33,2026-07-02 09:28:07,0.0013828924042001917
mn.device-33,2026-07-02 09:28:22,0.0012557786458777568
mn.device-33,2026-07-02 09:28:37,0.0011714954920437556
mn.device-33,2026-07-02 09:28:52,0.001349510904013843
mn.device-33,2026-07-02 09:29:07,0.0013149614466996284
mn.device-33,2026-07-02 09:29:22,0.0013251558558558553
mn.device-33,2026-07-02 09:29:37,0.0013604109727705246
mn.device-33,2026-07-02 09:29:52,0.001307660878447395
mn.device-33,2026-07-02 09:30:07,0.0015739564118330259
mn.device-33,2026-07-02 09:30:22,0.001839193043956421
mn.device-33,2026-07-02 09:30:37,0.0018703076367513275
mn.device-33,2026-07-02 09:30:52,0.0019975404867065036
mn.device-33,2026-07-02 09:31:07,0.0017085938561913828
mn.device-33,2026-07-02 09:31:22,0.0014939720165727081
mn.device-33,2026-07-02 09:31:37,0.001406746478629222
mn.device-33,2026-07-02 09:31:52,0.0013273103261238048
mn.device-33,2026-07-02 09:32:07,0.001507743688245167
mn.device-33,2026-07-02 09:32:22,0.001522016824176966
mn.device-33,2026-07-02 09:32:37,0.0014853883553524487
mn.device-33,2026-07-02 09:32:52,0.001178122666315787
mn.device-33,2026-07-02 09:33:07,0.001136393886126193
mn.device-33,2026-07-02 09:33:22,0.0013461103867883518
mn.device-33,2026-07-02 09:33:37,0.0013736600306278734
mn.device-33,2026-07-02 09:33:52,0.0014745160959956315
mn.device-33,2026-07-02 09:34:07,0.0011514765624999986
mn.device-30,2026-07-02 09:24:22,0
mn.device-30,2026-07-02 09:24:37,0
mn.device-30,2026-07-02 09:24:52,0
mn.device-30,2026-07-02 09:25:07,0
mn.device-30,2026-07-02 09:25:22,0
mn.device-30,2026-07-02 09:25:37,0
mn.device-30,2026-07-02 09:25:52,0
mn.device-30,2026-07-02 09:26:07,0.00986631440806741
mn.device-30,2026-07-02 09:26:22,0.01008080773683852
mn.device-30,2026-07-02 09:26:37,0.010421993392427234
mn.device-30,2026-07-02 09:26:52,0.0015470549739284812
mn.device-30,2026-07-02 09:27:07,0.0015944739745261255
mn.device-30,2026-07-02 09:27:22,0.0015558546433378194
mn.device-30,2026-07-02 09:27:37,0.0015222862696471062
mn.device-30,2026-07-02 09:27:52,0.0013160824590615313
mn.device-30,2026-07-02 09:28:07,0.0013311167646284764
mn.device-30,2026-07-02 09:28:22,0.0013038361453873925
mn.device-30,2026-07-02 09:28:37,0.0014396046970356537
mn.device-30,2026-07-02 09:28:52,0.001823146163737676
mn.device-30,2026-07-02 09:29:07,0.002032322678947458
mn.device-30,2026-07-02 09:29:22,0.002156545043703692
mn.device-30,2026-07-02 09:29:37,0.0016096837106758261
mn.device-30,2026-07-02 09:29:52,0.0015884761575673816
mn.device-30,2026-07-02 09:30:07,0.0014430624936282999
mn.device-30,2026-07-02 09:30:22,0.0015359418423371502
mn.device-30,2026-07-02 09:30:37,0.0016442235173123052
mn.device-30,2026-07-02 09:30:52,0.0018334843640467106
mn.device-30,2026-07-02 09:31:07,0.0016337758641310856
mn.device-30,2026-07-02 09:31:22,0.001514392034255422
mn.device-30,2026-07-02 09:31:37,0.0014020023298610537
mn.device-30,2026-07-02 09:31:52,0.0012350606432270407
mn.device-30,2026-07-02 09:32:07,0.001251112803588052
mn.device-30,2026-07-02 09:32:22,0.0012899538698103545
mn.device-30,2026-07-02 09:32:37,0.0012937426169133488
mn.device-30,2026-07-02 09:32:52,0.0011331173076923075
mn.device-30,2026-07-02 09:33:07,0.0011889450601578117
mn.device-30,2026-07-02 09:33:22,0.0016084505093481394
mn.device-30,2026-07-02 09:33:37,0.001593226357349382
mn.device-30,2026-07-02 09:33:52,0.001581588669950738
mn.device-30,2026-07-02 09:34:07,0.0010751898989898982
mn.device-16,2026-07-02 09:24:22,0
mn.device-16,2026-07-02 09:24:37,0
mn.device-16,2026-07-02 09:24:52,0
mn.device-16,2026-07-02 09:25:07,0
mn.device-16,2026-07-02 09:25:22,0
mn.device-16,2026-07-02 09:25:37,0
mn.device-16,2026-07-02 09:25:52,0.012435666783339166
mn.device-16,2026-07-02 09:26:07,0.012437797267667399
mn.device-16,2026-07-02 09:26:22,0.013118724617644515
mn.device-16,2026-07-02 09:26:37,0.013290092452284066
mn.device-16,2026-07-02 09:26:52,0.0012677768504927656
mn.device-16,2026-07-02 09:27:07,0.0012873367501575032
mn.device-16,2026-07-02 09:27:22,0.0013200164956956547
mn.device-16,2026-07-02 09:27:37,0.0011620802397656837
mn.device-16,2026-07-02 09:27:52,0.0010970134395431276
mn.device-16,2026-07-02 09:28:07,0.0010117879968925007
mn.device-16,2026-07-02 09:28:22,0.0010824727849350023
mn.device-16,2026-07-02 09:28:37,0.0014679066588026912
mn.device-16,2026-07-02 09:28:52,0.0016385850433588037
mn.device-16,2026-07-02 09:29:07,0.001644847632603363
mn.device-16,2026-07-02 09:29:22,0.0016375678536069086
mn.device-16,2026-07-02 09:29:37,0.0013856411820523235
mn.device-16,2026-07-02 09:29:52,0.0013396229660463063
mn.device-16,2026-07-02 09:30:07,0.0013261316348195335
mn.device-16,2026-07-02 09:30:22,0.0019042355406821473
mn.device-16,2026-07-02 09:30:37,0.0018996246350618667
mn.device-16,2026-07-02 09:30:52,0.00195852200062217
mn.device-16,2026-07-02 09:31:07,0.0017296592035906271
mn.device-16,2026-07-02 09:31:22,0.0012596654404109114
mn.device-16,2026-07-02 09:31:37,0.0011734210304410139
mn.device-16,2026-07-02 09:31:52,0.0011860548271752098
mn.device-16,2026-07-02 09:32:07,0.001230009854895166
mn.device-16,2026-07-02 09:32:22,0.0012651928941881912
mn.device-16,2026-07-02 09:32:37,0.0012808438244300787
mn.device-16,2026-07-02 09:32:52,0.0010512646482731985
mn.device-16,2026-07-02 09:33:07,0.0010890760459607
mn.device-16,2026-07-02 09:33:22,0.0012210249405574917
mn.device-16,2026-07-02 09:33:37,0.001263654163231656
mn.device-16,2026-07-02 09:33:52,0.0013737632706437013
mn.device-16,2026-07-02 09:34:07,0.0011714439814814808
mn.device-21,2026-07-02 09:24:22,0
mn.device-21,2026-07-02 09:24:37,0
mn.device-21,2026-07-02 09:24:52,0
mn.device-21,2026-07-02 09:25:07,0
mn.device-21,2026-07-02 09:25:22,0
mn.device-21,2026-07-02 09:25:37,0
mn.device-21,2026-07-02 09:25:52,0.007436417312814944
mn.device-21,2026-07-02 09:26:07,0.008011435485795117
mn.device-21,2026-07-02 09:26:22,0.008374259073693506
mn.device-21,2026-07-02 09:26:37,0.00877186068445163
mn.device-21,2026-07-02 09:26:52,0.0012863285148845677
mn.device-21,2026-07-02 09:27:07,0.0016186697943976825
mn.device-21,2026-07-02 09:27:22,0.0013940136196233758
mn.device-21,2026-07-02 09:27:37,0.0013525685896232044
mn.device-21,2026-07-02 09:27:52,0.001122116727269393
mn.device-21,2026-07-02 09:28:07,0.001210122381248705
mn.device-21,2026-07-02 09:28:22,0.0012616020408093133
mn.device-21,2026-07-02 09:28:37,0.0012643688716072396
mn.device-21,2026-07-02 09:28:52,0.0014757085712332047
mn.device-21,2026-07-02 09:29:07,0.001436678341200954
mn.device-21,2026-07-02 09:29:22,0.0014379444788407162
mn.device-21,2026-07-02 09:29:37,0.0013606473156948357
mn.device-21,2026-07-02 09:29:52,0.0012029305430021559
mn.device-21,2026-07-02 09:30:07,0.0013071042107739364
mn.device-21,2026-07-02 09:30:22,0.0013997879651715898
mn.device-21,2026-07-02 09:30:37,0.0014880757699645697
mn.device-21,2026-07-02 09:30:52,0.0016990317557045165
mn.device-21,2026-07-02 09:31:07,0.001643603554619134
mn.device-21,2026-07-02 09:31:22,0.0018853190463065039
mn.device-21,2026-07-02 09:31:37,0.001739784909112881
mn.device-21,2026-07-02 09:31:52,0.001655801980873152
mn.device-21,2026-07-02 09:32:07,0.0019157051060595608
mn.device-21,2026-07-02 09:32:22,0.0016017762351980412
mn.device-21,2026-07-02 09:32:37,0.0016027931034482757
mn.device-21,2026-07-02 09:32:52,0.0010069638997993447
mn.device-21,2026-07-02 09:33:07,0.0010740112574219214
mn.device-21,2026-07-02 09:33:22,0.0012939497223135347
mn.device-21,2026-07-02 09:33:37,0.0014844784663064997
mn.device-21,2026-07-02 09:33:52,0.001524470628415303
mn.device-21,2026-07-02 09:34:07,0.0013817449917660634
mn.device-90,2026-07-02 09:24:22,0
mn.device-90,2026-07-02 09:24:37,0
mn.device-90,2026-07-02 09:24:52,0
mn.device-90,2026-07-02 09:25:07,0
mn.device-90,2026-07-02 09:25:22,0
mn.device-90,2026-07-02 09:25:37,0
mn.device-90,2026-07-02 09:25:52,0
mn.device-90,2026-07-02 09:26:07,0
mn.device-90,2026-07-02 09:26:22,0
mn.device-90,2026-07-02 09:26:37,0
mn.device-90,2026-07-02 09:26:52,0
mn.device-90,2026-07-02 09:27:07,0.010253495004636674
mn.device-90,2026-07-02 09:27:22,0.010423674845476677
mn.device-90,2026-07-02 09:27:37,0.01080065878176574
mn.device-90,2026-07-02 09:27:52,0.0016487638730375686
mn.device-90,2026-07-02 09:28:07,0.001340402588066139
mn.device-90,2026-07-02 09:28:22,0.0012996701129098084
mn.device-90,2026-07-02 09:28:37,0.0022597821083320557
mn.device-90,2026-07-02 09:28:52,0.002368516752190898
mn.device-90,2026-07-02 09:29:07,0.002467124159400101
mn.device-90,2026-07-02 09:29:22,0.0019781940406323043
mn.device-90,2026-07-02 09:29:37,0.0014398882933513739
mn.device-90,2026-07-02 09:29:52,0.0013545685407241712
mn.device-90,2026-07-02 09:30:07,0.0014187208639366788
mn.device-90,2026-07-02 09:30:22,0.0015029833239838838
mn.device-90,2026-07-02 09:30:37,0.0016643670646526514
mn.device-90,2026-07-02 09:30:52,0.0017314021815925968
mn.device-90,2026-07-02 09:31:07,0.001671685142218785
mn.device-90,2026-07-02 09:31:22,0.0015552315608919388
mn.device-90,2026-07-02 09:31:37,0.0016666442671146582
mn.device-90,2026-07-02 09:31:52,0.001812245808521956
mn.device-90,2026-07-02 09:32:07,0.0020386221472277607
mn.device-90,2026-07-02 09:32:22,0.001958500488824462
mn.device-90,2026-07-02 09:32:37,0.0016689328743545607
mn.device-90,2026-07-02 09:32:52,0.0011423308641975315
mn.device-90,2026-07-02 09:33:07,0.0011712078526958675
mn.device-90,2026-07-02 09:33:22,0.001509618772461421
mn.device-90,2026-07-02 09:33:37,0.0015051577927705923
mn.device-90,2026-07-02 09:33:52,0.0014661047499699618
mn.device-90,2026-07-02 09:34:07,0.0011770343750000028
mn.device-56,2026-07-02 09:24:22,0
mn.device-56,2026-07-02 09:24:37,0
mn.device-56,2026-07-02 09:24:52,0
mn.device-56,2026-07-02 09:25:07,0
mn.device-56,2026-07-02 09:25:22,0
mn.device-56,2026-07-02 09:25:37,0
mn.device-56,2026-07-02 09:25:52,0
mn.device-56,2026-07-02 09:26:07,0
mn.device-56,2026-07-02 09:26:22,0.007803620164456887
mn.device-56,2026-07-02 09:26:37,0.007983203257214664
mn.device-56,2026-07-02 09:26:52,0.00816228744205923
mn.device-56,2026-07-02 09:27:07,0.008556051612466812
mn.device-56,2026-07-02 09:27:22,0.0012065677425934424
mn.device-56,2026-07-02 09:27:37,0.0012578448685729821
mn.device-56,2026-07-02 09:27:52,0.001165045567521368
mn.device-56,2026-07-02 09:28:07,0.0012552053061643117
mn.device-56,2026-07-02 09:28:22,0.001456668513260856
mn.device-56,2026-07-02 09:28:37,0.0016333344643887214
mn.device-56,2026-07-02 09:28:52,0.001793835663851586
mn.device-56,2026-07-02 09:29:07,0.001869859293136379
mn.device-56,2026-07-02 09:29:22,0.001515732313834287
mn.device-56,2026-07-02 09:29:37,0.0014820699125658355
mn.device-56,2026-07-02 09:29:52,0.001156479509244269
mn.device-56,2026-07-02 09:30:07,0.0012750046801341078
mn.device-56,2026-07-02 09:30:22,0.0014604341191035545
mn.device-56,2026-07-02 09:30:37,0.001569335165779075
mn.device-56,2026-07-02 09:30:52,0.0015166983996294965
mn.device-56,2026-07-02 09:31:07,0.0014015385945198358
mn.device-56,2026-07-02 09:31:22,0.0011835596879196334
mn.device-56,2026-07-02 09:31:37,0.0012126915249676224
mn.device-56,2026-07-02 09:31:52,0.0014565724524984777
mn.device-56,2026-07-02 09:32:07,0.001781874297599679
mn.device-56,2026-07-02 09:32:22,0.0022352392790553136
mn.device-56,2026-07-02 09:32:37,0.0022907792815429658
mn.device-56,2026-07-02 09:32:52,0.0014850333333333362
mn.device-56,2026-07-02 09:33:07,0.0015608709540617545
mn.device-56,2026-07-02 09:33:22,0.0016526672511464795
mn.device-56,2026-07-02 09:33:37,0.0018078059716702345
mn.device-56,2026-07-02 09:33:52,0.0017561893681454987
mn.device-56,2026-07-02 09:34:07,0.0014901616161616137
mn.device-19,2026-07-02 09:24:22,0
mn.device-19,2026-07-02 09:24:37,0
mn.device-19,2026-07-02 09:24:52,0
mn.device-19,2026-07-02 09:25:07,0
mn.device-19,2026-07-02 09:25:22,0
mn.device-19,2026-07-02 09:25:37,0
mn.device-19,2026-07-02 09:25:52,0.005873507214773675
mn.device-19,2026-07-02 09:26:07,0.006466902991526888
mn.device-19,2026-07-02 09:26:22,0.006987240003433147
mn.device-19,2026-07-02 09:26:37,0.00751927844746516
mn.device-19,2026-07-02 09:26:52,0.0015217434085810367
mn.device-19,2026-07-02 09:27:07,0.0019657606777267918
mn.device-19,2026-07-02 09:27:22,0.0016905108994134995
mn.device-19,2026-07-02 09:27:37,0.0015275720584980515
mn.device-19,2026-07-02 09:27:52,0.001181192829877224
mn.device-19,2026-07-02 09:28:07,0.0012626304299245361
mn.device-19,2026-07-02 09:28:22,0.001208095593208582
mn.device-19,2026-07-02 09:28:37,0.0014164134260451558
mn.device-19,2026-07-02 09:28:52,0.001497066248209047
mn.device-19,2026-07-02 09:29:07,0.0015478387731560008
mn.device-19,2026-07-02 09:29:22,0.001457849093984407
mn.device-19,2026-07-02 09:29:37,0.0013602985984156005
mn.device-19,2026-07-02 09:29:52,0.0011914127757780351
mn.device-19,2026-07-02 09:30:07,0.0014500692760651193
mn.device-19,2026-07-02 09:30:22,0.0017275833362239404
mn.device-19,2026-07-02 09:30:37,0.0018549846851367941
mn.device-19,2026-07-02 09:30:52,0.0019171445819498936
mn.device-19,2026-07-02 09:31:07,0.001758125370104053
mn.device-19,2026-07-02 09:31:22,0.001334276332407173
mn.device-19,2026-07-02 09:31:37,0.0013641283209037253
mn.device-19,2026-07-02 09:31:52,0.0012300670350418317
mn.device-19,2026-07-02 09:32:07,0.0013809868251097909
mn.device-19,2026-07-02 09:32:22,0.0015381555966729513
mn.device-19,2026-07-02 09:32:37,0.0016078097596203447
mn.device-19,2026-07-02 09:32:52,0.0014542131457010478
mn.device-19,2026-07-02 09:33:07,0.0014633713003649052
mn.device-19,2026-07-02 09:33:22,0.0012944264738259362
mn.device-19,2026-07-02 09:33:37,0.0015024441824989599
mn.device-19,2026-07-02 09:33:52,0.0013216029119112822
mn.device-19,2026-07-02 09:34:07,0.0012768321052956545
mn.device-66,2026-07-02 09:24:22,0
mn.device-66,2026-07-02 09:24:37,0
mn.device-66,2026-07-02 09:24:52,0
mn.device-66,2026-07-02 09:25:07,0
mn.device-66,2026-07-02 09:25:22,0
mn.device-66,2026-07-02 09:25:37,0
mn.device-66,2026-07-02 09:25:52,0
mn.device-66,2026-07-02 09:26:07,0
mn.device-66,2026-07-02 09:26:22,0.007815116716224068
mn.device-66,2026-07-02 09:26:37,0.0083931452310888
mn.device-66,2026-07-02 09:26:52,0.008426683787315639
mn.device-66,2026-07-02 09:27:07,0.00902695151453201
mn.device-66,2026-07-02 09:27:22,0.0015908298676422376
mn.device-66,2026-07-02 09:27:37,0.0013980103806228378
mn.device-66,2026-07-02 09:27:52,0.001229284005647077
mn.device-66,2026-07-02 09:28:07,0.00117277496035273
mn.device-66,2026-07-02 09:28:22,0.0012323192817181629
mn.device-66,2026-07-02 09:28:37,0.0018047549830417858
mn.device-66,2026-07-02 09:28:52,0.0018663017177766707
mn.device-66,2026-07-02 09:29:07,0.0019265134073672822
mn.device-66,2026-07-02 09:29:22,0.0019259819770241452
mn.device-66,2026-07-02 09:29:37,0.0012481913539529853
mn.device-66,2026-07-02 09:29:52,0.001332423090217767
mn.device-66,2026-07-02 09:30:07,0.0014369466749022035
mn.device-66,2026-07-02 09:30:22,0.0014807264532041976
mn.device-66,2026-07-02 09:30:37,0.0016949061811723282
mn.device-66,2026-07-02 09:30:52,0.0018558848433530904
mn.device-66,2026-07-02 09:31:07,0.0016304604077104438
mn.device-66,2026-07-02 09:31:22,0.001380930517294154
mn.device-66,2026-07-02 09:31:37,0.001357959646953194
mn.device-66,2026-07-02 09:31:52,0.0012774944606619065
mn.device-66,2026-07-02 09:32:07,0.0014092935614663763
mn.device-66,2026-07-02 09:32:22,0.0014929589647775263
mn.device-66,2026-07-02 09:32:37,0.0014680890917140607
mn.device-66,2026-07-02 09:32:52,0.0010315586666666651
mn.device-66,2026-07-02 09:33:07,0.0011525672821978631
mn.device-66,2026-07-02 09:33:22,0.0013190346702923184
mn.device-66,2026-07-02 09:33:37,0.001457234035291307
mn.device-66,2026-07-02 09:33:52,0.0015733328758427817
mn.device-66,2026-07-02 09:34:07,0.0014134123529888068
mn.device-92,2026-07-02 09:24:22,0
mn.device-92,2026-07-02 09:24:37,0
mn.device-92,2026-07-02 09:24:52,0
mn.device-92,2026-07-02 09:25:07,0
mn.device-92,2026-07-02 09:25:22,0
mn.device-92,2026-07-02 09:25:37,0
mn.device-92,2026-07-02 09:25:52,0
mn.device-92,2026-07-02 09:26:07,0
mn.device-92,2026-07-02 09:26:22,0
mn.device-92,2026-07-02 09:26:37,0
mn.device-92,2026-07-02 09:26:52,0
mn.device-92,2026-07-02 09:27:07,0.019292922753914792
mn.device-92,2026-07-02 09:27:22,0.019617389512722776
mn.device-92,2026-07-02 09:27:37,0.020188185318851345
mn.device-92,2026-07-02 09:27:52,0.0015917892952960902
mn.device-92,2026-07-02 09:28:07,0.00190854549780754
mn.device-92,2026-07-02 09:28:22,0.001428856498351555
mn.device-92,2026-07-02 09:28:37,0.0016736017014561874
mn.device-92,2026-07-02 09:28:52,0.0018710520472131594
mn.device-92,2026-07-02 09:29:07,0.0018570319488278675
mn.device-92,2026-07-02 09:29:22,0.0019599604488722278
mn.device-92,2026-07-02 09:29:37,0.0018279428356525026
mn.device-92,2026-07-02 09:29:52,0.0015495601875620344
mn.device-92,2026-07-02 09:30:07,0.0017301595578266753
mn.device-92,2026-07-02 09:30:22,0.0015729451991126412
mn.device-92,2026-07-02 09:30:37,0.0018284312054803868
mn.device-92,2026-07-02 09:30:52,0.001794614966725519
mn.device-92,2026-07-02 09:31:07,0.0016881224889429083
mn.device-92,2026-07-02 09:31:22,0.001341983236802042
mn.device-92,2026-07-02 09:31:37,0.0014007675346316374
mn.device-92,2026-07-02 09:31:52,0.00147483043015815
mn.device-92,2026-07-02 09:32:07,0.0016340279463264076
mn.device-92,2026-07-02 09:32:22,0.0018246419977451327
mn.device-92,2026-07-02 09:32:37,0.0017643687227217762
mn.device-92,2026-07-02 09:32:52,0.0014959951736447077
mn.device-92,2026-07-02 09:33:07,0.0015522005332330687
mn.device-92,2026-07-02 09:33:22,0.002073352985535065
mn.device-92,2026-07-02 09:33:37,0.002166944482242483
mn.device-92,2026-07-02 09:33:52,0.0021009601495454167
mn.device-92,2026-07-02 09:34:07,0.0016840370129029883
mn.device-78,2026-07-02 09:24:22,0
mn.device-78,2026-07-02 09:24:37,0
mn.device-78,2026-07-02 09:24:52,0
mn.device-78,2026-07-02 09:25:07,0
mn.device-78,2026-07-02 09:25:22,0
mn.device-78,2026-07-02 09:25:37,0
mn.device-78,2026-07-02 09:25:52,0
mn.device-78,2026-07-02 09:26:07,0
mn.device-78,2026-07-02 09:26:22,0
mn.device-78,2026-07-02 09:26:37,0.019144619602467442
mn.device-78,2026-07-02 09:26:52,0.019395142950541632
mn.device-78,2026-07-02 09:27:07,0.020297218255947977
mn.device-78,2026-07-02 09:27:22,0.020648804941059723
mn.device-78,2026-07-02 09:27:37,0.001839207961849472
mn.device-78,2026-07-02 09:27:52,0.0013675572362849186
mn.device-78,2026-07-02 09:28:07,0.0012537140520648765
mn.device-78,2026-07-02 09:28:22,0.0011619730387953209
mn.device-78,2026-07-02 09:28:37,0.0014587364923877868
mn.device-78,2026-07-02 09:28:52,0.0015117309073497728
mn.device-78,2026-07-02 09:29:07,0.0015214377317943923
mn.device-78,2026-07-02 09:29:22,0.0014996387101110723
mn.device-78,2026-07-02 09:29:37,0.001296664805320068
mn.device-78,2026-07-02 09:29:52,0.001191117184830885
mn.device-78,2026-07-02 09:30:07,0.0014485243175834822
mn.device-78,2026-07-02 09:30:22,0.0015790396014088153
mn.device-78,2026-07-02 09:30:37,0.0017363149392058495
mn.device-78,2026-07-02 09:30:52,0.0017554802976210329
mn.device-78,2026-07-02 09:31:07,0.0016082996981311268
mn.device-78,2026-07-02 09:31:22,0.0014443368993037856
mn.device-78,2026-07-02 09:31:37,0.0012697861533722441
mn.device-78,2026-07-02 09:31:52,0.001373559096713253
mn.device-78,2026-07-02 09:32:07,0.0013340300653813361
mn.device-78,2026-07-02 09:32:22,0.0013759659119730793
mn.device-78,2026-07-02 09:32:37,0.0014157586060348504
mn.device-78,2026-07-02 09:32:52,0.0013904803216603563
mn.device-78,2026-07-02 09:33:07,0.0012826386799069148
mn.device-78,2026-07-02 09:33:22,0.0014615071766280847
mn.device-78,2026-07-02 09:33:37,0.0014856971050597003
mn.device-78,2026-07-02 09:33:52,0.0014350508297853869
mn.device-78,2026-07-02 09:34:07,0.0010302236609763145
mn.device-48,2026-07-02 09:24:22,0
mn.device-48,2026-07-02 09:24:37,0
mn.device-48,2026-07-02 09:24:52,0
mn.device-48,2026-07-02 09:25:07,0
mn.device-48,2026-07-02 09:25:22,0
mn.device-48,2026-07-02 09:25:37,0
mn.device-48,2026-07-02 09:25:52,0
mn.device-48,2026-07-02 09:26:07,0
mn.device-48,2026-07-02 09:26:22,0.008448667147143154
mn.device-48,2026-07-02 09:26:37,0.008706531676476122
mn.device-48,2026-07-02 09:26:52,0.008941846666666668
mn.device-48,2026-07-02 09:27:07,0.002046466069802208
mn.device-48,2026-07-02 09:27:22,0.0014264629334228872
mn.device-48,2026-07-02 09:27:37,0.001306829870397036
mn.device-48,2026-07-02 09:27:52,0.001139423219651581
mn.device-48,2026-07-02 09:28:07,0.001176076912623998
mn.device-48,2026-07-02 09:28:22,0.0011993295557030312
mn.device-48,2026-07-02 09:28:37,0.0012193292366424987
mn.device-48,2026-07-02 09:28:52,0.001383804044630404
mn.device-48,2026-07-02 09:29:07,0.0014937854841184596
mn.device-48,2026-07-02 09:29:22,0.0014927796897428356
mn.device-48,2026-07-02 09:29:37,0.001568142630526245
mn.device-48,2026-07-02 09:29:52,0.0013438226657840687
mn.device-48,2026-07-02 09:30:07,0.0015405437776979272
mn.device-48,2026-07-02 09:30:22,0.0014922103177769826
mn.device-48,2026-07-02 09:30:37,0.0017565218875913399
mn.device-48,2026-07-02 09:30:52,0.001796774909892212
mn.device-48,2026-07-02 09:31:07,0.0017232341334803794
mn.device-48,2026-07-02 09:31:22,0.0014630515591656928
mn.device-48,2026-07-02 09:31:37,0.0016002420888812036
mn.device-48,2026-07-02 09:31:52,0.0018501588272265544
mn.device-48,2026-07-02 09:32:07,0.0019618990384615374
mn.device-48,2026-07-02 09:32:22,0.0018435096853751688
mn.device-48,2026-07-02 09:32:37,0.0018148949111306356
mn.device-48,2026-07-02 09:32:52,0.0012138541666666652
mn.device-48,2026-07-02 09:33:07,0.0012820229459096825
mn.device-48,2026-07-02 09:33:22,0.0013214771028672377
mn.device-48,2026-07-02 09:33:37,0.0016456326405346901
mn.device-48,2026-07-02 09:33:52,0.0015484480567262001
mn.device-48,2026-07-02 09:34:07,0.0014131028571428559
mn.device-2,2026-07-02 09:24:22,0
mn.device-2,2026-07-02 09:24:37,0
mn.device-2,2026-07-02 09:24:52,0
mn.device-2,2026-07-02 09:25:07,0
mn.device-2,2026-07-02 09:25:22,0
mn.device-2,2026-07-02 09:25:37,0.00953381475991865
mn.device-2,2026-07-02 09:25:52,0.010147027884598802
mn.device-2,2026-07-02 09:26:07,0.010592712975098294
mn.device-2,2026-07-02 09:26:22,0.010816443587259613
mn.device-2,2026-07-02 09:26:37,0.0015131941990764906
mn.device-2,2026-07-02 09:26:52,0.0013156366673764618
mn.device-2,2026-07-02 09:27:07,0.0016746261174701296
mn.device-2,2026-07-02 09:27:22,0.0017549615512620638
mn.device-2,2026-07-02 09:27:37,0.00155745767358969
mn.device-2,2026-07-02 09:27:52,0.001321383615369106
mn.device-2,2026-07-02 09:28:07,0.001264083169274341
mn.device-2,2026-07-02 09:28:22,0.0017100066791115062
mn.device-2,2026-07-02 09:28:37,0.002446975911076888
mn.device-2,2026-07-02 09:28:52,0.0026651843084206975
mn.device-2,2026-07-02 09:29:07,0.002690064135192916
mn.device-2,2026-07-02 09:29:22,0.002355074828706106
mn.device-2,2026-07-02 09:29:37,0.0014397695924492939
mn.device-2,2026-07-02 09:29:52,0.0014507140074195778
mn.device-2,2026-07-02 09:30:07,0.0015978150672959258
mn.device-2,2026-07-02 09:30:22,0.0017725464542706112
mn.device-2,2026-07-02 09:30:37,0.001777849553761155
mn.device-2,2026-07-02 09:30:52,0.0017897172324294797
mn.device-2,2026-07-02 09:31:07,0.001447558060109291
mn.device-2,2026-07-02 09:31:22,0.0013088703875012834
mn.device-2,2026-07-02 09:31:37,0.001338503289191188
mn.device-2,2026-07-02 09:31:52,0.0013883935527432007
mn.device-2,2026-07-02 09:32:07,0.0014375309823763712
mn.device-2,2026-07-02 09:32:22,0.001585228632990183
mn.device-2,2026-07-02 09:32:37,0.0015257574988580397
mn.device-2,2026-07-02 09:32:52,0.0017892937924101542
mn.device-2,2026-07-02 09:33:07,0.001614414754603902
mn.device-2,2026-07-02 09:33:22,0.0020519092775110707
mn.device-2,2026-07-02 09:33:37,0.002205416666666667
mn.device-2,2026-07-02 09:33:52,0.0019218995087477379
mn.device-2,2026-07-02 09:34:07,0.0016304234374999974
mn.device-71,2026-07-02 09:24:22,0
mn.device-71,2026-07-02 09:24:37,0
mn.device-71,2026-07-02 09:24:52,0
mn.device-71,2026-07-02 09:25:07,0
mn.device-71,2026-07-02 09:25:22,0
mn.device-71,2026-07-02 09:25:37,0
mn.device-71,2026-07-02 09:25:52,0
mn.device-71,2026-07-02 09:26:07,0
mn.device-71,2026-07-02 09:26:22,0
mn.device-71,2026-07-02 09:26:37,0.01371031739399308
mn.device-71,2026-07-02 09:26:52,0.014224378371873915
mn.device-71,2026-07-02 09:27:07,0.014647238483074572
mn.device-71,2026-07-02 09:27:22,0.015249846216936638
mn.device-71,2026-07-02 09:27:37,0.0014614542343883662
mn.device-71,2026-07-02 09:27:52,0.0013298788117920809
mn.device-71,2026-07-02 09:28:07,0.0013285361699169197
mn.device-71,2026-07-02 09:28:22,0.0011629301310793864
mn.device-71,2026-07-02 09:28:37,0.0014212747705241505
mn.device-71,2026-07-02 09:28:52,0.0014806640321662163
mn.device-71,2026-07-02 09:29:07,0.0015233715293835551
mn.device-71,2026-07-02 09:29:22,0.0013813117984447024
mn.device-71,2026-07-02 09:29:37,0.0013570480581167916
mn.device-71,2026-07-02 09:29:52,0.0013420803142141272
mn.device-71,2026-07-02 09:30:07,0.0014968910424749684
mn.device-71,2026-07-02 09:30:22,0.0017701001454533288
mn.device-71,2026-07-02 09:30:37,0.0019098615476089368
mn.device-71,2026-07-02 09:30:52,0.001857260948781968
mn.device-71,2026-07-02 09:31:07,0.0016693057143344662
mn.device-71,2026-07-02 09:31:22,0.0017459224205092967
mn.device-71,2026-07-02 09:31:37,0.0015715544954889554
mn.device-71,2026-07-02 09:31:52,0.0015196486596263205
mn.device-71,2026-07-02 09:32:07,0.0016328908808826068
mn.device-71,2026-07-02 09:32:22,0.0013347370230319703
mn.device-71,2026-07-02 09:32:37,0.0013210100704426633
mn.device-71,2026-07-02 09:32:52,0.0011278137261194845
mn.device-71,2026-07-02 09:33:07,0.0011134479080866103
mn.device-71,2026-07-02 09:33:22,0.0011474525338068542
mn.device-71,2026-07-02 09:33:37,0.001280660819211445
mn.device-71,2026-07-02 09:33:52,0.0013747025825387718
mn.device-71,2026-07-02 09:34:07,0.001287519607843139
mn.device-22,2026-07-02 09:24:22,0
mn.device-22,2026-07-02 09:24:37,0
mn.device-22,2026-07-02 09:24:52,0
mn.device-22,2026-07-02 09:25:07,0
mn.device-22,2026-07-02 09:25:22,0
mn.device-22,2026-07-02 09:25:37,0
mn.device-22,2026-07-02 09:25:52,0.00572782703216821
mn.device-22,2026-07-02 09:26:07,0.006475715636551191
mn.device-22,2026-07-02 09:26:22,0.006754802065404475
mn.device-22,2026-07-02 09:26:37,0.0072167386379891575
mn.device-22,2026-07-02 09:26:52,0.0014713110772607168
mn.device-22,2026-07-02 09:27:07,0.0015585016690182049
mn.device-22,2026-07-02 09:27:22,0.001596126170360462
mn.device-22,2026-07-02 09:27:37,0.0014595033218940715
mn.device-22,2026-07-02 09:27:52,0.0012559304462499122
mn.device-22,2026-07-02 09:28:07,0.0013289498275481254
mn.device-22,2026-07-02 09:28:22,0.0013264129181084212
mn.device-22,2026-07-02 09:28:37,0.0018552982930539114
mn.device-22,2026-07-02 09:28:52,0.001907804299983072
mn.device-22,2026-07-02 09:29:07,0.0019298793103448286
mn.device-22,2026-07-02 09:29:22,0.0015372067198297858
mn.device-22,2026-07-02 09:29:37,0.0012210970590781445
mn.device-22,2026-07-02 09:29:52,0.001157962350764803
mn.device-22,2026-07-02 09:30:07,0.0011791160506590848
mn.device-22,2026-07-02 09:30:22,0.0013464946626063252
mn.device-22,2026-07-02 09:30:37,0.0014600093021653378
mn.device-22,2026-07-02 09:30:52,0.0017326260312430027
mn.device-22,2026-07-02 09:31:07,0.0016589787508267326
mn.device-22,2026-07-02 09:31:22,0.0015710349723635508
mn.device-22,2026-07-02 09:31:37,0.0014780238559075837
mn.device-22,2026-07-02 09:31:52,0.0014634866533931746
mn.device-22,2026-07-02 09:32:07,0.0015877699926694954
mn.device-22,2026-07-02 09:32:22,0.0020536294876621385
mn.device-22,2026-07-02 09:32:37,0.001952119443967735
mn.device-22,2026-07-02 09:32:52,0.0016575173611111094
mn.device-22,2026-07-02 09:33:07,0.001550115929680958
mn.device-22,2026-07-02 09:33:22,0.001422876949740035
mn.device-22,2026-07-02 09:33:37,0.0014676809914857174
mn.device-22,2026-07-02 09:33:52,0.001469066196828591
mn.device-22,2026-07-02 09:34:07,0.0011260734374999972
mn.device-70,2026-07-02 09:24:22,0
mn.device-70,2026-07-02 09:24:37,0
mn.device-70,2026-07-02 09:24:52,0
mn.device-70,2026-07-02 09:25:07,0
mn.device-70,2026-07-02 09:25:22,0
mn.device-70,2026-07-02 09:25:37,0
mn.device-70,2026-07-02 09:25:52,0
mn.device-70,2026-07-02 09:26:07,0
mn.device-70,2026-07-02 09:26:22,0
mn.device-70,2026-07-02 09:26:37,0.01623535094916921
mn.device-70,2026-07-02 09:26:52,0.016761883497337673
mn.device-70,2026-07-02 09:27:07,0.01676069868995633
mn.device-70,2026-07-02 09:27:22,0.01220323622347998
mn.device-70,2026-07-02 09:27:37,0.0013546790540540552
mn.device-70,2026-07-02 09:27:52,0.001307609036564604
mn.device-70,2026-07-02 09:28:07,0.0013316280986060548
mn.device-70,2026-07-02 09:28:22,0.0016463236650953678
mn.device-70,2026-07-02 09:28:37,0.0015992331130815875
mn.device-70,2026-07-02 09:28:52,0.0017868613138686134
mn.device-70,2026-07-02 09:29:07,0.0017132846765350875
mn.device-70,2026-07-02 09:29:22,0.0015091751075343416
mn.device-70,2026-07-02 09:29:37,0.0012442031463748267
mn.device-70,2026-07-02 09:29:52,0.001256050717247943
mn.device-70,2026-07-02 09:30:07,0.0018095653512598126
mn.device-70,2026-07-02 09:30:22,0.0024018940818489524
mn.device-70,2026-07-02 09:30:37,0.0023948535179564136
mn.device-70,2026-07-02 09:30:52,0.002588610336284414
mn.device-70,2026-07-02 09:31:07,0.0018218856098197937
mn.device-70,2026-07-02 09:31:22,0.001564089539097157
mn.device-70,2026-07-02 09:31:37,0.0014431386502558594
mn.device-70,2026-07-02 09:31:52,0.0013947010518704727
mn.device-70,2026-07-02 09:32:07,0.0012800755076357963
mn.device-70,2026-07-02 09:32:22,0.0012439695812256992
mn.device-70,2026-07-02 09:32:37,0.00121902884239509
mn.device-70,2026-07-02 09:32:52,0.0011341952386042626
mn.device-70,2026-07-02 09:33:07,0.0011313030003509393
mn.device-70,2026-07-02 09:33:22,0.0017468218533792327
mn.device-70,2026-07-02 09:33:37,0.0019367053857900227
mn.device-70,2026-07-02 09:33:52,0.0020007732185220966
mn.device-70,2026-07-02 09:34:07,0.001734906068809914
mn.device-44,2026-07-02 09:24:22,0
mn.device-44,2026-07-02 09:24:37,0
mn.device-44,2026-07-02 09:24:52,0
mn.device-44,2026-07-02 09:25:07,0
mn.device-44,2026-07-02 09:25:22,0
mn.device-44,2026-07-02 09:25:37,0
mn.device-44,2026-07-02 09:25:52,0
mn.device-44,2026-07-02 09:26:07,0.008299994733238532
mn.device-44,2026-07-02 09:26:22,0.008920067459248152
mn.device-44,2026-07-02 09:26:37,0.009308450873606268
mn.device-44,2026-07-02 09:26:52,0.009540923523535588
mn.device-44,2026-07-02 09:27:07,0.001577393419363557
mn.device-44,2026-07-02 09:27:22,0.0017041464325737766
mn.device-44,2026-07-02 09:27:37,0.0016762345306108376
mn.device-44,2026-07-02 09:27:52,0.0018114242765652788
mn.device-44,2026-07-02 09:28:07,0.0016493454564419946
mn.device-44,2026-07-02 09:28:22,0.0016045194866839579
mn.device-44,2026-07-02 09:28:37,0.0014016025273892228
mn.device-44,2026-07-02 09:28:52,0.0015226436092800287
mn.device-44,2026-07-02 09:29:07,0.0015018110143364962
mn.device-44,2026-07-02 09:29:22,0.0014696990829526832
mn.device-44,2026-07-02 09:29:37,0.0014028797818863418
mn.device-44,2026-07-02 09:29:52,0.001306695166517272
mn.device-44,2026-07-02 09:30:07,0.0013768307072950644
mn.device-44,2026-07-02 09:30:22,0.0015397849830520074
mn.device-44,2026-07-02 09:30:37,0.0016100978609162556
mn.device-44,2026-07-02 09:30:52,0.0016913348057146778
mn.device-44,2026-07-02 09:31:07,0.0015774707149589337
mn.device-44,2026-07-02 09:31:22,0.001532422685673459
mn.device-44,2026-07-02 09:31:37,0.0014303251772392778
mn.device-44,2026-07-02 09:31:52,0.0015417504605140882
mn.device-44,2026-07-02 09:32:07,0.0014140171694207865
mn.device-44,2026-07-02 09:32:22,0.0014492016537789542
mn.device-44,2026-07-02 09:32:37,0.001331328871226383
mn.device-44,2026-07-02 09:32:52,0.001023099999999998
mn.device-44,2026-07-02 09:33:07,0.0010412815204437732
mn.device-44,2026-07-02 09:33:22,0.0013020950818551545
mn.device-44,2026-07-02 09:33:37,0.001581609975400795
mn.device-44,2026-07-02 09:33:52,0.0016195205887864807
mn.device-44,2026-07-02 09:34:07,0.0013490488881591706
mn.device-85,2026-07-02 09:24:22,0
mn.device-85,2026-07-02 09:24:37,0
mn.device-85,2026-07-02 09:24:52,0
mn.device-85,2026-07-02 09:25:07,0
mn.device-85,2026-07-02 09:25:22,0
mn.device-85,2026-07-02 09:25:37,0
mn.device-85,2026-07-02 09:25:52,0
mn.device-85,2026-07-02 09:26:07,0
mn.device-85,2026-07-02 09:26:22,0
mn.device-85,2026-07-02 09:26:37,0.009084644646657616
mn.device-85,2026-07-02 09:26:52,0.020152913076567698
mn.device-85,2026-07-02 09:27:07,0.020590762290459835
mn.device-85,2026-07-02 09:27:22,0.021136246130820775
mn.device-85,2026-07-02 09:27:37,0.001620201229166313
mn.device-85,2026-07-02 09:27:52,0.001578023458300516
mn.device-85,2026-07-02 09:28:07,0.0013633787228333753
mn.device-85,2026-07-02 09:28:22,0.0012496224861006258
mn.device-85,2026-07-02 09:28:37,0.0014262179860801585
mn.device-85,2026-07-02 09:28:52,0.0016979721616182143
mn.device-85,2026-07-02 09:29:07,0.001717360462299732
mn.device-85,2026-07-02 09:29:22,0.0013674350746152154
mn.device-85,2026-07-02 09:29:37,0.0014123029303219454
mn.device-85,2026-07-02 09:29:52,0.0013065010706638093
mn.device-85,2026-07-02 09:30:07,0.0014416231235691956
mn.device-85,2026-07-02 09:30:22,0.0021039148314716547
mn.device-85,2026-07-02 09:30:37,0.0019895654768803356
mn.device-85,2026-07-02 09:30:52,0.0022420183422976144
mn.device-85,2026-07-02 09:31:07,0.001986915761785934
mn.device-85,2026-07-02 09:31:22,0.001572865958176208
mn.device-85,2026-07-02 09:31:37,0.0013063097120076987
mn.device-85,2026-07-02 09:31:52,0.0013754791238877499
mn.device-85,2026-07-02 09:32:07,0.0011965686949339228
mn.device-85,2026-07-02 09:32:22,0.001322760596612452
mn.device-85,2026-07-02 09:32:37,0.0012651891873290079
mn.device-85,2026-07-02 09:32:52,0.001097359615384613
mn.device-85,2026-07-02 09:33:07,0.0010635684380710824
mn.device-85,2026-07-02 09:33:22,0.0014752448359556653
mn.device-85,2026-07-02 09:33:37,0.0014869049466370101
mn.device-85,2026-07-02 09:33:52,0.0015582956195030302
mn.device-85,2026-07-02 09:34:07,0.0010550317751510682
mn.device-96,2026-07-02 09:24:22,0
mn.device-96,2026-07-02 09:24:37,0
mn.device-96,2026-07-02 09:24:52,0
mn.device-96,2026-07-02 09:25:07,0
mn.device-96,2026-07-02 09:25:22,0
mn.device-96,2026-07-02 09:25:37,0
mn.device-96,2026-07-02 09:25:52,0
mn.device-96,2026-07-02 09:26:07,0
mn.device-96,2026-07-02 09:26:22,0
mn.device-96,2026-07-02 09:26:37,0
mn.device-96,2026-07-02 09:26:52,0
mn.device-96,2026-07-02 09:27:07,0.03283733382882046
mn.device-96,2026-07-02 09:27:22,0.03373447167811849
mn.device-96,2026-07-02 09:27:37,0.034478789343738665
mn.device-96,2026-07-02 09:27:52,0.001408058685198841
mn.device-96,2026-07-02 09:28:07,0.0013691712783446125
mn.device-96,2026-07-02 09:28:22,0.001391450933172787
mn.device-96,2026-07-02 09:28:37,0.0015091340853193096
mn.device-96,2026-07-02 09:28:52,0.001651028375386592
mn.device-96,2026-07-02 09:29:07,0.0016945216322268818
mn.device-96,2026-07-02 09:29:22,0.001521568058949539
mn.device-96,2026-07-02 09:29:37,0.0013642317121256283
mn.device-96,2026-07-02 09:29:52,0.0013521707162765196
mn.device-96,2026-07-02 09:30:07,0.001359258937114028
mn.device-96,2026-07-02 09:30:22,0.0017115984787762024
mn.device-96,2026-07-02 09:30:37,0.0018910488554834276
mn.device-96,2026-07-02 09:30:52,0.0019188252907179212
mn.device-96,2026-07-02 09:31:07,0.0019171225661762203
mn.device-96,2026-07-02 09:31:22,0.0017216783938617097
mn.device-96,2026-07-02 09:31:37,0.0015763169589443795
mn.device-96,2026-07-02 09:31:52,0.0015429913109050771
mn.device-96,2026-07-02 09:32:07,0.0015234039594667391
mn.device-96,2026-07-02 09:32:22,0.0015965458328399632
mn.device-96,2026-07-02 09:32:37,0.001527723329185773
mn.device-96,2026-07-02 09:32:52,0.0012496977267851055
mn.device-96,2026-07-02 09:33:07,0.001355118433566209
mn.device-96,2026-07-02 09:33:22,0.001601188118811877
mn.device-96,2026-07-02 09:33:37,0.0016823067065356724
mn.device-96,2026-07-02 09:33:52,0.001608165935775924
mn.device-96,2026-07-02 09:34:07,0.0011658397333481065
mn.device-12,2026-07-02 09:24:22,0
mn.device-12,2026-07-02 09:24:37,0
mn.device-12,2026-07-02 09:24:52,0
mn.device-12,2026-07-02 09:25:07,0
mn.device-12,2026-07-02 09:25:22,0
mn.device-12,2026-07-02 09:25:37,0
mn.device-12,2026-07-02 09:25:52,0.006473524020918463
mn.device-12,2026-07-02 09:26:07,0.006937235567080661
mn.device-12,2026-07-02 09:26:22,0.007492399309941885
mn.device-12,2026-07-02 09:26:37,0.007667803214807599
mn.device-12,2026-07-02 09:26:52,0.0013393668816219367
mn.device-12,2026-07-02 09:27:07,0.0015045003103662336
mn.device-12,2026-07-02 09:27:22,0.0012951119779636936
mn.device-12,2026-07-02 09:27:37,0.001226313560817247
mn.device-12,2026-07-02 09:27:52,0.0010964413594307984
mn.device-12,2026-07-02 09:28:07,0.0012098054953124206
mn.device-12,2026-07-02 09:28:22,0.0011685161158153498
mn.device-12,2026-07-02 09:28:37,0.001269332546034533
mn.device-12,2026-07-02 09:28:52,0.0014822910342036017
mn.device-12,2026-07-02 09:29:07,0.0016119086600603193
mn.device-12,2026-07-02 09:29:22,0.0015176147074592275
mn.device-12,2026-07-02 09:29:37,0.0017954317737963812
mn.device-12,2026-07-02 09:29:52,0.0016101874657909131
mn.device-12,2026-07-02 09:30:07,0.0017528589580686148
mn.device-12,2026-07-02 09:30:22,0.0019058320412996426
mn.device-12,2026-07-02 09:30:37,0.001513312912346842
mn.device-12,2026-07-02 09:30:52,0.00159950417713781
mn.device-12,2026-07-02 09:31:07,0.0013505944472244767
mn.device-12,2026-07-02 09:31:22,0.0011902750237089412
mn.device-12,2026-07-02 09:31:37,0.0012210707036579183
mn.device-12,2026-07-02 09:31:52,0.0011457764482860565
mn.device-12,2026-07-02 09:32:07,0.0015018365708232974
mn.device-12,2026-07-02 09:32:22,0.0016956911873824436
mn.device-12,2026-07-02 09:32:37,0.0017520194547897233
mn.device-12,2026-07-02 09:32:52,0.001370384216090078
mn.device-12,2026-07-02 09:33:07,0.0014869178425134183
mn.device-12,2026-07-02 09:33:22,0.0016725183696104258
mn.device-12,2026-07-02 09:33:37,0.0016731605025958453
mn.device-12,2026-07-02 09:33:52,0.002003374852132767
mn.device-12,2026-07-02 09:34:07,0.0015229828194576933
mn.device-68,2026-07-02 09:24:22,0
mn.device-68,2026-07-02 09:24:37,0
mn.device-68,2026-07-02 09:24:52,0
mn.device-68,2026-07-02 09:25:07,0
mn.device-68,2026-07-02 09:25:22,0
mn.device-68,2026-07-02 09:25:37,0
mn.device-68,2026-07-02 09:25:52,0
mn.device-68,2026-07-02 09:26:07,0
mn.device-68,2026-07-02 09:26:22,0.009955362462489589
mn.device-68,2026-07-02 09:26:37,0.015314799916048692
mn.device-68,2026-07-02 09:26:52,0.015434621579918612
mn.device-68,2026-07-02 09:27:07,0.015809597041747305
mn.device-68,2026-07-02 09:27:22,0.0018963006418662443
mn.device-68,2026-07-02 09:27:37,0.0014525598340509327
mn.device-68,2026-07-02 09:27:52,0.0013556082661589832
mn.device-68,2026-07-02 09:28:07,0.0015408619877531774
mn.device-68,2026-07-02 09:28:22,0.001484141807028667
mn.device-68,2026-07-02 09:28:37,0.002564747960957347
mn.device-68,2026-07-02 09:28:52,0.0025919389376251978
mn.device-68,2026-07-02 09:29:07,0.0027583950404683998
mn.device-68,2026-07-02 09:29:22,0.002545869045339903
mn.device-68,2026-07-02 09:29:37,0.0016400423397942006
mn.device-68,2026-07-02 09:29:52,0.001450887674974396
mn.device-68,2026-07-02 09:30:07,0.0014014432849979667
mn.device-68,2026-07-02 09:30:22,0.0014768055702601753
mn.device-68,2026-07-02 09:30:37,0.0016349901010732494
mn.device-68,2026-07-02 09:30:52,0.001520092106857809
mn.device-68,2026-07-02 09:31:07,0.0016418387878996317
mn.device-68,2026-07-02 09:31:22,0.001651977574425302
mn.device-68,2026-07-02 09:31:37,0.0014444595791050896
mn.device-68,2026-07-02 09:31:52,0.0014890593432181625
mn.device-68,2026-07-02 09:32:07,0.0016800321845246093
mn.device-68,2026-07-02 09:32:22,0.001742049650337751
mn.device-68,2026-07-02 09:32:37,0.0017149798265945558
mn.device-68,2026-07-02 09:32:52,0.0014243071097627164
mn.device-68,2026-07-02 09:33:07,0.001401573529782236
mn.device-68,2026-07-02 09:33:22,0.0017982581479213469
mn.device-68,2026-07-02 09:33:37,0.002127488683932887
mn.device-68,2026-07-02 09:33:52,0.0019188855550792984
mn.device-68,2026-07-02 09:34:07,0.001584673339943441
mn.device-43,2026-07-02 09:24:22,0
mn.device-43,2026-07-02 09:24:37,0
mn.device-43,2026-07-02 09:24:52,0
mn.device-43,2026-07-02 09:25:07,0
mn.device-43,2026-07-02 09:25:22,0
mn.device-43,2026-07-02 09:25:37,0
mn.device-43,2026-07-02 09:25:52,0
mn.device-43,2026-07-02 09:26:07,0.010517064673251253
mn.device-43,2026-07-02 09:26:22,0.011113452456306794
mn.device-43,2026-07-02 09:26:37,0.011587834986354606
mn.device-43,2026-07-02 09:26:52,0.01174797256301462
mn.device-43,2026-07-02 09:27:07,0.0016361061035282001
mn.device-43,2026-07-02 09:27:22,0.0016410652057074504
mn.device-43,2026-07-02 09:27:37,0.001511351090256693
mn.device-43,2026-07-02 09:27:52,0.001182903816705491
mn.device-43,2026-07-02 09:28:07,0.001224571969371074
mn.device-43,2026-07-02 09:28:22,0.001240173506840173
mn.device-43,2026-07-02 09:28:37,0.001256115961685175
mn.device-43,2026-07-02 09:28:52,0.0015634646316005614
mn.device-43,2026-07-02 09:29:07,0.0014925518967379176
mn.device-43,2026-07-02 09:29:22,0.0015339434218309637
mn.device-43,2026-07-02 09:29:37,0.0011754328650767727
mn.device-43,2026-07-02 09:29:52,0.0011724114441416897
mn.device-43,2026-07-02 09:30:07,0.0011443439453557485
mn.device-43,2026-07-02 09:30:22,0.001829100264171138
mn.device-43,2026-07-02 09:30:37,0.0017372342389206773
mn.device-43,2026-07-02 09:30:52,0.0018918900272517163
mn.device-43,2026-07-02 09:31:07,0.0016014753357977997
mn.device-43,2026-07-02 09:31:22,0.001218595196610977
mn.device-43,2026-07-02 09:31:37,0.0011962669683257927
mn.device-43,2026-07-02 09:31:52,0.0012743507588532882
mn.device-43,2026-07-02 09:32:07,0.0013568283447838673
mn.device-43,2026-07-02 09:32:22,0.0015894146500420175
mn.device-43,2026-07-02 09:32:37,0.0015465195453672523
mn.device-43,2026-07-02 09:32:52,0.0014078828180251687
mn.device-43,2026-07-02 09:33:07,0.0013920442190522228
mn.device-43,2026-07-02 09:33:22,0.001553568040294621
mn.device-43,2026-07-02 09:33:37,0.0015122867296582607
mn.device-43,2026-07-02 09:33:52,0.0015090750167103737
mn.device-43,2026-07-02 09:34:07,0.00132443026911097
mn.device-10,2026-07-02 09:24:22,0
mn.device-10,2026-07-02 09:24:37,0
mn.device-10,2026-07-02 09:24:52,0
mn.device-10,2026-07-02 09:25:07,0
mn.device-10,2026-07-02 09:25:22,0
mn.device-10,2026-07-02 09:25:37,0
mn.device-10,2026-07-02 09:25:52,0.01034505044949035
mn.device-10,2026-07-02 09:26:07,0.010582141220791121
mn.device-10,2026-07-02 09:26:22,0.01106006862745098
mn.device-10,2026-07-02 09:26:37,0.011531181269251593
mn.device-10,2026-07-02 09:26:52,0.0015637890581712045
mn.device-10,2026-07-02 09:27:07,0.0017949147854945209
mn.device-10,2026-07-02 09:27:22,0.0015748500971201772
mn.device-10,2026-07-02 09:27:37,0.0016876681272945668
mn.device-10,2026-07-02 09:27:52,0.0015919935079194748
mn.device-10,2026-07-02 09:28:07,0.0015879537840979008
mn.device-10,2026-07-02 09:28:22,0.0015246128839079482
mn.device-10,2026-07-02 09:28:37,0.0014913866187391913
mn.device-10,2026-07-02 09:28:52,0.0014838592923251933
mn.device-10,2026-07-02 09:29:07,0.001591638542599354
mn.device-10,2026-07-02 09:29:22,0.001382381886566003
mn.device-10,2026-07-02 09:29:37,0.001441645804594764
mn.device-10,2026-07-02 09:29:52,0.0013222401920736288
mn.device-10,2026-07-02 09:30:07,0.00151793567083958
mn.device-10,2026-07-02 09:30:22,0.0015852267863950076
mn.device-10,2026-07-02 09:30:37,0.0019249753720122352
mn.device-10,2026-07-02 09:30:52,0.0018452520191463353
mn.device-10,2026-07-02 09:31:07,0.0017624750499001989
mn.device-10,2026-07-02 09:31:22,0.00144675209142388
mn.device-10,2026-07-02 09:31:37,0.0012843068382365544
mn.device-10,2026-07-02 09:31:52,0.0012065400332349082
mn.device-10,2026-07-02 09:32:07,0.001509006750885637
mn.device-10,2026-07-02 09:32:22,0.0016065474078954059
mn.device-10,2026-07-02 09:32:37,0.0016181052776867177
mn.device-10,2026-07-02 09:32:52,0.0014791615833716994
mn.device-10,2026-07-02 09:33:07,0.0011693885500536779
mn.device-10,2026-07-02 09:33:22,0.001226243408127394
mn.device-10,2026-07-02 09:33:37,0.0015382525261102126
mn.device-10,2026-07-02 09:33:52,0.0016381507222676512
mn.device-10,2026-07-02 09:34:07,0.001572163890873119
mn.device-95,2026-07-02 09:24:22,0
mn.device-95,2026-07-02 09:24:37,0
mn.device-95,2026-07-02 09:24:52,0
mn.device-95,2026-07-02 09:25:07,0
mn.device-95,2026-07-02 09:25:22,0
mn.device-95,2026-07-02 09:25:37,0
mn.device-95,2026-07-02 09:25:52,0
mn.device-95,2026-07-02 09:26:07,0
mn.device-95,2026-07-02 09:26:22,0
mn.device-95,2026-07-02 09:26:37,0
mn.device-95,2026-07-02 09:26:52,0
mn.device-95,2026-07-02 09:27:07,0.031739893158711015
mn.device-95,2026-07-02 09:27:22,0.03195302747901028
mn.device-95,2026-07-02 09:27:37,0.033616653058326534
mn.device-95,2026-07-02 09:27:52,0.0013631754342689456
mn.device-95,2026-07-02 09:28:07,0.0015090738369611585
mn.device-95,2026-07-02 09:28:22,0.0012332753385869764
mn.device-95,2026-07-02 09:28:37,0.0014155459195772224
mn.device-95,2026-07-02 09:28:52,0.0013845755782864477
mn.device-95,2026-07-02 09:29:07,0.0014698045873466805
mn.device-95,2026-07-02 09:29:22,0.0014498362102618948
mn.device-95,2026-07-02 09:29:37,0.0012770348638875583
mn.device-95,2026-07-02 09:29:52,0.0011266646590376715
mn.device-95,2026-07-02 09:30:07,0.0012798906076403774
mn.device-95,2026-07-02 09:30:22,0.0013127387187536897
mn.device-95,2026-07-02 09:30:37,0.0015176927477938249
mn.device-95,2026-07-02 09:30:52,0.0015046019367555045
mn.device-95,2026-07-02 09:31:07,0.00151237130801688
mn.device-95,2026-07-02 09:31:22,0.0013530013293792816
mn.device-95,2026-07-02 09:31:37,0.0014192169837331126
mn.device-95,2026-07-02 09:31:52,0.0013716524584517385
mn.device-95,2026-07-02 09:32:07,0.0017685436218282918
mn.device-95,2026-07-02 09:32:22,0.001943687476924703
mn.device-95,2026-07-02 09:32:37,0.0018884487002259027
mn.device-95,2026-07-02 09:32:52,0.0015042776894160386
mn.device-95,2026-07-02 09:33:07,0.0015708113920745981
mn.device-95,2026-07-02 09:33:22,0.0013848570900475519
mn.device-95,2026-07-02 09:33:37,0.0013951912075720295
mn.device-95,2026-07-02 09:33:52,0.0012809018151383584
mn.device-95,2026-07-02 09:34:07,0.001389226262626263
mn.device-27,2026-07-02 09:24:22,0
mn.device-27,2026-07-02 09:24:37,0
mn.device-27,2026-07-02 09:24:52,0
mn.device-27,2026-07-02 09:25:07,0
mn.device-27,2026-07-02 09:25:22,0
mn.device-27,2026-07-02 09:25:37,0
mn.device-27,2026-07-02 09:25:52,0.008234209674396415
mn.device-27,2026-07-02 09:26:07,0.008937141286043235
mn.device-27,2026-07-02 09:26:22,0.00956671156182087
mn.device-27,2026-07-02 09:26:37,0.010107755650496143
mn.device-27,2026-07-02 09:26:52,0.001595466005225004
mn.device-27,2026-07-02 09:27:07,0.0017598521535276107
mn.device-27,2026-07-02 09:27:22,0.0013623598343266991
mn.device-27,2026-07-02 09:27:37,0.0012418820180843135
mn.device-27,2026-07-02 09:27:52,0.0011159494490490533
mn.device-27,2026-07-02 09:28:07,0.001155517016381057
mn.device-27,2026-07-02 09:28:22,0.0011289149742897205
mn.device-27,2026-07-02 09:28:37,0.0011848722834377943
mn.device-27,2026-07-02 09:28:52,0.0013108648601852656
mn.device-27,2026-07-02 09:29:07,0.0014669089021541648
mn.device-27,2026-07-02 09:29:22,0.0013985886301052248
mn.device-27,2026-07-02 09:29:37,0.0013415857632786765
mn.device-27,2026-07-02 09:29:52,0.0012486028393640615
mn.device-27,2026-07-02 09:30:07,0.0015285834492469912
mn.device-27,2026-07-02 09:30:22,0.0016620457018981382
mn.device-27,2026-07-02 09:30:37,0.0021809879062609757
mn.device-27,2026-07-02 09:30:52,0.002257406795288879
mn.device-27,2026-07-02 09:31:07,0.0019624020799567806
mn.device-27,2026-07-02 09:31:22,0.0012684800983556184
mn.device-27,2026-07-02 09:31:37,0.001312126016468064
mn.device-27,2026-07-02 09:31:52,0.0013001355720095946
mn.device-27,2026-07-02 09:32:07,0.001432041920797184
mn.device-27,2026-07-02 09:32:22,0.0016079216733422357
mn.device-27,2026-07-02 09:32:37,0.001738110583446404
mn.device-27,2026-07-02 09:32:52,0.0016386239999999991
mn.device-27,2026-07-02 09:33:07,0.0017262920584616176
mn.device-27,2026-07-02 09:33:22,0.0016408981830647942
mn.device-27,2026-07-02 09:33:37,0.0016373146006259341
mn.device-27,2026-07-02 09:33:52,0.0013206099110546388
mn.device-27,2026-07-02 09:34:07,0.0012098324156098494
mn.device-93,2026-07-02 09:24:22,0
mn.device-93,2026-07-02 09:24:37,0
mn.device-93,2026-07-02 09:24:52,0
mn.device-93,2026-07-02 09:25:07,0
mn.device-93,2026-07-02 09:25:22,0
mn.device-93,2026-07-02 09:25:37,0
mn.device-93,2026-07-02 09:25:52,0
mn.device-93,2026-07-02 09:26:07,0
mn.device-93,2026-07-02 09:26:22,0
mn.device-93,2026-07-02 09:26:37,0
mn.device-93,2026-07-02 09:26:52,0
mn.device-93,2026-07-02 09:27:07,0.030902175211123435
mn.device-93,2026-07-02 09:27:22,0.03154399958918881
mn.device-93,2026-07-02 09:27:37,0.03163500756892827
mn.device-93,2026-07-02 09:27:52,0.0013874375776670503
mn.device-93,2026-07-02 09:28:07,0.0014492196837755666
mn.device-93,2026-07-02 09:28:22,0.0012559789972899716
mn.device-93,2026-07-02 09:28:37,0.0015337031663395112
mn.device-93,2026-07-02 09:28:52,0.0017697068125480798
mn.device-93,2026-07-02 09:29:07,0.0018006414145791743
mn.device-93,2026-07-02 09:29:22,0.0018262859482025078
mn.device-93,2026-07-02 09:29:37,0.0012866081952437086
mn.device-93,2026-07-02 09:29:52,0.0013110964778982187
mn.device-93,2026-07-02 09:30:07,0.001287480233289686
mn.device-93,2026-07-02 09:30:22,0.001467226200272751
mn.device-93,2026-07-02 09:30:37,0.0014660588845610927
mn.device-93,2026-07-02 09:30:52,0.0016448469405323518
mn.device-93,2026-07-02 09:31:07,0.0014564348406987775
mn.device-93,2026-07-02 09:31:22,0.001451771368140955
mn.device-93,2026-07-02 09:31:37,0.0013656987295825763
mn.device-93,2026-07-02 09:31:52,0.0014558056088048096
mn.device-93,2026-07-02 09:32:07,0.0017607867156662607
mn.device-93,2026-07-02 09:32:22,0.001982305667416277
mn.device-93,2026-07-02 09:32:37,0.0018122425057316704
mn.device-93,2026-07-02 09:32:52,0.0018347725675268592
mn.device-93,2026-07-02 09:33:07,0.0013146397445848153
mn.device-93,2026-07-02 09:33:22,0.0016704842032967025
mn.device-93,2026-07-02 09:33:37,0.001662986465803366
mn.device-93,2026-07-02 09:33:52,0.0016959614183609723
mn.device-93,2026-07-02 09:34:07,0.0012720414630434241
mn.device-67,2026-07-02 09:24:22,0
mn.device-67,2026-07-02 09:24:37,0
mn.device-67,2026-07-02 09:24:52,0
mn.device-67,2026-07-02 09:25:07,0
mn.device-67,2026-07-02 09:25:22,0
mn.device-67,2026-07-02 09:25:37,0
mn.device-67,2026-07-02 09:25:52,0
mn.device-67,2026-07-02 09:26:07,0
mn.device-67,2026-07-02 09:26:22,0
mn.device-67,2026-07-02 09:26:37,0.012581845953181849
mn.device-67,2026-07-02 09:26:52,0.01251961260757788
mn.device-67,2026-07-02 09:27:07,0.012996523500126572
mn.device-67,2026-07-02 09:27:22,0.0016672478980715795
mn.device-67,2026-07-02 09:27:37,0.0012507841288885073
mn.device-67,2026-07-02 09:27:52,0.0012125508201317832
mn.device-67,2026-07-02 09:28:07,0.00116675279896161
mn.device-67,2026-07-02 09:28:22,0.001148472356523656
mn.device-67,2026-07-02 09:28:37,0.00144541545560636
mn.device-67,2026-07-02 09:28:52,0.0015516148607646152
mn.device-67,2026-07-02 09:29:07,0.0016038805356714731
mn.device-67,2026-07-02 09:29:22,0.0016166275021011643
mn.device-67,2026-07-02 09:29:37,0.001449113932531575
mn.device-67,2026-07-02 09:29:52,0.0014360961734353483
mn.device-67,2026-07-02 09:30:07,0.0016126016608167116
mn.device-67,2026-07-02 09:30:22,0.0017917436419827707
mn.device-67,2026-07-02 09:30:37,0.0019824710110530933
mn.device-67,2026-07-02 09:30:52,0.0019149860112253484
mn.device-67,2026-07-02 09:31:07,0.001800878874768828
mn.device-67,2026-07-02 09:31:22,0.0014015966618387493
mn.device-67,2026-07-02 09:31:37,0.001239611848108374
mn.device-67,2026-07-02 09:31:52,0.0014533709922067018
mn.device-67,2026-07-02 09:32:07,0.001759881271216797
mn.device-67,2026-07-02 09:32:22,0.0020940332651060386
mn.device-67,2026-07-02 09:32:37,0.0020936800847814016
mn.device-67,2026-07-02 09:32:52,0.0014280253344271755
mn.device-67,2026-07-02 09:33:07,0.0015448668523383488
mn.device-67,2026-07-02 09:33:22,0.001974220085650929
mn.device-67,2026-07-02 09:33:37,0.0022196812317790636
mn.device-67,2026-07-02 09:33:52,0.0021466158965387145
mn.device-67,2026-07-02 09:34:07,0.0015408893094378772
mn.device-25,2026-07-02 09:24:22,0
mn.device-25,2026-07-02 09:24:37,0
mn.device-25,2026-07-02 09:24:52,0
mn.device-25,2026-07-02 09:25:07,0
mn.device-25,2026-07-02 09:25:22,0
mn.device-25,2026-07-02 09:25:37,0
mn.device-25,2026-07-02 09:25:52,0.006116774445406251
mn.device-25,2026-07-02 09:26:07,0.006761904761904762
mn.device-25,2026-07-02 09:26:22,0.007182183797881333
mn.device-25,2026-07-02 09:26:37,0.007625160682149284
mn.device-25,2026-07-02 09:26:52,0.0016001294342780092
mn.device-25,2026-07-02 09:27:07,0.0014564483910496362
mn.device-25,2026-07-02 09:27:22,0.0013630869122243515
mn.device-25,2026-07-02 09:27:37,0.0012017946296046416
mn.device-25,2026-07-02 09:27:52,0.0011722718332537862
mn.device-25,2026-07-02 09:28:07,0.0011265737293272152
mn.device-25,2026-07-02 09:28:22,0.0011959442115170697
mn.device-25,2026-07-02 09:28:37,0.0012104146708635543
mn.device-25,2026-07-02 09:28:52,0.0012692175290027195
mn.device-25,2026-07-02 09:29:07,0.0012922309214488511
mn.device-25,2026-07-02 09:29:22,0.001280065163337049
mn.device-25,2026-07-02 09:29:37,0.0011647610773240658
mn.device-25,2026-07-02 09:29:52,0.0012020457715555093
mn.device-25,2026-07-02 09:30:07,0.0017975723434932773
mn.device-25,2026-07-02 09:30:22,0.002213782895303008
mn.device-25,2026-07-02 09:30:37,0.002234995247558973
mn.device-25,2026-07-02 09:30:52,0.002376961019387545
mn.device-25,2026-07-02 09:31:07,0.0016747593936546066
mn.device-25,2026-07-02 09:31:22,0.0013331422018348633
mn.device-25,2026-07-02 09:31:37,0.0013339312001895119
mn.device-25,2026-07-02 09:31:52,0.0011944744846231815
mn.device-25,2026-07-02 09:32:07,0.0011852880414535858
mn.device-25,2026-07-02 09:32:22,0.0014121532364597107
mn.device-25,2026-07-02 09:32:37,0.001360932085932084
mn.device-25,2026-07-02 09:32:52,0.0012218093333333335
mn.device-25,2026-07-02 09:33:07,0.0013172976065030852
mn.device-25,2026-07-02 09:33:22,0.0014312232677502145
mn.device-25,2026-07-02 09:33:37,0.001456279673463809
mn.device-25,2026-07-02 09:33:52,0.0015885661362296892
mn.device-25,2026-07-02 09:34:07,0.0013177817490949973
mn.device-76,2026-07-02 09:24:22,0
mn.device-76,2026-07-02 09:24:37,0
mn.device-76,2026-07-02 09:24:52,0
mn.device-76,2026-07-02 09:25:07,0
mn.device-76,2026-07-02 09:25:22,0
mn.device-76,2026-07-02 09:25:37,0
mn.device-76,2026-07-02 09:25:52,0
mn.device-76,2026-07-02 09:26:07,0
mn.device-76,2026-07-02 09:26:22,0
mn.device-76,2026-07-02 09:26:37,0.008131090267618966
mn.device-76,2026-07-02 09:26:52,0.00847583721664575
mn.device-76,2026-07-02 09:27:07,0.00918002210555402
mn.device-76,2026-07-02 09:27:22,0.009497847371710296
mn.device-76,2026-07-02 09:27:37,0.0016391291586816531
mn.device-76,2026-07-02 09:27:52,0.0012355942999220902
mn.device-76,2026-07-02 09:28:07,0.001229839321542378
mn.device-76,2026-07-02 09:28:22,0.0011818624569653214
mn.device-76,2026-07-02 09:28:37,0.0011930622686558284
mn.device-76,2026-07-02 09:28:52,0.0012670483678003752
mn.device-76,2026-07-02 09:29:07,0.0013523112001658263
mn.device-76,2026-07-02 09:29:22,0.0012981318111053458
mn.device-76,2026-07-02 09:29:37,0.001325591187765276
mn.device-76,2026-07-02 09:29:52,0.0012552221012802577
mn.device-76,2026-07-02 09:30:07,0.001376363543249287
mn.device-76,2026-07-02 09:30:22,0.0012852751925647395
mn.device-76,2026-07-02 09:30:37,0.0013992839352428394
mn.device-76,2026-07-02 09:30:52,0.0014388583973655323
mn.device-76,2026-07-02 09:31:07,0.0013896899721303798
mn.device-76,2026-07-02 09:31:22,0.001299316347686034
mn.device-76,2026-07-02 09:31:37,0.0013936260961545013
mn.device-76,2026-07-02 09:31:52,0.0015946104986240667
mn.device-76,2026-07-02 09:32:07,0.001756644816786184
mn.device-76,2026-07-02 09:32:22,0.0016398703850529137
mn.device-76,2026-07-02 09:32:37,0.0016885872519706434
mn.device-76,2026-07-02 09:32:52,0.001510476063073758
mn.device-76,2026-07-02 09:33:07,0.0014260393293468246
mn.device-76,2026-07-02 09:33:22,0.0015320417037422564
mn.device-76,2026-07-02 09:33:37,0.0016890871184934567
mn.device-76,2026-07-02 09:33:52,0.0014813763991488335
mn.device-76,2026-07-02 09:34:07,0.0013836666666666674
mn.device-26,2026-07-02 09:24:22,0
mn.device-26,2026-07-02 09:24:37,0
mn.device-26,2026-07-02 09:24:52,0
mn.device-26,2026-07-02 09:25:07,0
mn.device-26,2026-07-02 09:25:22,0
mn.device-26,2026-07-02 09:25:37,0
mn.device-26,2026-07-02 09:25:52,0.0053136845402808955
mn.device-26,2026-07-02 09:26:07,0.005855766793409379
mn.device-26,2026-07-02 09:26:22,0.0062932463743242085
mn.device-26,2026-07-02 09:26:37,0.006810017690519962
mn.device-26,2026-07-02 09:26:52,0.0013314664924754444
mn.device-26,2026-07-02 09:27:07,0.001667668967402447
mn.device-26,2026-07-02 09:27:22,0.0015441708050403695
mn.device-26,2026-07-02 09:27:37,0.001510850961867598
mn.device-26,2026-07-02 09:27:52,0.001155632980310519
mn.device-26,2026-07-02 09:28:07,0.0012558722204823053
mn.device-26,2026-07-02 09:28:22,0.0012713512395269454
mn.device-26,2026-07-02 09:28:37,0.0015203037974683546
mn.device-26,2026-07-02 09:28:52,0.001570065868059111
mn.device-26,2026-07-02 09:29:07,0.001586133776654395
mn.device-26,2026-07-02 09:29:22,0.001500815387492258
mn.device-26,2026-07-02 09:29:37,0.0014191396725879483
mn.device-26,2026-07-02 09:29:52,0.0012947098064226986
mn.device-26,2026-07-02 09:30:07,0.0013655303673996528
mn.device-26,2026-07-02 09:30:22,0.0014364068457316766
mn.device-26,2026-07-02 09:30:37,0.001864632078670737
mn.device-26,2026-07-02 09:30:52,0.0019239232998584615
mn.device-26,2026-07-02 09:31:07,0.001899585202742742
mn.device-26,2026-07-02 09:31:22,0.0013152694148525557
mn.device-26,2026-07-02 09:31:37,0.0012908977849484062
mn.device-26,2026-07-02 09:31:52,0.0013762434161452457
mn.device-26,2026-07-02 09:32:07,0.0016697803886744757
mn.device-26,2026-07-02 09:32:22,0.0018111342885476875
mn.device-26,2026-07-02 09:32:37,0.0018395552433654882
mn.device-26,2026-07-02 09:32:52,0.0013771781457638387
mn.device-26,2026-07-02 09:33:07,0.0014166023906374012
mn.device-26,2026-07-02 09:33:22,0.0018810194360418635
mn.device-26,2026-07-02 09:33:37,0.002047009880395217
mn.device-26,2026-07-02 09:33:52,0.001838973102638697
mn.device-26,2026-07-02 09:34:07,0.0013968582064568422
mn.device-91,2026-07-02 09:24:22,0
mn.device-91,2026-07-02 09:24:37,0
mn.device-91,2026-07-02 09:24:52,0
mn.device-91,2026-07-02 09:25:07,0
mn.device-91,2026-07-02 09:25:22,0
mn.device-91,2026-07-02 09:25:37,0
mn.device-91,2026-07-02 09:25:52,0
mn.device-91,2026-07-02 09:26:07,0
mn.device-91,2026-07-02 09:26:22,0
mn.device-91,2026-07-02 09:26:37,0
mn.device-91,2026-07-02 09:26:52,0
mn.device-91,2026-07-02 09:27:07,0.020863332700374597
mn.device-91,2026-07-02 09:27:22,0.02190353501965833
mn.device-91,2026-07-02 09:27:37,0.021805314561352675
mn.device-91,2026-07-02 09:27:52,0.0017094761965970658
mn.device-91,2026-07-02 09:28:07,0.0017849221350551166
mn.device-91,2026-07-02 09:28:22,0.0013254351299083517
mn.device-91,2026-07-02 09:28:37,0.0013855343217070851
mn.device-91,2026-07-02 09:28:52,0.0014657856194012064
mn.device-91,2026-07-02 09:29:07,0.0016839711417816806
mn.device-91,2026-07-02 09:29:22,0.0017226822038229588
mn.device-91,2026-07-02 09:29:37,0.0016272197826891178
mn.device-91,2026-07-02 09:29:52,0.001582493477259935
mn.device-91,2026-07-02 09:30:07,0.001407799850329954
mn.device-91,2026-07-02 09:30:22,0.0015514444039119643
mn.device-91,2026-07-02 09:30:37,0.0016947966988727868
mn.device-91,2026-07-02 09:30:52,0.0018350328378845474
mn.device-91,2026-07-02 09:31:07,0.0018172492796889666
mn.device-91,2026-07-02 09:31:22,0.001678480629030358
mn.device-91,2026-07-02 09:31:37,0.0016803492849284919
mn.device-91,2026-07-02 09:31:52,0.0015890277005041046
mn.device-91,2026-07-02 09:32:07,0.0016032602262542929
mn.device-91,2026-07-02 09:32:22,0.001725772669220944
mn.device-91,2026-07-02 09:32:37,0.0017335076358347475
mn.device-91,2026-07-02 09:32:52,0.0013682774040378572
mn.device-91,2026-07-02 09:33:07,0.0014387003516741971
mn.device-91,2026-07-02 09:33:22,0.0013178887647210507
mn.device-91,2026-07-02 09:33:37,0.0012748293142299803
mn.device-91,2026-07-02 09:33:52,0.0012936342202761874
mn.device-91,2026-07-02 09:34:07,0.0010321105555555574
mn.device-13,2026-07-02 09:24:22,0
mn.device-13,2026-07-02 09:24:37,0
mn.device-13,2026-07-02 09:24:52,0
mn.device-13,2026-07-02 09:25:07,0
mn.device-13,2026-07-02 09:25:22,0
mn.device-13,2026-07-02 09:25:37,0
mn.device-13,2026-07-02 09:25:52,0.02657949037529428
mn.device-13,2026-07-02 09:26:07,0.026232227408576517
mn.device-13,2026-07-02 09:26:22,0.027262004301075272
mn.device-13,2026-07-02 09:26:37,0.02763577714285714
mn.device-13,2026-07-02 09:26:52,0.0015072178798614848
mn.device-13,2026-07-02 09:27:07,0.0015799347612226256
mn.device-13,2026-07-02 09:27:22,0.0019351342996496526
mn.device-13,2026-07-02 09:27:37,0.001642808522224491
mn.device-13,2026-07-02 09:27:52,0.0017265025214765728
mn.device-13,2026-07-02 09:28:07,0.0012555572854498604
mn.device-13,2026-07-02 09:28:22,0.0015744189652499034
mn.device-13,2026-07-02 09:28:37,0.0016264483499382615
mn.device-13,2026-07-02 09:28:52,0.0017786864122871814
mn.device-13,2026-07-02 09:29:07,0.0017125668904870684
mn.device-13,2026-07-02 09:29:22,0.0015400737066887094
mn.device-13,2026-07-02 09:29:37,0.0012503986420451655
mn.device-13,2026-07-02 09:29:52,0.001269185561214934
mn.device-13,2026-07-02 09:30:07,0.0013265830202337065
mn.device-13,2026-07-02 09:30:22,0.0014901087698807672
mn.device-13,2026-07-02 09:30:37,0.0014132994650607267
mn.device-13,2026-07-02 09:30:52,0.0019741300720711426
mn.device-13,2026-07-02 09:31:07,0.0017521250528094643
mn.device-13,2026-07-02 09:31:22,0.001750379997609003
mn.device-13,2026-07-02 09:31:37,0.001641242453347969
mn.device-13,2026-07-02 09:31:52,0.0012963282639092703
mn.device-13,2026-07-02 09:32:07,0.0011934334087326114
mn.device-13,2026-07-02 09:32:22,0.0014391453253591007
mn.device-13,2026-07-02 09:32:37,0.0013931948665991264
mn.device-13,2026-07-02 09:32:52,0.001382398226539662
mn.device-13,2026-07-02 09:33:07,0.0012709364079294975
mn.device-13,2026-07-02 09:33:22,0.0014817385844350683
mn.device-13,2026-07-02 09:33:37,0.001591717812564657
mn.device-13,2026-07-02 09:33:52,0.0016360644318676558
mn.device-13,2026-07-02 09:34:07,0.0013911299019607848
mn.device-39,2026-07-02 09:24:22,0
mn.device-39,2026-07-02 09:24:37,0
mn.device-39,2026-07-02 09:24:52,0
mn.device-39,2026-07-02 09:25:07,0
mn.device-39,2026-07-02 09:25:22,0
mn.device-39,2026-07-02 09:25:37,0
mn.device-39,2026-07-02 09:25:52,0
mn.device-39,2026-07-02 09:26:07,0.016556830759275974
mn.device-39,2026-07-02 09:26:22,0.017029461940018427
mn.device-39,2026-07-02 09:26:37,0.017968881471437017
mn.device-39,2026-07-02 09:26:52,0.01814834059333858
mn.device-39,2026-07-02 09:27:07,0.0018886586714895264
mn.device-39,2026-07-02 09:27:22,0.0018471814868186837
mn.device-39,2026-07-02 09:27:37,0.0016641736124184928
mn.device-39,2026-07-02 09:27:52,0.001309521270512297
mn.device-39,2026-07-02 09:28:07,0.0013773848850535965
mn.device-39,2026-07-02 09:28:22,0.001379690189328744
mn.device-39,2026-07-02 09:28:37,0.0018849597814539383
mn.device-39,2026-07-02 09:28:52,0.0022023108486273948
mn.device-39,2026-07-02 09:29:07,0.002446994818652849
mn.device-39,2026-07-02 09:29:22,0.0022756220056461256
mn.device-39,2026-07-02 09:29:37,0.0018030963578318615
mn.device-39,2026-07-02 09:29:52,0.0014950890169433241
mn.device-39,2026-07-02 09:30:07,0.0015699249918840867
mn.device-39,2026-07-02 09:30:22,0.0017792196052265113
mn.device-39,2026-07-02 09:30:37,0.0018177885683998151
mn.device-39,2026-07-02 09:30:52,0.0018368331393681775
mn.device-39,2026-07-02 09:31:07,0.0013835993208828517
mn.device-39,2026-07-02 09:31:22,0.0013950329975685985
mn.device-39,2026-07-02 09:31:37,0.0014235949034455317
mn.device-39,2026-07-02 09:31:52,0.0014780675502351435
mn.device-39,2026-07-02 09:32:07,0.001664830975175802
mn.device-39,2026-07-02 09:32:22,0.0017104094309377505
mn.device-39,2026-07-02 09:32:37,0.001720890175003447
mn.device-39,2026-07-02 09:32:52,0.0014254579661919663
mn.device-39,2026-07-02 09:33:07,0.0013540795284821862
mn.device-39,2026-07-02 09:33:22,0.0014773767960841414
mn.device-39,2026-07-02 09:33:37,0.0014475043606601366
mn.device-39,2026-07-02 09:33:52,0.0013926305986540388
mn.device-39,2026-07-02 09:34:07,0.0010754571428571427
mn.device-24,2026-07-02 09:24:22,0
mn.device-24,2026-07-02 09:24:37,0
mn.device-24,2026-07-02 09:24:52,0
mn.device-24,2026-07-02 09:25:07,0
mn.device-24,2026-07-02 09:25:22,0
mn.device-24,2026-07-02 09:25:37,0
mn.device-24,2026-07-02 09:25:52,0.005430581133619808
mn.device-24,2026-07-02 09:26:07,0.005849126113776561
mn.device-24,2026-07-02 09:26:22,0.006327553208322939
mn.device-24,2026-07-02 09:26:37,0.006609234986721494
mn.device-24,2026-07-02 09:26:52,0.001248471156850546
mn.device-24,2026-07-02 09:27:07,0.0018620608187923994
mn.device-24,2026-07-02 09:27:22,0.0018236909399831807
mn.device-24,2026-07-02 09:27:37,0.001731891069947469
mn.device-24,2026-07-02 09:27:52,0.0017243680249378697
mn.device-24,2026-07-02 09:28:07,0.0012740514609681632
mn.device-24,2026-07-02 09:28:22,0.001431690976225086
mn.device-24,2026-07-02 09:28:37,0.0018276027626407752
mn.device-24,2026-07-02 09:28:52,0.002061644604011519
mn.device-24,2026-07-02 09:29:07,0.0019579857787501713
mn.device-24,2026-07-02 09:29:22,0.0019277531184757628
mn.device-24,2026-07-02 09:29:37,0.0011311021683391906
mn.device-24,2026-07-02 09:29:52,0.001227931244090235
mn.device-24,2026-07-02 09:30:07,0.0012613507137159059
mn.device-24,2026-07-02 09:30:22,0.0012671209961581064
mn.device-24,2026-07-02 09:30:37,0.001251773666272519
mn.device-24,2026-07-02 09:30:52,0.001371768418497391
mn.device-24,2026-07-02 09:31:07,0.0012440005500928288
mn.device-24,2026-07-02 09:31:22,0.001321233689205221
mn.device-24,2026-07-02 09:31:37,0.0012058562258015842
mn.device-24,2026-07-02 09:31:52,0.001245580490422998
mn.device-24,2026-07-02 09:32:07,0.001372465713848717
mn.device-24,2026-07-02 09:32:22,0.001712977336230983
mn.device-24,2026-07-02 09:32:37,0.0016941628130180604
mn.device-24,2026-07-02 09:32:52,0.0014692192543113354
mn.device-24,2026-07-02 09:33:07,0.0013499093686903058
mn.device-24,2026-07-02 09:33:22,0.0014524571739944821
mn.device-24,2026-07-02 09:33:37,0.0014231448151737513
mn.device-24,2026-07-02 09:33:52,0.0016098754523983484
mn.device-24,2026-07-02 09:34:07,0.0013496736307138217
mn.device-77,2026-07-02 09:24:22,0
mn.device-77,2026-07-02 09:24:37,0
mn.device-77,2026-07-02 09:24:52,0
mn.device-77,2026-07-02 09:25:07,0
mn.device-77,2026-07-02 09:25:22,0
mn.device-77,2026-07-02 09:25:37,0
mn.device-77,2026-07-02 09:25:52,0
mn.device-77,2026-07-02 09:26:07,0
mn.device-77,2026-07-02 09:26:22,0
mn.device-77,2026-07-02 09:26:37,0.00887682355945187
mn.device-77,2026-07-02 09:26:52,0.009232218518799276
mn.device-77,2026-07-02 09:27:07,0.009735267066357816
mn.device-77,2026-07-02 09:27:22,0.010231908576163512
mn.device-77,2026-07-02 09:27:37,0.0015908073111037817
mn.device-77,2026-07-02 09:27:52,0.0012751049217720521
mn.device-77,2026-07-02 09:28:07,0.001351598404974317
mn.device-77,2026-07-02 09:28:22,0.0012722510417552519
mn.device-77,2026-07-02 09:28:37,0.0014551580162259412
mn.device-77,2026-07-02 09:28:52,0.001442264355546519
mn.device-77,2026-07-02 09:29:07,0.0015889097027092655
mn.device-77,2026-07-02 09:29:22,0.001489283083354789
mn.device-77,2026-07-02 09:29:37,0.001356752417068088
mn.device-77,2026-07-02 09:29:52,0.001364392272542015
mn.device-77,2026-07-02 09:30:07,0.0014976096092008781
mn.device-77,2026-07-02 09:30:22,0.0019178064221386645
mn.device-77,2026-07-02 09:30:37,0.002482563413405006
mn.device-77,2026-07-02 09:30:52,0.002999345470830393
mn.device-77,2026-07-02 09:31:07,0.002700883717756244
mn.device-77,2026-07-02 09:31:22,0.002405247714513478
mn.device-77,2026-07-02 09:31:37,0.00194017347080953
mn.device-77,2026-07-02 09:31:52,0.0016570157426420249
mn.device-77,2026-07-02 09:32:07,0.002133667673097592
mn.device-77,2026-07-02 09:32:22,0.002125771352940163
mn.device-77,2026-07-02 09:32:37,0.0021268503566141826
mn.device-77,2026-07-02 09:32:52,0.001130462666666669
mn.device-77,2026-07-02 09:33:07,0.0012322773546593912
mn.device-77,2026-07-02 09:33:22,0.0014321714554875187
mn.device-77,2026-07-02 09:33:37,0.001579583845873976
mn.device-77,2026-07-02 09:33:52,0.0016241049504610449
mn.device-77,2026-07-02 09:34:07,0.0015692875000000008
mn.device-100,2026-07-02 09:24:22,0
mn.device-100,2026-07-02 09:24:37,0
mn.device-100,2026-07-02 09:24:52,0
mn.device-100,2026-07-02 09:25:07,0
mn.device-100,2026-07-02 09:25:22,0
mn.device-100,2026-07-02 09:25:37,0
mn.device-100,2026-07-02 09:25:52,0
mn.device-100,2026-07-02 09:26:07,0
mn.device-100,2026-07-02 09:26:22,0
mn.device-100,2026-07-02 09:26:37,0
mn.device-100,2026-07-02 09:26:52,0
mn.device-100,2026-07-02 09:27:07,0.031233087478559178
mn.device-100,2026-07-02 09:27:22,0.031778512396694214
mn.device-100,2026-07-02 09:27:37,0.03173800537250502
mn.device-100,2026-07-02 09:27:52,0.0012782743896349623
mn.device-100,2026-07-02 09:28:07,0.0013259211984817407
mn.device-100,2026-07-02 09:28:22,0.0012581043531954272
mn.device-100,2026-07-02 09:28:37,0.00116543902522975
mn.device-100,2026-07-02 09:28:52,0.0012618346739688507
mn.device-100,2026-07-02 09:29:07,0.0012432671925496062
mn.device-100,2026-07-02 09:29:22,0.001283403963578748
mn.device-100,2026-07-02 09:29:37,0.0011747984076758253
mn.device-100,2026-07-02 09:29:52,0.0011995911762200794
mn.device-100,2026-07-02 09:30:07,0.001137508380464486
mn.device-100,2026-07-02 09:30:22,0.0013103348237141171
mn.device-100,2026-07-02 09:30:37,0.0014504818217862788
mn.device-100,2026-07-02 09:30:52,0.0015586229519518032
mn.device-100,2026-07-02 09:31:07,0.0013839930359977421
mn.device-100,2026-07-02 09:31:22,0.001267700374273446
mn.device-100,2026-07-02 09:31:37,0.0012057589822932814
mn.device-100,2026-07-02 09:31:52,0.0013414247751430965
mn.device-100,2026-07-02 09:32:07,0.0013162355568337527
mn.device-100,2026-07-02 09:32:22,0.0019902910976312294
mn.device-100,2026-07-02 09:32:37,0.00196493333108005
mn.device-100,2026-07-02 09:32:52,0.0017840838069541152
mn.device-100,2026-07-02 09:33:07,0.0017560864518678678
mn.device-100,2026-07-02 09:33:22,0.0015311291963377412
mn.device-100,2026-07-02 09:33:37,0.001607658071108184
mn.device-100,2026-07-02 09:33:52,0.0016042820938565044
mn.device-100,2026-07-02 09:34:07,0.0012032050505050534
mn.device-73,2026-07-02 09:24:22,0
mn.device-73,2026-07-02 09:24:37,0
mn.device-73,2026-07-02 09:24:52,0
mn.device-73,2026-07-02 09:25:07,0
mn.device-73,2026-07-02 09:25:22,0
mn.device-73,2026-07-02 09:25:37,0
mn.device-73,2026-07-02 09:25:52,0
mn.device-73,2026-07-02 09:26:07,0
mn.device-73,2026-07-02 09:26:22,0
mn.device-73,2026-07-02 09:26:37,0.006385178721147102
mn.device-73,2026-07-02 09:26:52,0.0066496740389536116
mn.device-73,2026-07-02 09:27:07,0.007166367352523647
mn.device-73,2026-07-02 09:27:22,0.0073643406952759475
mn.device-73,2026-07-02 09:27:37,0.0014834261286263428
mn.device-73,2026-07-02 09:27:52,0.0013179419171668492
mn.device-73,2026-07-02 09:28:07,0.001320804225592094
mn.device-73,2026-07-02 09:28:22,0.0013921013362273628
mn.device-73,2026-07-02 09:28:37,0.0023325026456832688
mn.device-73,2026-07-02 09:28:52,0.002880105768561685
mn.device-73,2026-07-02 09:29:07,0.0029140490859509123
mn.device-73,2026-07-02 09:29:22,0.002643344918525246
mn.device-73,2026-07-02 09:29:37,0.0020156017075484466
mn.device-73,2026-07-02 09:29:52,0.0015405051288682017
mn.device-73,2026-07-02 09:30:07,0.0016597520267048152
mn.device-73,2026-07-02 09:30:22,0.0016334284633634777
mn.device-73,2026-07-02 09:30:37,0.0016834995451346577
mn.device-73,2026-07-02 09:30:52,0.0015913305360043329
mn.device-73,2026-07-02 09:31:07,0.0014785641871574136
mn.device-73,2026-07-02 09:31:22,0.0015946900274073942
mn.device-73,2026-07-02 09:31:37,0.0014827048384860673
mn.device-73,2026-07-02 09:31:52,0.0015138586956521738
mn.device-73,2026-07-02 09:32:07,0.0016136767769140878
mn.device-73,2026-07-02 09:32:22,0.0014200461189035486
mn.device-73,2026-07-02 09:32:37,0.0014476411048207254
mn.device-73,2026-07-02 09:32:52,0.001059776056497577
mn.device-73,2026-07-02 09:33:07,0.0011154055435904995
mn.device-73,2026-07-02 09:33:22,0.0012240228629066142
mn.device-73,2026-07-02 09:33:37,0.0012585259648585669
mn.device-73,2026-07-02 09:33:52,0.001236791983390244
mn.device-73,2026-07-02 09:34:07,0.0015621347071371572
mn.device-84,2026-07-02 09:24:22,0
mn.device-84,2026-07-02 09:24:37,0
mn.device-84,2026-07-02 09:24:52,0
mn.device-84,2026-07-02 09:25:07,0
mn.device-84,2026-07-02 09:25:22,0
mn.device-84,2026-07-02 09:25:37,0
mn.device-84,2026-07-02 09:25:52,0
mn.device-84,2026-07-02 09:26:07,0
mn.device-84,2026-07-02 09:26:22,0
mn.device-84,2026-07-02 09:26:37,0.004343032928942808
mn.device-84,2026-07-02 09:26:52,0.016880542734069044
mn.device-84,2026-07-02 09:27:07,0.017177624290264502
mn.device-84,2026-07-02 09:27:22,0.01733376442160433
mn.device-84,2026-07-02 09:27:37,0.001275210629206098
mn.device-84,2026-07-02 09:27:52,0.001542395616565203
mn.device-84,2026-07-02 09:28:07,0.0013155932727491354
mn.device-84,2026-07-02 09:28:22,0.0013231801579886196
mn.device-84,2026-07-02 09:28:37,0.0014728758266501928
mn.device-84,2026-07-02 09:28:52,0.0016110174349981477
mn.device-84,2026-07-02 09:29:07,0.0017896443936542064
mn.device-84,2026-07-02 09:29:22,0.0017230155200385862
mn.device-84,2026-07-02 09:29:37,0.0015280144811216053
mn.device-84,2026-07-02 09:29:52,0.0014409702028668184
mn.device-84,2026-07-02 09:30:07,0.001444298503335521
mn.device-84,2026-07-02 09:30:22,0.0022150819895680636
mn.device-84,2026-07-02 09:30:37,0.0021532304173813577
mn.device-84,2026-07-02 09:30:52,0.0023459209303925937
mn.device-84,2026-07-02 09:31:07,0.0019638737354118465
mn.device-84,2026-07-02 09:31:22,0.0016512857240297387
mn.device-84,2026-07-02 09:31:37,0.0015483166607423945
mn.device-84,2026-07-02 09:31:52,0.0015484797498257947
mn.device-84,2026-07-02 09:32:07,0.0025503043014819668
mn.device-84,2026-07-02 09:32:22,0.0025446223867669777
mn.device-84,2026-07-02 09:32:37,0.00242392061281337
mn.device-84,2026-07-02 09:32:52,0.0014109299036209146
mn.device-84,2026-07-02 09:33:07,0.001292333763837637
mn.device-84,2026-07-02 09:33:22,0.0013598825695723188
mn.device-84,2026-07-02 09:33:37,0.0013697942123270328
mn.device-84,2026-07-02 09:33:52,0.0014249393616835625
mn.device-84,2026-07-02 09:34:07,0.0012171879783447435
mn.device-41,2026-07-02 09:24:22,0
mn.device-41,2026-07-02 09:24:37,0
mn.device-41,2026-07-02 09:24:52,0
mn.device-41,2026-07-02 09:25:07,0
mn.device-41,2026-07-02 09:25:22,0
mn.device-41,2026-07-02 09:25:37,0
mn.device-41,2026-07-02 09:25:52,0
mn.device-41,2026-07-02 09:26:07,0.015452511171304846
mn.device-41,2026-07-02 09:26:22,0.016728860575272494
mn.device-41,2026-07-02 09:26:37,0.01682218067476842
mn.device-41,2026-07-02 09:26:52,0.016969739742538206
mn.device-41,2026-07-02 09:27:07,0.0018127886565434488
mn.device-41,2026-07-02 09:27:22,0.0015052831164354043
mn.device-41,2026-07-02 09:27:37,0.0014418321917808188
mn.device-41,2026-07-02 09:27:52,0.0012365302805825067
mn.device-41,2026-07-02 09:28:07,0.0011617797651556523
mn.device-41,2026-07-02 09:28:22,0.001232134056185313
mn.device-41,2026-07-02 09:28:37,0.0014054508921671344
mn.device-41,2026-07-02 09:28:52,0.0015520641309678832
mn.device-41,2026-07-02 09:29:07,0.001533582787652013
mn.device-41,2026-07-02 09:29:22,0.0014618738005909278
mn.device-41,2026-07-02 09:29:37,0.001320795243659361
mn.device-41,2026-07-02 09:29:52,0.0011951629214446082
mn.device-41,2026-07-02 09:30:07,0.0013439058006772286
mn.device-41,2026-07-02 09:30:22,0.0013738855484138504
mn.device-41,2026-07-02 09:30:37,0.0013959196092020079
mn.device-41,2026-07-02 09:30:52,0.0014442651877993452
mn.device-41,2026-07-02 09:31:07,0.0013438878574713409
mn.device-41,2026-07-02 09:31:22,0.0013596795635434469
mn.device-41,2026-07-02 09:31:37,0.0012994948446474284
mn.device-41,2026-07-02 09:31:52,0.0015083160617324139
mn.device-41,2026-07-02 09:32:07,0.0018863524998732738
mn.device-41,2026-07-02 09:32:22,0.0019412225171873934
mn.device-41,2026-07-02 09:32:37,0.0019153067829523365
mn.device-41,2026-07-02 09:32:52,0.001220642307692309
mn.device-41,2026-07-02 09:33:07,0.001223977594493352
mn.device-41,2026-07-02 09:33:22,0.0013867055572612825
mn.device-41,2026-07-02 09:33:37,0.0014390883525128952
mn.device-41,2026-07-02 09:33:52,0.0015119781904924178
mn.device-41,2026-07-02 09:34:07,0.0012436991200445878
mn.device-63,2026-07-02 09:24:22,0
mn.device-63,2026-07-02 09:24:37,0
mn.device-63,2026-07-02 09:24:52,0
mn.device-63,2026-07-02 09:25:07,0
mn.device-63,2026-07-02 09:25:22,0
mn.device-63,2026-07-02 09:25:37,0
mn.device-63,2026-07-02 09:25:52,0
mn.device-63,2026-07-02 09:26:07,0
mn.device-63,2026-07-02 09:26:22,0.006233331428571428
mn.device-63,2026-07-02 09:26:37,0.006955911721896896
mn.device-63,2026-07-02 09:26:52,0.007155828552336669
mn.device-63,2026-07-02 09:27:07,0.007784122349905794
mn.device-63,2026-07-02 09:27:22,0.0015928807890515692
mn.device-63,2026-07-02 09:27:37,0.0017037396216142658
mn.device-63,2026-07-02 09:27:52,0.0014550845156201637
mn.device-63,2026-07-02 09:28:07,0.001525066189870371
mn.device-63,2026-07-02 09:28:22,0.001166784733140971
mn.device-63,2026-07-02 09:28:37,0.0014434731834652838
mn.device-63,2026-07-02 09:28:52,0.0015402114762003165
mn.device-63,2026-07-02 09:29:07,0.0015241549595572598
mn.device-63,2026-07-02 09:29:22,0.001423938018911462
mn.device-63,2026-07-02 09:29:37,0.0014288357114715907
mn.device-63,2026-07-02 09:29:52,0.0015755234556755447
mn.device-63,2026-07-02 09:30:07,0.0017311737266984528
mn.device-63,2026-07-02 09:30:22,0.002393871581618269
mn.device-63,2026-07-02 09:30:37,0.0023508874018039
mn.device-63,2026-07-02 09:30:52,0.002143312101910829
mn.device-63,2026-07-02 09:31:07,0.0021021615008156597
mn.device-63,2026-07-02 09:31:22,0.001608714923795559
mn.device-63,2026-07-02 09:31:37,0.002032492091871821
mn.device-63,2026-07-02 09:31:52,0.002156714890132386
mn.device-63,2026-07-02 09:32:07,0.0020624259796433275
mn.device-63,2026-07-02 09:32:22,0.0020784935782633142
mn.device-63,2026-07-02 09:32:37,0.0017245646273412333
mn.device-63,2026-07-02 09:32:52,0.0012327991929194121
mn.device-63,2026-07-02 09:33:07,0.001300382368065191
mn.device-63,2026-07-02 09:33:22,0.0015218260971879046
mn.device-63,2026-07-02 09:33:37,0.0016571688650728218
mn.device-63,2026-07-02 09:33:52,0.0015091222624590461
mn.device-63,2026-07-02 09:34:07,0.0011786284214050544
mn.device-62,2026-07-02 09:24:22,0
mn.device-62,2026-07-02 09:24:37,0
mn.device-62,2026-07-02 09:24:52,0
mn.device-62,2026-07-02 09:25:07,0
mn.device-62,2026-07-02 09:25:22,0
mn.device-62,2026-07-02 09:25:37,0
mn.device-62,2026-07-02 09:25:52,0
mn.device-62,2026-07-02 09:26:07,0
mn.device-62,2026-07-02 09:26:22,0.012177398368374757
mn.device-62,2026-07-02 09:26:37,0.013313850747305017
mn.device-62,2026-07-02 09:26:52,0.013401976842960713
mn.device-62,2026-07-02 09:27:07,0.013979174284769018
mn.device-62,2026-07-02 09:27:22,0.0019282135187647022
mn.device-62,2026-07-02 09:27:37,0.0012100727266533833
mn.device-62,2026-07-02 09:27:52,0.001354980201240094
mn.device-62,2026-07-02 09:28:07,0.0013625562250700175
mn.device-62,2026-07-02 09:28:22,0.001465737433574352
mn.device-62,2026-07-02 09:28:37,0.0019364544530985457
mn.device-62,2026-07-02 09:28:52,0.001907858985970367
mn.device-62,2026-07-02 09:29:07,0.0020706083768547005
mn.device-62,2026-07-02 09:29:22,0.002033748579516752
mn.device-62,2026-07-02 09:29:37,0.0015393750750585795
mn.device-62,2026-07-02 09:29:52,0.0015749926773376542
mn.device-62,2026-07-02 09:30:07,0.0017264954393509243
mn.device-62,2026-07-02 09:30:22,0.0016513637577775953
mn.device-62,2026-07-02 09:30:37,0.001789910170574976
mn.device-62,2026-07-02 09:30:52,0.001723869960635267
mn.device-62,2026-07-02 09:31:07,0.0014434273033045518
mn.device-62,2026-07-02 09:31:22,0.001577968672768489
mn.device-62,2026-07-02 09:31:37,0.0015526699737379635
mn.device-62,2026-07-02 09:31:52,0.001770158599804958
mn.device-62,2026-07-02 09:32:07,0.0017748516194675253
mn.device-62,2026-07-02 09:32:22,0.0017260474908538676
mn.device-62,2026-07-02 09:32:37,0.0015398764292308793
mn.device-62,2026-07-02 09:32:52,0.0012767365384615372
mn.device-62,2026-07-02 09:33:07,0.001412101008071557
mn.device-62,2026-07-02 09:33:22,0.001453905486880663
mn.device-62,2026-07-02 09:33:37,0.0015586591235328877
mn.device-62,2026-07-02 09:33:52,0.0015230632414383275
mn.device-62,2026-07-02 09:34:07,0.0011537114840903097
mn.device-55,2026-07-02 09:24:22,0
mn.device-55,2026-07-02 09:24:37,0
mn.device-55,2026-07-02 09:24:52,0
mn.device-55,2026-07-02 09:25:07,0
mn.device-55,2026-07-02 09:25:22,0
mn.device-55,2026-07-02 09:25:37,0
mn.device-55,2026-07-02 09:25:52,0
mn.device-55,2026-07-02 09:26:07,0
mn.device-55,2026-07-02 09:26:22,0.008646814721035326
mn.device-55,2026-07-02 09:26:37,0.008927302795913796
mn.device-55,2026-07-02 09:26:52,0.009031296311115926
mn.device-55,2026-07-02 09:27:07,0.009665598380703383
mn.device-55,2026-07-02 09:27:22,0.001585893795378416
mn.device-55,2026-07-02 09:27:37,0.0014770698051948048
mn.device-55,2026-07-02 09:27:52,0.0012842602026088066
mn.device-55,2026-07-02 09:28:07,0.0013154572513599497
mn.device-55,2026-07-02 09:28:22,0.0012669240669240679
mn.device-55,2026-07-02 09:28:37,0.0016416271396164162
mn.device-55,2026-07-02 09:28:52,0.0015835311238544035
mn.device-55,2026-07-02 09:29:07,0.001639935485033714
mn.device-55,2026-07-02 09:29:22,0.0015336971023912978
mn.device-55,2026-07-02 09:29:37,0.0012745502952520736
mn.device-55,2026-07-02 09:29:52,0.0011986585474480819
mn.device-55,2026-07-02 09:30:07,0.0012736460749293197
mn.device-55,2026-07-02 09:30:22,0.001404436683034787
mn.device-55,2026-07-02 09:30:37,0.001436413089672759
mn.device-55,2026-07-02 09:30:52,0.001567012581815715
mn.device-55,2026-07-02 09:31:07,0.0016050384504388284
mn.device-55,2026-07-02 09:31:22,0.0013322206244864416
mn.device-55,2026-07-02 09:31:37,0.0014205384508219558
mn.device-55,2026-07-02 09:31:52,0.001220216482838942
mn.device-55,2026-07-02 09:32:07,0.0012168674698795187
mn.device-55,2026-07-02 09:32:22,0.0012777110707056826
mn.device-55,2026-07-02 09:32:37,0.0013531317675894343
mn.device-55,2026-07-02 09:32:52,0.0019159400211642599
mn.device-55,2026-07-02 09:33:07,0.001954864800678715
mn.device-55,2026-07-02 09:33:22,0.0023057147282019535
mn.device-55,2026-07-02 09:33:37,0.002557692970662254
mn.device-55,2026-07-02 09:33:52,0.001919211975758415
mn.device-55,2026-07-02 09:34:07,0.0017321360096093077
mn.device-61,2026-07-02 09:24:22,0
mn.device-61,2026-07-02 09:24:37,0
mn.device-61,2026-07-02 09:24:52,0
mn.device-61,2026-07-02 09:25:07,0
mn.device-61,2026-07-02 09:25:22,0
mn.device-61,2026-07-02 09:25:37,0
mn.device-61,2026-07-02 09:25:52,0
mn.device-61,2026-07-02 09:26:07,0
mn.device-61,2026-07-02 09:26:22,0.011865081103305605
mn.device-61,2026-07-02 09:26:37,0.012223057886450183
mn.device-61,2026-07-02 09:26:52,0.012272752425081582
mn.device-61,2026-07-02 09:27:07,0.012913375927807532
mn.device-61,2026-07-02 09:27:22,0.001482632106398519
mn.device-61,2026-07-02 09:27:37,0.0015473675257293526
mn.device-61,2026-07-02 09:27:52,0.0015035500933320528
mn.device-61,2026-07-02 09:28:07,0.001521927875576823
mn.device-61,2026-07-02 09:28:22,0.0014596575746022933
mn.device-61,2026-07-02 09:28:37,0.0013226803423447904
mn.device-61,2026-07-02 09:28:52,0.0014510859186472435
mn.device-61,2026-07-02 09:29:07,0.0013522922076819916
mn.device-61,2026-07-02 09:29:22,0.0013368810810810811
mn.device-61,2026-07-02 09:29:37,0.001356482521470167
mn.device-61,2026-07-02 09:29:52,0.0015649242593196201
mn.device-61,2026-07-02 09:30:07,0.001830354091188735
mn.device-61,2026-07-02 09:30:22,0.002323871252354209
mn.device-61,2026-07-02 09:30:37,0.0022084001227788957
mn.device-61,2026-07-02 09:30:52,0.0024889459979236532
mn.device-61,2026-07-02 09:31:07,0.0019031374160843933
mn.device-61,2026-07-02 09:31:22,0.001921844960175778
mn.device-61,2026-07-02 09:31:37,0.0018900029036500554
mn.device-61,2026-07-02 09:31:52,0.0015707518640038513
mn.device-61,2026-07-02 09:32:07,0.0013389778219586581
mn.device-61,2026-07-02 09:32:22,0.0014587687758325194
mn.device-61,2026-07-02 09:32:37,0.0014062601667779672
mn.device-61,2026-07-02 09:32:52,0.0016490900841861162
mn.device-61,2026-07-02 09:33:07,0.0015004114226002012
mn.device-61,2026-07-02 09:33:22,0.00181130383806338
mn.device-61,2026-07-02 09:33:37,0.0016804458576948052
mn.device-61,2026-07-02 09:33:52,0.001542958249685256
mn.device-61,2026-07-02 09:34:07,0.0010340911111111108
mn.device-49,2026-07-02 09:24:22,0
mn.device-49,2026-07-02 09:24:37,0
mn.device-49,2026-07-02 09:24:52,0
mn.device-49,2026-07-02 09:25:07,0
mn.device-49,2026-07-02 09:25:22,0
mn.device-49,2026-07-02 09:25:37,0
mn.device-49,2026-07-02 09:25:52,0
mn.device-49,2026-07-02 09:26:07,0
mn.device-49,2026-07-02 09:26:22,0.010257543605403445
mn.device-49,2026-07-02 09:26:37,0.010726884828464267
mn.device-49,2026-07-02 09:26:52,0.010776290497176473
mn.device-49,2026-07-02 09:27:07,0.001834355720387395
mn.device-49,2026-07-02 09:27:22,0.00147146461202782
mn.device-49,2026-07-02 09:27:37,0.0013381925184333362
mn.device-49,2026-07-02 09:27:52,0.0012178875149870963
mn.device-49,2026-07-02 09:28:07,0.0012008438106488903
mn.device-49,2026-07-02 09:28:22,0.0010939557976761018
mn.device-49,2026-07-02 09:28:37,0.0019635010266940457
mn.device-49,2026-07-02 09:28:52,0.002050699891804165
mn.device-49,2026-07-02 09:29:07,0.0020961216183864027
mn.device-49,2026-07-02 09:29:22,0.0022488332990186
mn.device-49,2026-07-02 09:29:37,0.0014782923299565835
mn.device-49,2026-07-02 09:29:52,0.001491984943279004
mn.device-49,2026-07-02 09:30:07,0.0017812467976088822
mn.device-49,2026-07-02 09:30:22,0.0018913696349813814
mn.device-49,2026-07-02 09:30:37,0.0018432777959647804
mn.device-49,2026-07-02 09:30:52,0.00189352650531781
mn.device-49,2026-07-02 09:31:07,0.0015989365018879668
mn.device-49,2026-07-02 09:31:22,0.0016701164518469877
mn.device-49,2026-07-02 09:31:37,0.0015685817583660335
mn.device-49,2026-07-02 09:31:52,0.0015502045240009792
mn.device-49,2026-07-02 09:32:07,0.0015872035990934607
mn.device-49,2026-07-02 09:32:22,0.0014539140003094763
mn.device-49,2026-07-02 09:32:37,0.0014358872977944359
mn.device-49,2026-07-02 09:32:52,0.001259752
mn.device-49,2026-07-02 09:33:07,0.0012662359985981982
mn.device-49,2026-07-02 09:33:22,0.0015597900462521862
mn.device-49,2026-07-02 09:33:37,0.0015691881763087254
mn.device-49,2026-07-02 09:33:52,0.001665007112375531
mn.device-49,2026-07-02 09:34:07,0.0011905026757249991
mn.device-18,2026-07-02 09:24:22,0
mn.device-18,2026-07-02 09:24:37,0
mn.device-18,2026-07-02 09:24:52,0
mn.device-18,2026-07-02 09:25:07,0
mn.device-18,2026-07-02 09:25:22,0
mn.device-18,2026-07-02 09:25:37,0
mn.device-18,2026-07-02 09:25:52,0.008221790618930577
mn.device-18,2026-07-02 09:26:07,0.008360947044272806
mn.device-18,2026-07-02 09:26:22,0.008795511820472819
mn.device-18,2026-07-02 09:26:37,0.009206583735296606
mn.device-18,2026-07-02 09:26:52,0.0013575690611705776
mn.device-18,2026-07-02 09:27:07,0.001727553693033003
mn.device-18,2026-07-02 09:27:22,0.0015717164532954011
mn.device-18,2026-07-02 09:27:37,0.001520138247270985
mn.device-18,2026-07-02 09:27:52,0.0015755525280401015
mn.device-18,2026-07-02 09:28:07,0.0016893948451671293
mn.device-18,2026-07-02 09:28:22,0.0017468543327115484
mn.device-18,2026-07-02 09:28:37,0.002233221333424297
mn.device-18,2026-07-02 09:28:52,0.0021361901608490325
mn.device-18,2026-07-02 09:29:07,0.0022219265837372486
mn.device-18,2026-07-02 09:29:22,0.002093094585332419
mn.device-18,2026-07-02 09:29:37,0.0017567908924184215
mn.device-18,2026-07-02 09:29:52,0.001587238402364875
mn.device-18,2026-07-02 09:30:07,0.0015379465435256545
mn.device-18,2026-07-02 09:30:22,0.0014051426618827945
mn.device-18,2026-07-02 09:30:37,0.0014834085835613202
mn.device-18,2026-07-02 09:30:52,0.0014213074223274934
mn.device-18,2026-07-02 09:31:07,0.0014593439190368157
mn.device-18,2026-07-02 09:31:22,0.0013083662747916556
mn.device-18,2026-07-02 09:31:37,0.0014612230835486652
mn.device-18,2026-07-02 09:31:52,0.0016943163575502938
mn.device-18,2026-07-02 09:32:07,0.0021516556625170084
mn.device-18,2026-07-02 09:32:22,0.0020399636388122
mn.device-18,2026-07-02 09:32:37,0.002002211567680726
mn.device-18,2026-07-02 09:32:52,0.0011533838004804896
mn.device-18,2026-07-02 09:33:07,0.0012304573014631811
mn.device-18,2026-07-02 09:33:22,0.0013502184009253984
mn.device-18,2026-07-02 09:33:37,0.001463546591028468
mn.device-18,2026-07-02 09:33:52,0.0013280117110135183
mn.device-18,2026-07-02 09:34:07,0.001216599999999999
mn.device-53,2026-07-02 09:24:22,0
mn.device-53,2026-07-02 09:24:37,0
mn.device-53,2026-07-02 09:24:52,0
mn.device-53,2026-07-02 09:25:07,0
mn.device-53,2026-07-02 09:25:22,0
mn.device-53,2026-07-02 09:25:37,0
mn.device-53,2026-07-02 09:25:52,0
mn.device-53,2026-07-02 09:26:07,0
mn.device-53,2026-07-02 09:26:22,0.01435298453168051
mn.device-53,2026-07-02 09:26:37,0.014648980005403944
mn.device-53,2026-07-02 09:26:52,0.0151111005696392
mn.device-53,2026-07-02 09:27:07,0.01582684512824051
mn.device-53,2026-07-02 09:27:22,0.0016468739264857417
mn.device-53,2026-07-02 09:27:37,0.0016812889630345082
mn.device-53,2026-07-02 09:27:52,0.0015874860328948547
mn.device-53,2026-07-02 09:28:07,0.0014828485762200798
mn.device-53,2026-07-02 09:28:22,0.0018936535162950264
mn.device-53,2026-07-02 09:28:37,0.0022130409010077084
mn.device-53,2026-07-02 09:28:52,0.0022016599066089506
mn.device-53,2026-07-02 09:29:07,0.0022138522561616428
mn.device-53,2026-07-02 09:29:22,0.0017369625916997622
mn.device-53,2026-07-02 09:29:37,0.0013380992143964834
mn.device-53,2026-07-02 09:29:52,0.0014067456858985537
mn.device-53,2026-07-02 09:30:07,0.0016089101434684108
mn.device-53,2026-07-02 09:30:22,0.0023713251789827224
mn.device-53,2026-07-02 09:30:37,0.002430487016301944
mn.device-53,2026-07-02 09:30:52,0.0023853441212617773
mn.device-53,2026-07-02 09:31:07,0.002175540721892049
mn.device-53,2026-07-02 09:31:22,0.0014858657243816253
mn.device-53,2026-07-02 09:31:37,0.0014941236154561593
mn.device-53,2026-07-02 09:31:52,0.0015107823766823752
mn.device-53,2026-07-02 09:32:07,0.001520862722436562
mn.device-53,2026-07-02 09:32:22,0.001373261205564142
mn.device-53,2026-07-02 09:32:37,0.0013079929747227771
mn.device-53,2026-07-02 09:32:52,0.0012036024691358053
mn.device-53,2026-07-02 09:33:07,0.0012863837082675953
mn.device-53,2026-07-02 09:33:22,0.0016532147624248065
mn.device-53,2026-07-02 09:33:37,0.0018890467972794665
mn.device-53,2026-07-02 09:33:52,0.0017422226718599833
mn.device-53,2026-07-02 09:34:07,0.0015911030863458074
mn.device-88,2026-07-02 09:24:22,0
mn.device-88,2026-07-02 09:24:37,0
mn.device-88,2026-07-02 09:24:52,0
mn.device-88,2026-07-02 09:25:07,0
mn.device-88,2026-07-02 09:25:22,0
mn.device-88,2026-07-02 09:25:37,0
mn.device-88,2026-07-02 09:25:52,0
mn.device-88,2026-07-02 09:26:07,0
mn.device-88,2026-07-02 09:26:22,0
mn.device-88,2026-07-02 09:26:37,0
mn.device-88,2026-07-02 09:26:52,0.013316123834380425
mn.device-88,2026-07-02 09:27:07,0.013907505854600778
mn.device-88,2026-07-02 09:27:22,0.014507001247747125
mn.device-88,2026-07-02 09:27:37,0.014407401677667766
mn.device-88,2026-07-02 09:27:52,0.001471982408457907
mn.device-88,2026-07-02 09:28:07,0.001293622569938359
mn.device-88,2026-07-02 09:28:22,0.0011940009511515724
mn.device-88,2026-07-02 09:28:37,0.0014013137531382193
mn.device-88,2026-07-02 09:28:52,0.0021421343687492655
mn.device-88,2026-07-02 09:29:07,0.0021987320123689276
mn.device-88,2026-07-02 09:29:22,0.0020725663716814166
mn.device-88,2026-07-02 09:29:37,0.0015330141085934147
mn.device-88,2026-07-02 09:29:52,0.0012024837273038704
mn.device-88,2026-07-02 09:30:07,0.001464678178963891
mn.device-88,2026-07-02 09:30:22,0.0016328566429970335
mn.device-88,2026-07-02 09:30:37,0.0019450527203711528
mn.device-88,2026-07-02 09:30:52,0.0020147111284760572
mn.device-88,2026-07-02 09:31:07,0.0019418929782251573
mn.device-88,2026-07-02 09:31:22,0.0015099805421363406
mn.device-88,2026-07-02 09:31:37,0.001384410102560526
mn.device-88,2026-07-02 09:31:52,0.0012309882204531123
mn.device-88,2026-07-02 09:32:07,0.001518575459106961
mn.device-88,2026-07-02 09:32:22,0.0017624094091093425
mn.device-88,2026-07-02 09:32:37,0.0017675840978593283
mn.device-88,2026-07-02 09:32:52,0.0014279019230769218
mn.device-88,2026-07-02 09:33:07,0.0015510668486372484
mn.device-88,2026-07-02 09:33:22,0.0019409669558104288
mn.device-88,2026-07-02 09:33:37,0.002052123056928364
mn.device-88,2026-07-02 09:33:52,0.0021315780585016543
mn.device-88,2026-07-02 09:34:07,0.0013144133030829344
mn.device-59,2026-07-02 09:24:22,0
mn.device-59,2026-07-02 09:24:37,0
mn.device-59,2026-07-02 09:24:52,0
mn.device-59,2026-07-02 09:25:07,0
mn.device-59,2026-07-02 09:25:22,0
mn.device-59,2026-07-02 09:25:37,0
mn.device-59,2026-07-02 09:25:52,0
mn.device-59,2026-07-02 09:26:07,0
mn.device-59,2026-07-02 09:26:22,0.007749162402617719
mn.device-59,2026-07-02 09:26:37,0.00834099714157919
mn.device-59,2026-07-02 09:26:52,0.008458602703519193
mn.device-59,2026-07-02 09:27:07,0.009103451841384183
mn.device-59,2026-07-02 09:27:22,0.0016268817204301068
mn.device-59,2026-07-02 09:27:37,0.001455885352917178
mn.device-59,2026-07-02 09:27:52,0.0013142329167726472
mn.device-59,2026-07-02 09:28:07,0.001295364714337047
mn.device-59,2026-07-02 09:28:22,0.0013276121858709022
mn.device-59,2026-07-02 09:28:37,0.0014480438744400722
mn.device-59,2026-07-02 09:28:52,0.0016745716691584612
mn.device-59,2026-07-02 09:29:07,0.0016120942701528748
mn.device-59,2026-07-02 09:29:22,0.0016582066001947168
mn.device-59,2026-07-02 09:29:37,0.0014004800303904115
mn.device-59,2026-07-02 09:29:52,0.0013190406364295224
mn.device-59,2026-07-02 09:30:07,0.0016663460727242042
mn.device-59,2026-07-02 09:30:22,0.001964838181722191
mn.device-59,2026-07-02 09:30:37,0.002014068301867057
mn.device-59,2026-07-02 09:30:52,0.0020886117379545566
mn.device-59,2026-07-02 09:31:07,0.0016219659239842753
mn.device-59,2026-07-02 09:31:22,0.0016732152551574356
mn.device-59,2026-07-02 09:31:37,0.0015821654513799115
mn.device-59,2026-07-02 09:31:52,0.0016151548118599865
mn.device-59,2026-07-02 09:32:07,0.0016921610955577268
mn.device-59,2026-07-02 09:32:22,0.0016550056451477026
mn.device-59,2026-07-02 09:32:37,0.0015632512879221521
mn.device-59,2026-07-02 09:32:52,0.0014411249999999988
mn.device-59,2026-07-02 09:33:07,0.0013416959655768944
mn.device-59,2026-07-02 09:33:22,0.002029355765569285
mn.device-59,2026-07-02 09:33:37,0.0019562783582219275
mn.device-59,2026-07-02 09:33:52,0.0017665939963105825
mn.device-59,2026-07-02 09:34:07,0.0011006898989898972
mn.device-5,2026-07-02 09:24:22,0
mn.device-5,2026-07-02 09:24:37,0
mn.device-5,2026-07-02 09:24:52,0
mn.device-5,2026-07-02 09:25:07,0
mn.device-5,2026-07-02 09:25:22,0
mn.device-5,2026-07-02 09:25:37,0.005691405718175629
mn.device-5,2026-07-02 09:25:52,0.006485828621139627
mn.device-5,2026-07-02 09:26:07,0.006572425652437793
mn.device-5,2026-07-02 09:26:22,0.007064179689497093
mn.device-5,2026-07-02 09:26:37,0.001619431004533682
mn.device-5,2026-07-02 09:26:52,0.0011372455391787792
mn.device-5,2026-07-02 09:27:07,0.0017458073505173908
mn.device-5,2026-07-02 09:27:22,0.0019437661280545904
mn.device-5,2026-07-02 09:27:37,0.002052713677749706
mn.device-5,2026-07-02 09:27:52,0.0018420165084533536
mn.device-5,2026-07-02 09:28:07,0.0015735790827261025
mn.device-5,2026-07-02 09:28:22,0.0023070344310612127
mn.device-5,2026-07-02 09:28:37,0.0027231250027803136
mn.device-5,2026-07-02 09:28:52,0.0028253213894967166
mn.device-5,2026-07-02 09:29:07,0.002824247202179985
mn.device-5,2026-07-02 09:29:22,0.0021289014714620256
mn.device-5,2026-07-02 09:29:37,0.0014671762136737778
mn.device-5,2026-07-02 09:29:52,0.0014656183595410121
mn.device-5,2026-07-02 09:30:07,0.0014759165450330554
mn.device-5,2026-07-02 09:30:22,0.0023168470652507925
mn.device-5,2026-07-02 09:30:37,0.0025857758021947505
mn.device-5,2026-07-02 09:30:52,0.0026800794580553156
mn.device-5,2026-07-02 09:31:07,0.0020313555816038067
mn.device-5,2026-07-02 09:31:22,0.0014524477438336016
mn.device-5,2026-07-02 09:31:37,0.0014435009687473685
mn.device-5,2026-07-02 09:31:52,0.0014001743071291647
mn.device-5,2026-07-02 09:32:07,0.001538777847178847
mn.device-5,2026-07-02 09:32:22,0.0017348730026941388
mn.device-5,2026-07-02 09:32:37,0.0016141739176106036
mn.device-5,2026-07-02 09:32:52,0.001309568000000001
mn.device-5,2026-07-02 09:33:07,0.0013345140181499845
mn.device-5,2026-07-02 09:33:22,0.001281359926527926
mn.device-5,2026-07-02 09:33:37,0.0013138050249880216
mn.device-5,2026-07-02 09:33:52,0.0012506764819576795
mn.device-5,2026-07-02 09:34:07,0.0011901715686274499
mn.device-38,2026-07-02 09:24:22,0
mn.device-38,2026-07-02 09:24:37,0
mn.device-38,2026-07-02 09:24:52,0
mn.device-38,2026-07-02 09:25:07,0
mn.device-38,2026-07-02 09:25:22,0
mn.device-38,2026-07-02 09:25:37,0
mn.device-38,2026-07-02 09:25:52,0
mn.device-38,2026-07-02 09:26:07,0.00949808798704654
mn.device-38,2026-07-02 09:26:22,0.009866794285714287
mn.device-38,2026-07-02 09:26:37,0.010146071930882057
mn.device-38,2026-07-02 09:26:52,0.010463558258306374
mn.device-38,2026-07-02 09:27:07,0.0015922244461783774
mn.device-38,2026-07-02 09:27:22,0.0013917098445595855
mn.device-38,2026-07-02 09:27:37,0.0014473330808167765
mn.device-38,2026-07-02 09:27:52,0.0013218499378104883
mn.device-38,2026-07-02 09:28:07,0.0013352199859783514
mn.device-38,2026-07-02 09:28:22,0.0015091520745277333
mn.device-38,2026-07-02 09:28:37,0.001526895836932111
mn.device-38,2026-07-02 09:28:52,0.0015565694051956006
mn.device-38,2026-07-02 09:29:07,0.0015548370628775622
mn.device-38,2026-07-02 09:29:22,0.0013823429965292438
mn.device-38,2026-07-02 09:29:37,0.001374650994450382
mn.device-38,2026-07-02 09:29:52,0.00133716027432055
mn.device-38,2026-07-02 09:30:07,0.0017640810573898709
mn.device-38,2026-07-02 09:30:22,0.0020191542857142834
mn.device-38,2026-07-02 09:30:37,0.0022807336589421166
mn.device-38,2026-07-02 09:30:52,0.0025057703157858767
mn.device-38,2026-07-02 09:31:07,0.002056008181353334
mn.device-38,2026-07-02 09:31:22,0.001719397005750203
mn.device-38,2026-07-02 09:31:37,0.0015733802450438688
mn.device-38,2026-07-02 09:31:52,0.0012889625524421175
mn.device-38,2026-07-02 09:32:07,0.0015838269687089258
mn.device-38,2026-07-02 09:32:22,0.0016774380376458557
mn.device-38,2026-07-02 09:32:37,0.001653067071115605
mn.device-38,2026-07-02 09:32:52,0.001264687353996299
mn.device-38,2026-07-02 09:33:07,0.0013037141097893066
mn.device-38,2026-07-02 09:33:22,0.0014455597402818726
mn.device-38,2026-07-02 09:33:37,0.0014137691591159303
mn.device-38,2026-07-02 09:33:52,0.0014389635150359654
mn.device-38,2026-07-02 09:34:07,0.0011464643818557751
mn.device-89,2026-07-02 09:24:22,0
mn.device-89,2026-07-02 09:24:37,0
mn.device-89,2026-07-02 09:24:52,0
mn.device-89,2026-07-02 09:25:07,0
mn.device-89,2026-07-02 09:25:22,0
mn.device-89,2026-07-02 09:25:37,0
mn.device-89,2026-07-02 09:25:52,0
mn.device-89,2026-07-02 09:26:07,0
mn.device-89,2026-07-02 09:26:22,0
mn.device-89,2026-07-02 09:26:37,0
mn.device-89,2026-07-02 09:26:52,0.005839131950952947
mn.device-89,2026-07-02 09:27:07,0.007900261442346871
mn.device-89,2026-07-02 09:27:22,0.008460186870942254
mn.device-89,2026-07-02 09:27:37,0.008626122173472832
mn.device-89,2026-07-02 09:27:52,0.0015301987522406532
mn.device-89,2026-07-02 09:28:07,0.0011863292011019286
mn.device-89,2026-07-02 09:28:22,0.0012070168962566492
mn.device-89,2026-07-02 09:28:37,0.0014064204349326886
mn.device-89,2026-07-02 09:28:52,0.001487417397623756
mn.device-89,2026-07-02 09:29:07,0.0016288279757174014
mn.device-89,2026-07-02 09:29:22,0.0015595223589618605
mn.device-89,2026-07-02 09:29:37,0.001478266747786115
mn.device-89,2026-07-02 09:29:52,0.0014590308519479651
mn.device-89,2026-07-02 09:30:07,0.0016179167605609385
mn.device-89,2026-07-02 09:30:22,0.0016648946076356535
mn.device-89,2026-07-02 09:30:37,0.0016094164227922188
mn.device-89,2026-07-02 09:30:52,0.0015504518072289159
mn.device-89,2026-07-02 09:31:07,0.0013515834858932017
mn.device-89,2026-07-02 09:31:22,0.0011957955202066544
mn.device-89,2026-07-02 09:31:37,0.0012319369584498875
mn.device-89,2026-07-02 09:31:52,0.001246246092348692
mn.device-89,2026-07-02 09:32:07,0.0016756806444604153
mn.device-89,2026-07-02 09:32:22,0.001601495062495682
mn.device-89,2026-07-02 09:32:37,0.001657265791032295
mn.device-89,2026-07-02 09:32:52,0.0009268000434747269
mn.device-89,2026-07-02 09:33:07,0.0009535251017953985
mn.device-89,2026-07-02 09:33:22,0.0016865363975536193
mn.device-89,2026-07-02 09:33:37,0.0017024579560155218
mn.device-89,2026-07-02 09:33:52,0.0017303437342113988
mn.device-89,2026-07-02 09:34:07,0.0010318343750000028
mn.device-75,2026-07-02 09:24:22,0
mn.device-75,2026-07-02 09:24:37,0
mn.device-75,2026-07-02 09:24:52,0
mn.device-75,2026-07-02 09:25:07,0
mn.device-75,2026-07-02 09:25:22,0
mn.device-75,2026-07-02 09:25:37,0
mn.device-75,2026-07-02 09:25:52,0
mn.device-75,2026-07-02 09:26:07,0
mn.device-75,2026-07-02 09:26:22,0
mn.device-75,2026-07-02 09:26:37,0.011017353908423982
mn.device-75,2026-07-02 09:26:52,0.011528188815646196
mn.device-75,2026-07-02 09:27:07,0.01203316842624233
mn.device-75,2026-07-02 09:27:22,0.012612130177514795
mn.device-75,2026-07-02 09:27:37,0.0015903498317442512
mn.device-75,2026-07-02 09:27:52,0.0012519328081555758
mn.device-75,2026-07-02 09:28:07,0.0012484918077740451
mn.device-75,2026-07-02 09:28:22,0.0012024125493398665
mn.device-75,2026-07-02 09:28:37,0.0013614844872770304
mn.device-75,2026-07-02 09:28:52,0.0015622890430908936
mn.device-75,2026-07-02 09:29:07,0.0016475467309698478
mn.device-75,2026-07-02 09:29:22,0.001593844095015054
mn.device-75,2026-07-02 09:29:37,0.0015147104527090034
mn.device-75,2026-07-02 09:29:52,0.0012441150382096044
mn.device-75,2026-07-02 09:30:07,0.0013729003359462491
mn.device-75,2026-07-02 09:30:22,0.0018840330325190088
mn.device-75,2026-07-02 09:30:37,0.0020198738545757467
mn.device-75,2026-07-02 09:30:52,0.0021827333480708084
mn.device-75,2026-07-02 09:31:07,0.0015736201995054427
mn.device-75,2026-07-02 09:31:22,0.0015060388768898482
mn.device-75,2026-07-02 09:31:37,0.0015262722097636719
mn.device-75,2026-07-02 09:31:52,0.0014569469095169958
mn.device-75,2026-07-02 09:32:07,0.001666475015680533
mn.device-75,2026-07-02 09:32:22,0.001879106529209622
mn.device-75,2026-07-02 09:32:37,0.001951246575817469
mn.device-75,2026-07-02 09:32:52,0.0013934093884813803
mn.device-75,2026-07-02 09:33:07,0.001352784492963272
mn.device-75,2026-07-02 09:33:22,0.0013559330768173703
mn.device-75,2026-07-02 09:33:37,0.0015924203832544167
mn.device-75,2026-07-02 09:33:52,0.0015973967528646088
mn.device-75,2026-07-02 09:34:07,0.001336548353450285
mn.device-9,2026-07-02 09:24:22,0
mn.device-9,2026-07-02 09:24:37,0
mn.device-9,2026-07-02 09:24:52,0
mn.device-9,2026-07-02 09:25:07,0
mn.device-9,2026-07-02 09:25:22,0
mn.device-9,2026-07-02 09:25:37,0
mn.device-9,2026-07-02 09:25:52,0.007550042504467307
mn.device-9,2026-07-02 09:26:07,0.007677277253624535
mn.device-9,2026-07-02 09:26:22,0.008251061616161617
mn.device-9,2026-07-02 09:26:37,0.0021236955448494244
mn.device-9,2026-07-02 09:26:52,0.0015355851950584508
mn.device-9,2026-07-02 09:27:07,0.0017231552959176577
mn.device-9,2026-07-02 09:27:22,0.0014271047227926085
mn.device-9,2026-07-02 09:27:37,0.0013755813756828525
mn.device-9,2026-07-02 09:27:52,0.001204238056905645
mn.device-9,2026-07-02 09:28:07,0.0012735431294303844
mn.device-9,2026-07-02 09:28:22,0.0012722524859489855
mn.device-9,2026-07-02 09:28:37,0.0018298717218280067
mn.device-9,2026-07-02 09:28:52,0.0017858554799033604
mn.device-9,2026-07-02 09:29:07,0.0017735670937289274
mn.device-9,2026-07-02 09:29:22,0.0015594028224639532
mn.device-9,2026-07-02 09:29:37,0.0012540083667719624
mn.device-9,2026-07-02 09:29:52,0.0011616863244042503
mn.device-9,2026-07-02 09:30:07,0.0015483377913641573
mn.device-9,2026-07-02 09:30:22,0.002113011958399676
mn.device-9,2026-07-02 09:30:37,0.002149342340959109
mn.device-9,2026-07-02 09:30:52,0.0022021908495852205
mn.device-9,2026-07-02 09:31:07,0.0015942288523593136
mn.device-9,2026-07-02 09:31:22,0.001314418155813271
mn.device-9,2026-07-02 09:31:37,0.0013280276816608986
mn.device-9,2026-07-02 09:31:52,0.00128222175320107
mn.device-9,2026-07-02 09:32:07,0.0016132213231630844
mn.device-9,2026-07-02 09:32:22,0.0016878958785249447
mn.device-9,2026-07-02 09:32:37,0.0017077702412638465
mn.device-9,2026-07-02 09:32:52,0.0015502767001369256
mn.device-9,2026-07-02 09:33:07,0.001365318658551752
mn.device-9,2026-07-02 09:33:22,0.0017736021069692054
mn.device-9,2026-07-02 09:33:37,0.001997338925701396
mn.device-9,2026-07-02 09:33:52,0.0018407935671421018
mn.device-9,2026-07-02 09:34:07,0.001533785196245886
mn.device-37,2026-07-02 09:24:22,0
mn.device-37,2026-07-02 09:24:37,0
mn.device-37,2026-07-02 09:24:52,0
mn.device-37,2026-07-02 09:25:07,0
mn.device-37,2026-07-02 09:25:22,0
mn.device-37,2026-07-02 09:25:37,0
mn.device-37,2026-07-02 09:25:52,0
mn.device-37,2026-07-02 09:26:07,0.007424964816531082
mn.device-37,2026-07-02 09:26:22,0.007791681476857187
mn.device-37,2026-07-02 09:26:37,0.00812776055682573
mn.device-37,2026-07-02 09:26:52,0.008114464969392639
mn.device-37,2026-07-02 09:27:07,0.0013914017620996948
mn.device-37,2026-07-02 09:27:22,0.0014779933425237896
mn.device-37,2026-07-02 09:27:37,0.001502014831871593
mn.device-37,2026-07-02 09:27:52,0.0014342905982905987
mn.device-37,2026-07-02 09:28:07,0.0012104238832853025
mn.device-37,2026-07-02 09:28:22,0.0012872289730760066
mn.device-37,2026-07-02 09:28:37,0.0015518651776925438
mn.device-37,2026-07-02 09:28:52,0.0016683671757006207
mn.device-37,2026-07-02 09:29:07,0.001680139208796381
mn.device-37,2026-07-02 09:29:22,0.0016885860426008965
mn.device-37,2026-07-02 09:29:37,0.001333787748058672
mn.device-37,2026-07-02 09:29:52,0.0012806429430978164
mn.device-37,2026-07-02 09:30:07,0.0013441916580489487
mn.device-37,2026-07-02 09:30:22,0.0016769044698828018
mn.device-37,2026-07-02 09:30:37,0.0018304190482632664
mn.device-37,2026-07-02 09:30:52,0.0018527059064317511
mn.device-37,2026-07-02 09:31:07,0.0014966851112671947
mn.device-37,2026-07-02 09:31:22,0.0017531422994733392
mn.device-37,2026-07-02 09:31:37,0.0014410815450643794
mn.device-37,2026-07-02 09:31:52,0.0014413594609034356
mn.device-37,2026-07-02 09:32:07,0.0010748167092924153
mn.device-37,2026-07-02 09:32:22,0.0011497210756290916
mn.device-37,2026-07-02 09:32:37,0.0010875159984779826
mn.device-37,2026-07-02 09:32:52,0.000979705962716665
mn.device-37,2026-07-02 09:33:07,0.0009800535035106805
mn.device-37,2026-07-02 09:33:22,0.001510035982878288
mn.device-37,2026-07-02 09:33:37,0.0015059916520802478
mn.device-37,2026-07-02 09:33:52,0.001784048015778556
mn.device-37,2026-07-02 09:34:07,0.0014313358110641442
mn.device-97,2026-07-02 09:24:22,0
mn.device-97,2026-07-02 09:24:37,0
mn.device-97,2026-07-02 09:24:52,0
mn.device-97,2026-07-02 09:25:07,0
mn.device-97,2026-07-02 09:25:22,0
mn.device-97,2026-07-02 09:25:37,0
mn.device-97,2026-07-02 09:25:52,0
mn.device-97,2026-07-02 09:26:07,0
mn.device-97,2026-07-02 09:26:22,0
mn.device-97,2026-07-02 09:26:37,0
mn.device-97,2026-07-02 09:26:52,0
mn.device-97,2026-07-02 09:27:07,0.03583025929344634
mn.device-97,2026-07-02 09:27:22,0.03841632335519918
mn.device-97,2026-07-02 09:27:37,0.0375445145191338
mn.device-97,2026-07-02 09:27:52,0.0014718044239188173
mn.device-97,2026-07-02 09:28:07,0.001528753636160215
mn.device-97,2026-07-02 09:28:22,0.002070611753943108
mn.device-97,2026-07-02 09:28:37,0.00217698242751776
mn.device-97,2026-07-02 09:28:52,0.002287693491832721
mn.device-97,2026-07-02 09:29:07,0.002316502588044246
mn.device-97,2026-07-02 09:29:22,0.0014237946023407423
mn.device-97,2026-07-02 09:29:37,0.0012844197354551297
mn.device-97,2026-07-02 09:29:52,0.0012729048878745467
mn.device-97,2026-07-02 09:30:07,0.0013062488009906047
mn.device-97,2026-07-02 09:30:22,0.0014339866612222644
mn.device-97,2026-07-02 09:30:37,0.0014565812308362316
mn.device-97,2026-07-02 09:30:52,0.0015451257858161637
mn.device-97,2026-07-02 09:31:07,0.0013811659925938064
mn.device-97,2026-07-02 09:31:22,0.001405584041701445
mn.device-97,2026-07-02 09:31:37,0.001211020758624176
mn.device-97,2026-07-02 09:31:52,0.0012106251814409377
mn.device-97,2026-07-02 09:32:07,0.001669725393083093
mn.device-97,2026-07-02 09:32:22,0.0017390763038510075
mn.device-97,2026-07-02 09:32:37,0.0017157060394589485
mn.device-97,2026-07-02 09:32:52,0.0011915972222222247
mn.device-97,2026-07-02 09:33:07,0.001142664000740321
mn.device-97,2026-07-02 09:33:22,0.0014600268437897931
mn.device-97,2026-07-02 09:33:37,0.0014446136804209396
mn.device-97,2026-07-02 09:33:52,0.0015200563692183834
mn.device-97,2026-07-02 09:34:07,0.0011600571428571449
mn.device-20,2026-07-02 09:24:22,0
mn.device-20,2026-07-02 09:24:37,0
mn.device-20,2026-07-02 09:24:52,0
mn.device-20,2026-07-02 09:25:07,0
mn.device-20,2026-07-02 09:25:22,0
mn.device-20,2026-07-02 09:25:37,0
mn.device-20,2026-07-02 09:25:52,0.006358954960407526
mn.device-20,2026-07-02 09:26:07,0.006989715391273356
mn.device-20,2026-07-02 09:26:22,0.007293007819634412
mn.device-20,2026-07-02 09:26:37,0.007789148844847083
mn.device-20,2026-07-02 09:26:52,0.0014202413793103447
mn.device-20,2026-07-02 09:27:07,0.0014962387936660595
mn.device-20,2026-07-02 09:27:22,0.001577785102175345
mn.device-20,2026-07-02 09:27:37,0.0014036722065362563
mn.device-20,2026-07-02 09:27:52,0.0013849010420775023
mn.device-20,2026-07-02 09:28:07,0.0014070969165238343
mn.device-20,2026-07-02 09:28:22,0.0013488893417566749
mn.device-20,2026-07-02 09:28:37,0.0016649571484554698
mn.device-20,2026-07-02 09:28:52,0.0019325426993056624
mn.device-20,2026-07-02 09:29:07,0.002039480791009669
mn.device-20,2026-07-02 09:29:22,0.0018010664137380183
mn.device-20,2026-07-02 09:29:37,0.0017226265932994355
mn.device-20,2026-07-02 09:29:52,0.0014351935731988716
mn.device-20,2026-07-02 09:30:07,0.0016069912183476862
mn.device-20,2026-07-02 09:30:22,0.0018839219856939468
mn.device-20,2026-07-02 09:30:37,0.002315142290326993
mn.device-20,2026-07-02 09:30:52,0.0022637704054765673
mn.device-20,2026-07-02 09:31:07,0.0021426473814787953
mn.device-20,2026-07-02 09:31:22,0.0014073088217616033
mn.device-20,2026-07-02 09:31:37,0.0013652703862660947
mn.device-20,2026-07-02 09:31:52,0.0013396860031024654
mn.device-20,2026-07-02 09:32:07,0.001477965809013986
mn.device-20,2026-07-02 09:32:22,0.0015009140449536026
mn.device-20,2026-07-02 09:32:37,0.0014425195782621992
mn.device-20,2026-07-02 09:32:52,0.0013003738095238085
mn.device-20,2026-07-02 09:33:07,0.0012470498257332603
mn.device-20,2026-07-02 09:33:22,0.0014986421243210614
mn.device-20,2026-07-02 09:33:37,0.0015736910972521984
mn.device-20,2026-07-02 09:33:52,0.0014862763273083071
mn.device-20,2026-07-02 09:34:07,0.0013232755681300485
mn.device-52,2026-07-02 09:24:22,0
mn.device-52,2026-07-02 09:24:37,0
mn.device-52,2026-07-02 09:24:52,0
mn.device-52,2026-07-02 09:25:07,0
mn.device-52,2026-07-02 09:25:22,0
mn.device-52,2026-07-02 09:25:37,0
mn.device-52,2026-07-02 09:25:52,0
mn.device-52,2026-07-02 09:26:07,0
mn.device-52,2026-07-02 09:26:22,0.015732953964630116
mn.device-52,2026-07-02 09:26:37,0.0160384133050146
mn.device-52,2026-07-02 09:26:52,0.01623399780975692
mn.device-52,2026-07-02 09:27:07,0.016727630034199376
mn.device-52,2026-07-02 09:27:22,0.001362547288776798
mn.device-52,2026-07-02 09:27:37,0.0013557942321091726
mn.device-52,2026-07-02 09:27:52,0.0012317389472809059
mn.device-52,2026-07-02 09:28:07,0.0011915421625728032
mn.device-52,2026-07-02 09:28:22,0.001279363999659891
mn.device-52,2026-07-02 09:28:37,0.0012557503946765333
mn.device-52,2026-07-02 09:28:52,0.001315315006512648
mn.device-52,2026-07-02 09:29:07,0.0012524532750788852
mn.device-52,2026-07-02 09:29:22,0.0013042648427656683
mn.device-52,2026-07-02 09:29:37,0.0012293138114141346
mn.device-52,2026-07-02 09:29:52,0.0012506321328504101
mn.device-52,2026-07-02 09:30:07,0.0012432294934626674
mn.device-52,2026-07-02 09:30:22,0.0013293977158198554
mn.device-52,2026-07-02 09:30:37,0.0014344824093456715
mn.device-52,2026-07-02 09:30:52,0.0015551992905019393
mn.device-52,2026-07-02 09:31:07,0.001400731187163605
mn.device-52,2026-07-02 09:31:22,0.0014681665136210607
mn.device-52,2026-07-02 09:31:37,0.0012906525752417756
mn.device-52,2026-07-02 09:31:52,0.0012119009395180457
mn.device-52,2026-07-02 09:32:07,0.0010905126894907183
mn.device-52,2026-07-02 09:32:22,0.0018102237186170113
mn.device-52,2026-07-02 09:32:37,0.0017536049182309552
mn.device-52,2026-07-02 09:32:52,0.0018947524493217256
mn.device-52,2026-07-02 09:33:07,0.0019068102628724628
mn.device-52,2026-07-02 09:33:22,0.0015222078557450367
mn.device-52,2026-07-02 09:33:37,0.0017392089423903692
mn.device-52,2026-07-02 09:33:52,0.0016994887268460316
mn.device-52,2026-07-02 09:34:07,0.0014365288657663536
mn.device-29,2026-07-02 09:24:22,0
mn.device-29,2026-07-02 09:24:37,0
mn.device-29,2026-07-02 09:24:52,0
mn.device-29,2026-07-02 09:25:07,0
mn.device-29,2026-07-02 09:25:22,0
mn.device-29,2026-07-02 09:25:37,0
mn.device-29,2026-07-02 09:25:52,0
mn.device-29,2026-07-02 09:26:07,0.007949726147812563
mn.device-29,2026-07-02 09:26:22,0.008409764922174946
mn.device-29,2026-07-02 09:26:37,0.008688825340172639
mn.device-29,2026-07-02 09:26:52,0.001371746478273777
mn.device-29,2026-07-02 09:27:07,0.0013208183491921468
mn.device-29,2026-07-02 09:27:22,0.0012614217977028035
mn.device-29,2026-07-02 09:27:37,0.0012357891879051133
mn.device-29,2026-07-02 09:27:52,0.001223813849297901
mn.device-29,2026-07-02 09:28:07,0.0014170555614869405
mn.device-29,2026-07-02 09:28:22,0.0013103609290420763
mn.device-29,2026-07-02 09:28:37,0.0016442194995395876
mn.device-29,2026-07-02 09:28:52,0.0016706908344733238
mn.device-29,2026-07-02 09:29:07,0.0017122922224502358
mn.device-29,2026-07-02 09:29:22,0.001733105542900532
mn.device-29,2026-07-02 09:29:37,0.0012378523627774819
mn.device-29,2026-07-02 09:29:52,0.0012025194299402017
mn.device-29,2026-07-02 09:30:07,0.0013089979234241203
mn.device-29,2026-07-02 09:30:22,0.0021654253627675776
mn.device-29,2026-07-02 09:30:37,0.002453357605866242
mn.device-29,2026-07-02 09:30:52,0.0028753565755086008
mn.device-29,2026-07-02 09:31:07,0.0028351570175141456
mn.device-29,2026-07-02 09:31:22,0.0017978116295338162
mn.device-29,2026-07-02 09:31:37,0.0016918943971436409
mn.device-29,2026-07-02 09:31:52,0.0013019637336007365
mn.device-29,2026-07-02 09:32:07,0.001680989197019146
mn.device-29,2026-07-02 09:32:22,0.0016723475383846533
mn.device-29,2026-07-02 09:32:37,0.0016304689480354858
mn.device-29,2026-07-02 09:32:52,0.0011292013888888894
mn.device-29,2026-07-02 09:33:07,0.0010800945316693487
mn.device-29,2026-07-02 09:33:22,0.0015776661712704346
mn.device-29,2026-07-02 09:33:37,0.001744282313981168
mn.device-29,2026-07-02 09:33:52,0.0020358749704001903
mn.device-29,2026-07-02 09:34:07,0.0018376403809662568
mn.device-51,2026-07-02 09:24:22,0
mn.device-51,2026-07-02 09:24:37,0
mn.device-51,2026-07-02 09:24:52,0
mn.device-51,2026-07-02 09:25:07,0
mn.device-51,2026-07-02 09:25:22,0
mn.device-51,2026-07-02 09:25:37,0
mn.device-51,2026-07-02 09:25:52,0
mn.device-51,2026-07-02 09:26:07,0
mn.device-51,2026-07-02 09:26:22,0.011175101284076082
mn.device-51,2026-07-02 09:26:37,0.011458181555325644
mn.device-51,2026-07-02 09:26:52,0.011741973333333334
mn.device-51,2026-07-02 09:27:07,0.012443781511139024
mn.device-51,2026-07-02 09:27:22,0.0017142616517037519
mn.device-51,2026-07-02 09:27:37,0.0017089793449140088
mn.device-51,2026-07-02 09:27:52,0.0016708885631846048
mn.device-51,2026-07-02 09:28:07,0.0014416941881447705
mn.device-51,2026-07-02 09:28:22,0.0013640396884081652
mn.device-51,2026-07-02 09:28:37,0.0014815353644714348
mn.device-51,2026-07-02 09:28:52,0.001634748108351173
mn.device-51,2026-07-02 09:29:07,0.0015822253918122693
mn.device-51,2026-07-02 09:29:22,0.0015769746463042513
mn.device-51,2026-07-02 09:29:37,0.00138819299074887
mn.device-51,2026-07-02 09:29:52,0.0013088659237655287
mn.device-51,2026-07-02 09:30:07,0.0016118658790826952
mn.device-51,2026-07-02 09:30:22,0.001806983491679861
mn.device-51,2026-07-02 09:30:37,0.001856351925153436
mn.device-51,2026-07-02 09:30:52,0.0020664797825348264
mn.device-51,2026-07-02 09:31:07,0.00173199282228446
mn.device-51,2026-07-02 09:31:22,0.0016190336749633968
mn.device-51,2026-07-02 09:31:37,0.0013765961253845507
mn.device-51,2026-07-02 09:31:52,0.0014971940858627098
mn.device-51,2026-07-02 09:32:07,0.0014913063412569636
mn.device-51,2026-07-02 09:32:22,0.0015557497857754932
mn.device-51,2026-07-02 09:32:37,0.001401739452257589
mn.device-51,2026-07-02 09:32:52,0.0013450886197319063
mn.device-51,2026-07-02 09:33:07,0.001232049224847225
mn.device-51,2026-07-02 09:33:22,0.0014690316095937869
mn.device-51,2026-07-02 09:33:37,0.001511315908223123
mn.device-51,2026-07-02 09:33:52,0.001452261481031342
mn.device-51,2026-07-02 09:34:07,0.0014847892156862725
mn.device-54,2026-07-02 09:24:22,0
mn.device-54,2026-07-02 09:24:37,0
mn.device-54,2026-07-02 09:24:52,0
mn.device-54,2026-07-02 09:25:07,0
mn.device-54,2026-07-02 09:25:22,0
mn.device-54,2026-07-02 09:25:37,0
mn.device-54,2026-07-02 09:25:52,0
mn.device-54,2026-07-02 09:26:07,0
mn.device-54,2026-07-02 09:26:22,0.010682704978287171
mn.device-54,2026-07-02 09:26:37,0.011119687221956063
mn.device-54,2026-07-02 09:26:52,0.011133665270122143
mn.device-54,2026-07-02 09:27:07,0.011722761724301279
mn.device-54,2026-07-02 09:27:22,0.0015192141698028505
mn.device-54,2026-07-02 09:27:37,0.001586585198877251
mn.device-54,2026-07-02 09:27:52,0.0015120436957786897
mn.device-54,2026-07-02 09:28:07,0.001715479141029863
mn.device-54,2026-07-02 09:28:22,0.002239491303147432
mn.device-54,2026-07-02 09:28:37,0.0027156872869978296
mn.device-54,2026-07-02 09:28:52,0.002493664202745514
mn.device-54,2026-07-02 09:29:07,0.002497086720867207
mn.device-54,2026-07-02 09:29:22,0.0016410354832367688
mn.device-54,2026-07-02 09:29:37,0.0014253317740377273
mn.device-54,2026-07-02 09:29:52,0.0014724753919066712
mn.device-54,2026-07-02 09:30:07,0.0015582717746091713
mn.device-54,2026-07-02 09:30:22,0.001870928120404806
mn.device-54,2026-07-02 09:30:37,0.00203589850105584
mn.device-54,2026-07-02 09:30:52,0.0022222069250361384
mn.device-54,2026-07-02 09:31:07,0.0023635670989807316
mn.device-54,2026-07-02 09:31:22,0.0019026478031216557
mn.device-54,2026-07-02 09:31:37,0.0017283822427997518
mn.device-54,2026-07-02 09:31:52,0.0015495794078061902
mn.device-54,2026-07-02 09:32:07,0.0012951898040290551
mn.device-54,2026-07-02 09:32:22,0.0015814937074479045
mn.device-54,2026-07-02 09:32:37,0.0015562494696648276
mn.device-54,2026-07-02 09:32:52,0.0013288081522326966
mn.device-54,2026-07-02 09:33:07,0.0013406238296661617
mn.device-54,2026-07-02 09:33:22,0.0010906022073356324
mn.device-54,2026-07-02 09:33:37,0.0011799195833262634
mn.device-54,2026-07-02 09:33:52,0.0012008359669691123
mn.device-54,2026-07-02 09:34:07,0.001099065591605681
mn.device-40,2026-07-02 09:24:22,0
mn.device-40,2026-07-02 09:24:37,0
mn.device-40,2026-07-02 09:24:52,0
mn.device-40,2026-07-02 09:25:07,0
mn.device-40,2026-07-02 09:25:22,0
mn.device-40,2026-07-02 09:25:37,0
mn.device-40,2026-07-02 09:25:52,0
mn.device-40,2026-07-02 09:26:07,0.016303141825120968
mn.device-40,2026-07-02 09:26:22,0.017034793770323468
mn.device-40,2026-07-02 09:26:37,0.017812428412684846
mn.device-40,2026-07-02 09:26:52,0.018106862144493897
mn.device-40,2026-07-02 09:27:07,0.0022940126175455327
mn.device-40,2026-07-02 09:27:22,0.0019624790218173106
mn.device-40,2026-07-02 09:27:37,0.0017171449696511164
mn.device-40,2026-07-02 09:27:52,0.0014996492144988536
mn.device-40,2026-07-02 09:28:07,0.0015242835908603832
mn.device-40,2026-07-02 09:28:22,0.001397673278208965
mn.device-40,2026-07-02 09:28:37,0.0016114626742810103
mn.device-40,2026-07-02 09:28:52,0.0016568695171651562
mn.device-40,2026-07-02 09:29:07,0.001655969433212254
mn.device-40,2026-07-02 09:29:22,0.001611700462592605
mn.device-40,2026-07-02 09:29:37,0.0013422187108187505
mn.device-40,2026-07-02 09:29:52,0.0012622879658074006
mn.device-40,2026-07-02 09:30:07,0.0014756617546732133
mn.device-40,2026-07-02 09:30:22,0.0017352288699598664
mn.device-40,2026-07-02 09:30:37,0.002033449730327756
mn.device-40,2026-07-02 09:30:52,0.0019555722053562104
mn.device-40,2026-07-02 09:31:07,0.0017541896604259086
mn.device-40,2026-07-02 09:31:22,0.001889639794168096
mn.device-40,2026-07-02 09:31:37,0.0016757533990164543
mn.device-40,2026-07-02 09:31:52,0.001970904544987502
mn.device-40,2026-07-02 09:32:07,0.0021396558420723804
mn.device-40,2026-07-02 09:32:22,0.0019324988142828074
mn.device-40,2026-07-02 09:32:37,0.0018817614129417557
mn.device-40,2026-07-02 09:32:52,0.00128635176853154
mn.device-40,2026-07-02 09:33:07,0.00142815778554739
mn.device-40,2026-07-02 09:33:22,0.0019727448266434245
mn.device-40,2026-07-02 09:33:37,0.0019897352132049522
mn.device-40,2026-07-02 09:33:52,0.0018415099505467226
mn.device-40,2026-07-02 09:34:07,0.0012930818181818163
mn.device-80,2026-07-02 09:24:22,0
mn.device-80,2026-07-02 09:24:37,0
mn.device-80,2026-07-02 09:24:52,0
mn.device-80,2026-07-02 09:25:07,0
mn.device-80,2026-07-02 09:25:22,0
mn.device-80,2026-07-02 09:25:37,0
mn.device-80,2026-07-02 09:25:52,0
mn.device-80,2026-07-02 09:26:07,0
mn.device-80,2026-07-02 09:26:22,0
mn.device-80,2026-07-02 09:26:37,0.015375646279676988
mn.device-80,2026-07-02 09:26:52,0.01566407585720341
mn.device-80,2026-07-02 09:27:07,0.01686728416159683
mn.device-80,2026-07-02 09:27:22,0.017522696418003973
mn.device-80,2026-07-02 09:27:37,0.002147755737593937
mn.device-80,2026-07-02 09:27:52,0.001561709883843044
mn.device-80,2026-07-02 09:28:07,0.0012664032832110088
mn.device-80,2026-07-02 09:28:22,0.0012028340776365492
mn.device-80,2026-07-02 09:28:37,0.0015526291884131072
mn.device-80,2026-07-02 09:28:52,0.0016952712170580598
mn.device-80,2026-07-02 09:29:07,0.001711416857758322
mn.device-80,2026-07-02 09:29:22,0.001438260854317673
mn.device-80,2026-07-02 09:29:37,0.0012149267831837482
mn.device-80,2026-07-02 09:29:52,0.0012056290185612037
mn.device-80,2026-07-02 09:30:07,0.0013084256154966328
mn.device-80,2026-07-02 09:30:22,0.0013436008301625747
mn.device-80,2026-07-02 09:30:37,0.0012535245545415032
mn.device-80,2026-07-02 09:30:52,0.00129358715707068
mn.device-80,2026-07-02 09:31:07,0.001235619777158776
mn.device-80,2026-07-02 09:31:22,0.0012732256351395336
mn.device-80,2026-07-02 09:31:37,0.0013085253300997048
mn.device-80,2026-07-02 09:31:52,0.0022455621301775137
mn.device-80,2026-07-02 09:32:07,0.002485090549097923
mn.device-80,2026-07-02 09:32:22,0.002694322319159166
mn.device-80,2026-07-02 09:32:37,0.0026657038718107397
mn.device-80,2026-07-02 09:32:52,0.0013060675413249737
mn.device-80,2026-07-02 09:33:07,0.001312582956565137
mn.device-80,2026-07-02 09:33:22,0.0016647615429775196
mn.device-80,2026-07-02 09:33:37,0.0026579177452812383
mn.device-80,2026-07-02 09:33:52,0.003196761691499438
mn.device-80,2026-07-02 09:34:07,0.002533176470588235
mn.device-46,2026-07-02 09:24:22,0
mn.device-46,2026-07-02 09:24:37,0
mn.device-46,2026-07-02 09:24:52,0
mn.device-46,2026-07-02 09:25:07,0
mn.device-46,2026-07-02 09:25:22,0
mn.device-46,2026-07-02 09:25:37,0
mn.device-46,2026-07-02 09:25:52,0
mn.device-46,2026-07-02 09:26:07,0.00721790612488287
mn.device-46,2026-07-02 09:26:22,0.009926548330531203
mn.device-46,2026-07-02 09:26:37,0.0103999199568463
mn.device-46,2026-07-02 09:26:52,0.01029867405212981
mn.device-46,2026-07-02 09:27:07,0.0023977394675805713
mn.device-46,2026-07-02 09:27:22,0.0019329555046424703
mn.device-46,2026-07-02 09:27:37,0.0018671623421509624
mn.device-46,2026-07-02 09:27:52,0.001000835493514746
mn.device-46,2026-07-02 09:28:07,0.0010964728183602997
mn.device-46,2026-07-02 09:28:22,0.0011371141543213019
mn.device-46,2026-07-02 09:28:37,0.0012209613513137784
mn.device-46,2026-07-02 09:28:52,0.0013737783766266992
mn.device-46,2026-07-02 09:29:07,0.0013760224511448038
mn.device-46,2026-07-02 09:29:22,0.0015598186064545347
mn.device-46,2026-07-02 09:29:37,0.0015355775394584094
mn.device-46,2026-07-02 09:29:52,0.0014164371450916396
mn.device-46,2026-07-02 09:30:07,0.001268579991984245
mn.device-46,2026-07-02 09:30:22,0.001188462241450285
mn.device-46,2026-07-02 09:30:37,0.0013405682648052846
mn.device-46,2026-07-02 09:30:52,0.0013332828257319367
mn.device-46,2026-07-02 09:31:07,0.001321378088863912
mn.device-46,2026-07-02 09:31:22,0.0014074411724232828
mn.device-46,2026-07-02 09:31:37,0.0013444795059717682
mn.device-46,2026-07-02 09:31:52,0.0017462712362385706
mn.device-46,2026-07-02 09:32:07,0.0018831780538302266
mn.device-46,2026-07-02 09:32:22,0.002060224780235661
mn.device-46,2026-07-02 09:32:37,0.0020361248227919434
mn.device-46,2026-07-02 09:32:52,0.0016855990958317153
mn.device-46,2026-07-02 09:33:07,0.0014218845562908788
mn.device-46,2026-07-02 09:33:22,0.0011059981565537988
mn.device-46,2026-07-02 09:33:37,0.001258093461890354
mn.device-46,2026-07-02 09:33:52,0.0011461555704998898
mn.device-46,2026-07-02 09:34:07,0.0011487523197768225
mn.device-72,2026-07-02 09:24:22,0
mn.device-72,2026-07-02 09:24:37,0
mn.device-72,2026-07-02 09:24:52,0
mn.device-72,2026-07-02 09:25:07,0
mn.device-72,2026-07-02 09:25:22,0
mn.device-72,2026-07-02 09:25:37,0
mn.device-72,2026-07-02 09:25:52,0
mn.device-72,2026-07-02 09:26:07,0
mn.device-72,2026-07-02 09:26:22,0
mn.device-72,2026-07-02 09:26:37,0.010691179480182821
mn.device-72,2026-07-02 09:26:52,0.010866121620343299
mn.device-72,2026-07-02 09:27:07,0.011797265231567627
mn.device-72,2026-07-02 09:27:22,0.012268855518791892
mn.device-72,2026-07-02 09:27:37,0.0019060483111636099
mn.device-72,2026-07-02 09:27:52,0.0015679756128265604
mn.device-72,2026-07-02 09:28:07,0.001386241193535019
mn.device-72,2026-07-02 09:28:22,0.0014528460155781913
mn.device-72,2026-07-02 09:28:37,0.0018403372896929416
mn.device-72,2026-07-02 09:28:52,0.0017869154374429866
mn.device-72,2026-07-02 09:29:07,0.0017808944751004836
mn.device-72,2026-07-02 09:29:22,0.0017500688231245692
mn.device-72,2026-07-02 09:29:37,0.0013133467220368981
mn.device-72,2026-07-02 09:29:52,0.0012302798539892232
mn.device-72,2026-07-02 09:30:07,0.001392272213036291
mn.device-72,2026-07-02 09:30:22,0.0017304607508532418
mn.device-72,2026-07-02 09:30:37,0.0018970189701897
mn.device-72,2026-07-02 09:30:52,0.001916763688517678
mn.device-72,2026-07-02 09:31:07,0.0017748456311014532
mn.device-72,2026-07-02 09:31:22,0.0015354534466027667
mn.device-72,2026-07-02 09:31:37,0.0015993162478311947
mn.device-72,2026-07-02 09:31:52,0.0017486090296797761
mn.device-72,2026-07-02 09:32:07,0.0018666644128534971
mn.device-72,2026-07-02 09:32:22,0.001767610710607621
mn.device-72,2026-07-02 09:32:37,0.0017494461228600216
mn.device-72,2026-07-02 09:32:52,0.0017670825706560963
mn.device-72,2026-07-02 09:33:07,0.0016630081778823617
mn.device-72,2026-07-02 09:33:22,0.0016392938457878818
mn.device-72,2026-07-02 09:33:37,0.0018858587776377801
mn.device-72,2026-07-02 09:33:52,0.0015304288655476847
mn.device-72,2026-07-02 09:34:07,0.0015681892096068954
mn.device-7,2026-07-02 09:24:22,0
mn.device-7,2026-07-02 09:24:37,0
mn.device-7,2026-07-02 09:24:52,0
mn.device-7,2026-07-02 09:25:07,0
mn.device-7,2026-07-02 09:25:22,0
mn.device-7,2026-07-02 09:25:37,0
mn.device-7,2026-07-02 09:25:52,0.00814154801967383
mn.device-7,2026-07-02 09:26:07,0.008441666808575854
mn.device-7,2026-07-02 09:26:22,0.009124289222850019
mn.device-7,2026-07-02 09:26:37,0.002112239920609557
mn.device-7,2026-07-02 09:26:52,0.001791512186267209
mn.device-7,2026-07-02 09:27:07,0.0019170677462512819
mn.device-7,2026-07-02 09:27:22,0.0016545146320998644
mn.device-7,2026-07-02 09:27:37,0.0014789304594672692
mn.device-7,2026-07-02 09:27:52,0.0012760025961103371
mn.device-7,2026-07-02 09:28:07,0.0012462099566371973
mn.device-7,2026-07-02 09:28:22,0.0013195004442014622
mn.device-7,2026-07-02 09:28:37,0.001617521293837719
mn.device-7,2026-07-02 09:28:52,0.0016418653128467198
mn.device-7,2026-07-02 09:29:07,0.0017618898077392784
mn.device-7,2026-07-02 09:29:22,0.001670173728061865
mn.device-7,2026-07-02 09:29:37,0.0014414545208994527
mn.device-7,2026-07-02 09:29:52,0.0013240073082763858
mn.device-7,2026-07-02 09:30:07,0.0016401950891355532
mn.device-7,2026-07-02 09:30:22,0.0017675661429775178
mn.device-7,2026-07-02 09:30:37,0.001837238443448856
mn.device-7,2026-07-02 09:30:52,0.00190941769736618
mn.device-7,2026-07-02 09:31:07,0.0015647663053747183
mn.device-7,2026-07-02 09:31:22,0.0012944918858231549
mn.device-7,2026-07-02 09:31:37,0.0012540686384024467
mn.device-7,2026-07-02 09:31:52,0.0012856735255614108
mn.device-7,2026-07-02 09:32:07,0.0014135242125379644
mn.device-7,2026-07-02 09:32:22,0.001544447535909294
mn.device-7,2026-07-02 09:32:37,0.0014402063599458733
mn.device-7,2026-07-02 09:32:52,0.0010703506666666686
mn.device-7,2026-07-02 09:33:07,0.0011667561721508915
mn.device-7,2026-07-02 09:33:22,0.0013711028937815927
mn.device-7,2026-07-02 09:33:37,0.001481963892865873
mn.device-7,2026-07-02 09:33:52,0.001489366015169687
mn.device-7,2026-07-02 09:34:07,0.0012155686868686867
mn.device-14,2026-07-02 09:24:22,0
mn.device-14,2026-07-02 09:24:37,0
mn.device-14,2026-07-02 09:24:52,0
mn.device-14,2026-07-02 09:25:07,0
mn.device-14,2026-07-02 09:25:22,0
mn.device-14,2026-07-02 09:25:37,0
mn.device-14,2026-07-02 09:25:52,0.02090872148613577
mn.device-14,2026-07-02 09:26:07,0.02117137412373239
mn.device-14,2026-07-02 09:26:22,0.021777123995169352
mn.device-14,2026-07-02 09:26:37,0.022119867118736942
mn.device-14,2026-07-02 09:26:52,0.0013306631195237335
mn.device-14,2026-07-02 09:27:07,0.001623336214347453
mn.device-14,2026-07-02 09:27:22,0.0016225310899780551
mn.device-14,2026-07-02 09:27:37,0.0014021785598248948
mn.device-14,2026-07-02 09:27:52,0.001302534351980738
mn.device-14,2026-07-02 09:28:07,0.0011439711853752164
mn.device-14,2026-07-02 09:28:22,0.0011920476247827805
mn.device-14,2026-07-02 09:28:37,0.0011800302269168574
mn.device-14,2026-07-02 09:28:52,0.0021693963820574695
mn.device-14,2026-07-02 09:29:07,0.0021229355285902526
mn.device-14,2026-07-02 09:29:22,0.0021742198472236487
mn.device-14,2026-07-02 09:29:37,0.0019294626124833289
mn.device-14,2026-07-02 09:29:52,0.0012932366983821686
mn.device-14,2026-07-02 09:30:07,0.0012618043988170085
mn.device-14,2026-07-02 09:30:22,0.0013667075539200643
mn.device-14,2026-07-02 09:30:37,0.0014918853085410246
mn.device-14,2026-07-02 09:30:52,0.001914071973902204
mn.device-14,2026-07-02 09:31:07,0.0017674537412450664
mn.device-14,2026-07-02 09:31:22,0.001745402484959011
mn.device-14,2026-07-02 09:31:37,0.0015843066988961948
mn.device-14,2026-07-02 09:31:52,0.0013204964502783578
mn.device-14,2026-07-02 09:32:07,0.0016401947898763195
mn.device-14,2026-07-02 09:32:22,0.0022340403499991343
mn.device-14,2026-07-02 09:32:37,0.002117644032921808
mn.device-14,2026-07-02 09:32:52,0.0017064116658871693
mn.device-14,2026-07-02 09:33:07,0.0017112261701386503
mn.device-14,2026-07-02 09:33:22,0.0015442570416596422
mn.device-14,2026-07-02 09:33:37,0.0015388944792181806
mn.device-14,2026-07-02 09:33:52,0.0015518859072996812
mn.device-14,2026-07-02 09:34:07,0.0011828835186413393
mn.device-81,2026-07-02 09:24:22,0
mn.device-81,2026-07-02 09:24:37,0
mn.device-81,2026-07-02 09:24:52,0
mn.device-81,2026-07-02 09:25:07,0
mn.device-81,2026-07-02 09:25:22,0
mn.device-81,2026-07-02 09:25:37,0
mn.device-81,2026-07-02 09:25:52,0
mn.device-81,2026-07-02 09:26:07,0
mn.device-81,2026-07-02 09:26:22,0
mn.device-81,2026-07-02 09:26:37,0.01335702682830908
mn.device-81,2026-07-02 09:26:52,0.013750061667914483
mn.device-81,2026-07-02 09:27:07,0.014147214671575543
mn.device-81,2026-07-02 09:27:22,0.014974017171260732
mn.device-81,2026-07-02 09:27:37,0.0016687789211962147
mn.device-81,2026-07-02 09:27:52,0.0014777661422133524
mn.device-81,2026-07-02 09:28:07,0.0011511084685296871
mn.device-81,2026-07-02 09:28:22,0.001117997394379305
mn.device-81,2026-07-02 09:28:37,0.0013635979015061783
mn.device-81,2026-07-02 09:28:52,0.001477237127987471
mn.device-81,2026-07-02 09:29:07,0.001498929856575017
mn.device-81,2026-07-02 09:29:22,0.0015190506801952843
mn.device-81,2026-07-02 09:29:37,0.0012212665830665314
mn.device-81,2026-07-02 09:29:52,0.0011964838110950702
mn.device-81,2026-07-02 09:30:07,0.0011477650410364228
mn.device-81,2026-07-02 09:30:22,0.0019360826502732248
mn.device-81,2026-07-02 09:30:37,0.0018964342880495857
mn.device-81,2026-07-02 09:30:52,0.002044751456509148
mn.device-81,2026-07-02 09:31:07,0.002000453385276731
mn.device-81,2026-07-02 09:31:22,0.0015702984720669469
mn.device-81,2026-07-02 09:31:37,0.001525314824677444
mn.device-81,2026-07-02 09:31:52,0.001788947538145592
mn.device-81,2026-07-02 09:32:07,0.0016500412484531837
mn.device-81,2026-07-02 09:32:22,0.0016712181467510962
mn.device-81,2026-07-02 09:32:37,0.001518649364766629
mn.device-81,2026-07-02 09:32:52,0.001198052288987933
mn.device-81,2026-07-02 09:33:07,0.0011613119626323043
mn.device-81,2026-07-02 09:33:22,0.0016261982972447541
mn.device-81,2026-07-02 09:33:37,0.0016882918716889263
mn.device-81,2026-07-02 09:33:52,0.0019466729179690194
mn.device-81,2026-07-02 09:34:07,0.001804335353535353
mn.zato-1,2026-07-02 09:24:22,0.16860875963109376
mn.zato-1,2026-07-02 09:24:37,0.18722014963630657
mn.zato-1,2026-07-02 09:24:52,0.18521968420393867
mn.zato-1,2026-07-02 09:25:07,0.20516412331585868
mn.zato-1,2026-07-02 09:25:22,0.0342167723391664
mn.zato-1,2026-07-02 09:25:37,0.026225987348264635
mn.zato-1,2026-07-02 09:25:52,0.036100835999587175
mn.zato-1,2026-07-02 09:26:07,0.03858363321799307
mn.zato-1,2026-07-02 09:26:22,0.06935284985584382
mn.zato-1,2026-07-02 09:26:37,0.0946563541895848
mn.zato-1,2026-07-02 09:26:52,0.09077838949488301
mn.zato-1,2026-07-02 09:27:07,0.11353248250029657
mn.zato-1,2026-07-02 09:27:22,0.11649951500093596
mn.zato-1,2026-07-02 09:27:37,0.1185322301131536
mn.zato-1,2026-07-02 09:27:52,0.10714305399503146
mn.zato-1,2026-07-02 09:28:07,0.09220659758203792
mn.zato-1,2026-07-02 09:28:22,0.08367574100423429
mn.zato-1,2026-07-02 09:28:37,0.08265548578138569
mn.zato-1,2026-07-02 09:28:52,0.10146507074387492
mn.zato-1,2026-07-02 09:29:07,0.11693954456908709
mn.zato-1,2026-07-02 09:29:22,0.12166001431590427
mn.zato-1,2026-07-02 09:29:37,0.13770743544610964
mn.zato-1,2026-07-02 09:29:52,0.13723261119401706
mn.zato-1,2026-07-02 09:30:07,0.14609324139862107
mn.zato-1,2026-07-02 09:30:22,0.12607943362577687
mn.zato-1,2026-07-02 09:30:37,0.10185683342286289
mn.zato-1,2026-07-02 09:30:52,0.09739960428464213
mn.zato-1,2026-07-02 09:31:07,0.09074677388868833
mn.zato-1,2026-07-02 09:31:22,0.10860650108932454
mn.zato-1,2026-07-02 09:31:37,0.1255388903270342
mn.zato-1,2026-07-02 09:31:52,0.12670821437729707
mn.zato-1,2026-07-02 09:32:07,0.11984795726067196
mn.zato-1,2026-07-02 09:32:22,0.11758872800027148
mn.zato-1,2026-07-02 09:32:37,0.09740384582861186
mn.zato-1,2026-07-02 09:32:52,0.07163444895933857
mn.zato-1,2026-07-02 09:33:07,0.06835254068363078
mn.zato-1,2026-07-02 09:33:22,0.0722820330247855
mn.zato-1,2026-07-02 09:33:37,0.0890887380246744
mn.zato-1,2026-07-02 09:33:52,0.10565057119507575
mn.zato-1,2026-07-02 09:34:07,0.10729709139175234
