Container,Timestamp,Value
mn.device-45,2026-07-02 09:24:22,1609728
mn.device-45,2026-07-02 09:24:37,1609728
mn.device-45,2026-07-02 09:24:52,1609728
mn.device-45,2026-07-02 09:25:07,1609728
mn.device-45,2026-07-02 09:25:22,1609728
mn.device-45,2026-07-02 09:25:37,1609728
mn.device-45,2026-07-02 09:25:52,1609728
mn.device-45,2026-07-02 09:26:07,21843968
mn.device-45,2026-07-02 09:26:22,22183936
mn.device-45,2026-07-02 09:26:37,22183936
mn.device-45,2026-07-02 09:26:52,22183936
mn.device-45,2026-07-02 09:27:07,22126592
mn.device-45,2026-07-02 09:27:22,22130688
mn.device-45,2026-07-02 09:27:37,22134784
mn.device-45,2026-07-02 09:27:52,22155264
mn.device-45,2026-07-02 09:28:07,22155264
mn.device-45,2026-07-02 09:28:22,22155264
mn.device-45,2026-07-02 09:28:37,22155264
mn.device-45,2026-07-02 09:28:52,22155264
mn.device-45,2026-07-02 09:29:07,22155264
mn.device-45,2026-07-02 09:29:22,22159360
mn.device-45,2026-07-02 09:29:37,22159360
mn.device-45,2026-07-02 09:29:52,22159360
mn.device-45,2026-07-02 09:30:07,22159360
mn.device-45,2026-07-02 09:30:22,22159360
mn.device-45,2026-07-02 09:30:37,22159360
mn.device-45,2026-07-02 09:30:52,22159360
mn.device-45,2026-07-02 09:31:07,22163456
mn.device-45,2026-07-02 09:31:22,22163456
mn.device-45,2026-07-02 09:31:37,22167552
mn.device-45,2026-07-02 09:31:52,22167552
mn.device-45,2026-07-02 09:32:07,22167552
mn.device-45,2026-07-02 09:32:22,22159360
mn.device-45,2026-07-02 09:32:37,22167552
mn.device-45,2026-07-02 09:32:52,22155264
mn.device-45,2026-07-02 09:33:07,22155264
mn.device-45,2026-07-02 09:33:22,22151168
mn.device-45,2026-07-02 09:33:37,22151168
mn.device-45,2026-07-02 09:33:52,22142976
mn.device-45,2026-07-02 09:34:07,22142976
mn.device-34,2026-07-02 09:24:22,1605632
mn.device-34,2026-07-02 09:24:37,1605632
mn.device-34,2026-07-02 09:24:52,1605632
mn.device-34,2026-07-02 09:25:07,1605632
mn.device-34,2026-07-02 09:25:22,1605632
mn.device-34,2026-07-02 09:25:37,1605632
mn.device-34,2026-07-02 09:25:52,1605632
mn.device-34,2026-07-02 09:26:07,22257664
mn.device-34,2026-07-02 09:26:22,22257664
mn.device-34,2026-07-02 09:26:37,22257664
mn.device-34,2026-07-02 09:26:52,22257664
mn.device-34,2026-07-02 09:27:07,22200320
mn.device-34,2026-07-02 09:27:22,22196224
mn.device-34,2026-07-02 09:27:37,22224896
mn.device-34,2026-07-02 09:27:52,22224896
mn.device-34,2026-07-02 09:28:07,22224896
mn.device-34,2026-07-02 09:28:22,22224896
mn.device-34,2026-07-02 09:28:37,22224896
mn.device-34,2026-07-02 09:28:52,22224896
mn.device-34,2026-07-02 09:29:07,22224896
mn.device-34,2026-07-02 09:29:22,22228992
mn.device-34,2026-07-02 09:29:37,22228992
mn.device-34,2026-07-02 09:29:52,22228992
mn.device-34,2026-07-02 09:30:07,22228992
mn.device-34,2026-07-02 09:30:22,22228992
mn.device-34,2026-07-02 09:30:37,22228992
mn.device-34,2026-07-02 09:30:52,22233088
mn.device-34,2026-07-02 09:31:07,22233088
mn.device-34,2026-07-02 09:31:22,22233088
mn.device-34,2026-07-02 09:31:37,22753280
mn.device-34,2026-07-02 09:31:52,22233088
mn.device-34,2026-07-02 09:32:07,22233088
mn.device-34,2026-07-02 09:32:22,22224896
mn.device-34,2026-07-02 09:32:37,22233088
mn.device-34,2026-07-02 09:32:52,22220800
mn.device-34,2026-07-02 09:33:07,22478848
mn.device-34,2026-07-02 09:33:22,22216704
mn.device-34,2026-07-02 09:33:37,22212608
mn.device-34,2026-07-02 09:33:52,22208512
mn.device-34,2026-07-02 09:34:07,22212608
mn.device-8,2026-07-02 09:24:22,1593344
mn.device-8,2026-07-02 09:24:37,1593344
mn.device-8,2026-07-02 09:24:52,1593344
mn.device-8,2026-07-02 09:25:07,1593344
mn.device-8,2026-07-02 09:25:22,1593344
mn.device-8,2026-07-02 09:25:37,1593344
mn.device-8,2026-07-02 09:25:52,22183936
mn.device-8,2026-07-02 09:26:07,22183936
mn.device-8,2026-07-02 09:26:22,22183936
mn.device-8,2026-07-02 09:26:37,22188032
mn.device-8,2026-07-02 09:26:52,22192128
mn.device-8,2026-07-02 09:27:07,22126592
mn.device-8,2026-07-02 09:27:22,22126592
mn.device-8,2026-07-02 09:27:37,22126592
mn.device-8,2026-07-02 09:27:52,22151168
mn.device-8,2026-07-02 09:28:07,22151168
mn.device-8,2026-07-02 09:28:22,22151168
mn.device-8,2026-07-02 09:28:37,22151168
mn.device-8,2026-07-02 09:28:52,22151168
mn.device-8,2026-07-02 09:29:07,22151168
mn.device-8,2026-07-02 09:29:22,22151168
mn.device-8,2026-07-02 09:29:37,22151168
mn.device-8,2026-07-02 09:29:52,22151168
mn.device-8,2026-07-02 09:30:07,22155264
mn.device-8,2026-07-02 09:30:22,22155264
mn.device-8,2026-07-02 09:30:37,22155264
mn.device-8,2026-07-02 09:30:52,22155264
mn.device-8,2026-07-02 09:31:07,22155264
mn.device-8,2026-07-02 09:31:22,22155264
mn.device-8,2026-07-02 09:31:37,22155264
mn.device-8,2026-07-02 09:31:52,22417408
mn.device-8,2026-07-02 09:32:07,22163456
mn.device-8,2026-07-02 09:32:22,22155264
mn.device-8,2026-07-02 09:32:37,22155264
mn.device-8,2026-07-02 09:32:52,22142976
mn.device-8,2026-07-02 09:33:07,22142976
mn.device-8,2026-07-02 09:33:22,22138880
mn.device-8,2026-07-02 09:33:37,22134784
mn.device-8,2026-07-02 09:33:52,22130688
mn.device-8,2026-07-02 09:34:07,22130688
mn.device-28,2026-07-02 09:24:22,1597440
mn.device-28,2026-07-02 09:24:37,1597440
mn.device-28,2026-07-02 09:24:52,1597440
mn.device-28,2026-07-02 09:25:07,1597440
mn.device-28,2026-07-02 09:25:22,1597440
mn.device-28,2026-07-02 09:25:37,1597440
mn.device-28,2026-07-02 09:25:52,1597440
mn.device-28,2026-07-02 09:26:07,22241280
mn.device-28,2026-07-02 09:26:22,22241280
mn.device-28,2026-07-02 09:26:37,22245376
mn.device-28,2026-07-02 09:26:52,22245376
mn.device-28,2026-07-02 09:27:07,22188032
mn.device-28,2026-07-02 09:27:22,22192128
mn.device-28,2026-07-02 09:27:37,22212608
mn.device-28,2026-07-02 09:27:52,22212608
mn.device-28,2026-07-02 09:28:07,22212608
mn.device-28,2026-07-02 09:28:22,22212608
mn.device-28,2026-07-02 09:28:37,22212608
mn.device-28,2026-07-02 09:28:52,22212608
mn.device-28,2026-07-02 09:29:07,22216704
mn.device-28,2026-07-02 09:29:22,22216704
mn.device-28,2026-07-02 09:29:37,22216704
mn.device-28,2026-07-02 09:29:52,22216704
mn.device-28,2026-07-02 09:30:07,22216704
mn.device-28,2026-07-02 09:30:22,22216704
mn.device-28,2026-07-02 09:30:37,22216704
mn.device-28,2026-07-02 09:30:52,22224896
mn.device-28,2026-07-02 09:31:07,22224896
mn.device-28,2026-07-02 09:31:22,22224896
mn.device-28,2026-07-02 09:31:37,22224896
mn.device-28,2026-07-02 09:31:52,22224896
mn.device-28,2026-07-02 09:32:07,22224896
mn.device-28,2026-07-02 09:32:22,22224896
mn.device-28,2026-07-02 09:32:37,22224896
mn.device-28,2026-07-02 09:32:52,22212608
mn.device-28,2026-07-02 09:33:07,22212608
mn.device-28,2026-07-02 09:33:22,22208512
mn.device-28,2026-07-02 09:33:37,22208512
mn.device-28,2026-07-02 09:33:52,22200320
mn.device-28,2026-07-02 09:34:07,22204416
mn.device-50,2026-07-02 09:24:22,1609728
mn.device-50,2026-07-02 09:24:37,1609728
mn.device-50,2026-07-02 09:24:52,1609728
mn.device-50,2026-07-02 09:25:07,1609728
mn.device-50,2026-07-02 09:25:22,1609728
mn.device-50,2026-07-02 09:25:37,1609728
mn.device-50,2026-07-02 09:25:52,1609728
mn.device-50,2026-07-02 09:26:07,1609728
mn.device-50,2026-07-02 09:26:22,22204416
mn.device-50,2026-07-02 09:26:37,22204416
mn.device-50,2026-07-02 09:26:52,22204416
mn.device-50,2026-07-02 09:27:07,22138880
mn.device-50,2026-07-02 09:27:22,22138880
mn.device-50,2026-07-02 09:27:37,22142976
mn.device-50,2026-07-02 09:27:52,22163456
mn.device-50,2026-07-02 09:28:07,22163456
mn.device-50,2026-07-02 09:28:22,22163456
mn.device-50,2026-07-02 09:28:37,22163456
mn.device-50,2026-07-02 09:28:52,22163456
mn.device-50,2026-07-02 09:29:07,22163456
mn.device-50,2026-07-02 09:29:22,22163456
mn.device-50,2026-07-02 09:29:37,22167552
mn.device-50,2026-07-02 09:29:52,22167552
mn.device-50,2026-07-02 09:30:07,22167552
mn.device-50,2026-07-02 09:30:22,22167552
mn.device-50,2026-07-02 09:30:37,22687744
mn.device-50,2026-07-02 09:30:52,22167552
mn.device-50,2026-07-02 09:31:07,22171648
mn.device-50,2026-07-02 09:31:22,22171648
mn.device-50,2026-07-02 09:31:37,22687744
mn.device-50,2026-07-02 09:31:52,22171648
mn.device-50,2026-07-02 09:32:07,22171648
mn.device-50,2026-07-02 09:32:22,22163456
mn.device-50,2026-07-02 09:32:37,22163456
mn.device-50,2026-07-02 09:32:52,22159360
mn.device-50,2026-07-02 09:33:07,22159360
mn.device-50,2026-07-02 09:33:22,22155264
mn.device-50,2026-07-02 09:33:37,22155264
mn.device-50,2026-07-02 09:33:52,22147072
mn.device-50,2026-07-02 09:34:07,22147072
mn.device-98,2026-07-02 09:24:22,1605632
mn.device-98,2026-07-02 09:24:37,1605632
mn.device-98,2026-07-02 09:24:52,1605632
mn.device-98,2026-07-02 09:25:07,1605632
mn.device-98,2026-07-02 09:25:22,1605632
mn.device-98,2026-07-02 09:25:37,1605632
mn.device-98,2026-07-02 09:25:52,1605632
mn.device-98,2026-07-02 09:26:07,1605632
mn.device-98,2026-07-02 09:26:22,1605632
mn.device-98,2026-07-02 09:26:37,1605632
mn.device-98,2026-07-02 09:26:52,1605632
mn.device-98,2026-07-02 09:27:07,21823488
mn.device-98,2026-07-02 09:27:22,21831680
mn.device-98,2026-07-02 09:27:37,22204416
mn.device-98,2026-07-02 09:27:52,22204416
mn.device-98,2026-07-02 09:28:07,22212608
mn.device-98,2026-07-02 09:28:22,22470656
mn.device-98,2026-07-02 09:28:37,22216704
mn.device-98,2026-07-02 09:28:52,22478848
mn.device-98,2026-07-02 09:29:07,22241280
mn.device-98,2026-07-02 09:29:22,22241280
mn.device-98,2026-07-02 09:29:37,22241280
mn.device-98,2026-07-02 09:29:52,22241280
mn.device-98,2026-07-02 09:30:07,22241280
mn.device-98,2026-07-02 09:30:22,22503424
mn.device-98,2026-07-02 09:30:37,22241280
mn.device-98,2026-07-02 09:30:52,22507520
mn.device-98,2026-07-02 09:31:07,22245376
mn.device-98,2026-07-02 09:31:22,22761472
mn.device-98,2026-07-02 09:31:37,22245376
mn.device-98,2026-07-02 09:31:52,22245376
mn.device-98,2026-07-02 09:32:07,22233088
mn.device-98,2026-07-02 09:32:22,22740992
mn.device-98,2026-07-02 09:32:37,22228992
mn.device-98,2026-07-02 09:32:52,22220800
mn.device-98,2026-07-02 09:33:07,22220800
mn.device-98,2026-07-02 09:33:22,22212608
mn.device-98,2026-07-02 09:33:37,22208512
mn.device-98,2026-07-02 09:33:52,22208512
mn.device-98,2026-07-02 09:34:07,22208512
mn.device-64,2026-07-02 09:24:22,1613824
mn.device-64,2026-07-02 09:24:37,1613824
mn.device-64,2026-07-02 09:24:52,1613824
mn.device-64,2026-07-02 09:25:07,1613824
mn.device-64,2026-07-02 09:25:22,1613824
mn.device-64,2026-07-02 09:25:37,1613824
mn.device-64,2026-07-02 09:25:52,1613824
mn.device-64,2026-07-02 09:26:07,1613824
mn.device-64,2026-07-02 09:26:22,21831680
mn.device-64,2026-07-02 09:26:37,22245376
mn.device-64,2026-07-02 09:26:52,22245376
mn.device-64,2026-07-02 09:27:07,22188032
mn.device-64,2026-07-02 09:27:22,22188032
mn.device-64,2026-07-02 09:27:37,22188032
mn.device-64,2026-07-02 09:27:52,22192128
mn.device-64,2026-07-02 09:28:07,22216704
mn.device-64,2026-07-02 09:28:22,22216704
mn.device-64,2026-07-02 09:28:37,22216704
mn.device-64,2026-07-02 09:28:52,22216704
mn.device-64,2026-07-02 09:29:07,22216704
mn.device-64,2026-07-02 09:29:22,22216704
mn.device-64,2026-07-02 09:29:37,22482944
mn.device-64,2026-07-02 09:29:52,22220800
mn.device-64,2026-07-02 09:30:07,22220800
mn.device-64,2026-07-02 09:30:22,22220800
mn.device-64,2026-07-02 09:30:37,22220800
mn.device-64,2026-07-02 09:30:52,22220800
mn.device-64,2026-07-02 09:31:07,22736896
mn.device-64,2026-07-02 09:31:22,22224896
mn.device-64,2026-07-02 09:31:37,22228992
mn.device-64,2026-07-02 09:31:52,22228992
mn.device-64,2026-07-02 09:32:07,22228992
mn.device-64,2026-07-02 09:32:22,22220800
mn.device-64,2026-07-02 09:32:37,22220800
mn.device-64,2026-07-02 09:32:52,22212608
mn.device-64,2026-07-02 09:33:07,22474752
mn.device-64,2026-07-02 09:33:22,22212608
mn.device-64,2026-07-02 09:33:37,22208512
mn.device-64,2026-07-02 09:33:52,22204416
mn.device-64,2026-07-02 09:34:07,22204416
mn.device-83,2026-07-02 09:24:22,1609728
mn.device-83,2026-07-02 09:24:37,1609728
mn.device-83,2026-07-02 09:24:52,1609728
mn.device-83,2026-07-02 09:25:07,1609728
mn.device-83,2026-07-02 09:25:22,1609728
mn.device-83,2026-07-02 09:25:37,1609728
mn.device-83,2026-07-02 09:25:52,1609728
mn.device-83,2026-07-02 09:26:07,1609728
mn.device-83,2026-07-02 09:26:22,1609728
mn.device-83,2026-07-02 09:26:37,22097920
mn.device-83,2026-07-02 09:26:52,21778432
mn.device-83,2026-07-02 09:27:07,22134784
mn.device-83,2026-07-02 09:27:22,22142976
mn.device-83,2026-07-02 09:27:37,22142976
mn.device-83,2026-07-02 09:27:52,22142976
mn.device-83,2026-07-02 09:28:07,22142976
mn.device-83,2026-07-02 09:28:22,22142976
mn.device-83,2026-07-02 09:28:37,22720512
mn.device-83,2026-07-02 09:28:52,22200320
mn.device-83,2026-07-02 09:29:07,22200320
mn.device-83,2026-07-02 09:29:22,22200320
mn.device-83,2026-07-02 09:29:37,22200320
mn.device-83,2026-07-02 09:29:52,22200320
mn.device-83,2026-07-02 09:30:07,22200320
mn.device-83,2026-07-02 09:30:22,22208512
mn.device-83,2026-07-02 09:30:37,22208512
mn.device-83,2026-07-02 09:30:52,22208512
mn.device-83,2026-07-02 09:31:07,22208512
mn.device-83,2026-07-02 09:31:22,22208512
mn.device-83,2026-07-02 09:31:37,22208512
mn.device-83,2026-07-02 09:31:52,22216704
mn.device-83,2026-07-02 09:32:07,22216704
mn.device-83,2026-07-02 09:32:22,22208512
mn.device-83,2026-07-02 09:32:37,22208512
mn.device-83,2026-07-02 09:32:52,22192128
mn.device-83,2026-07-02 09:33:07,22192128
mn.device-83,2026-07-02 09:33:22,22188032
mn.device-83,2026-07-02 09:33:37,22200320
mn.device-83,2026-07-02 09:33:52,22188032
mn.device-83,2026-07-02 09:34:07,22188032
mn.device-47,2026-07-02 09:24:22,1601536
mn.device-47,2026-07-02 09:24:37,1601536
mn.device-47,2026-07-02 09:24:52,1601536
mn.device-47,2026-07-02 09:25:07,1601536
mn.device-47,2026-07-02 09:25:22,1601536
mn.device-47,2026-07-02 09:25:37,1601536
mn.device-47,2026-07-02 09:25:52,1601536
mn.device-47,2026-07-02 09:26:07,1601536
mn.device-47,2026-07-02 09:26:22,22188032
mn.device-47,2026-07-02 09:26:37,22188032
mn.device-47,2026-07-02 09:26:52,22188032
mn.device-47,2026-07-02 09:27:07,22126592
mn.device-47,2026-07-02 09:27:22,22388736
mn.device-47,2026-07-02 09:27:37,22134784
mn.device-47,2026-07-02 09:27:52,22155264
mn.device-47,2026-07-02 09:28:07,22155264
mn.device-47,2026-07-02 09:28:22,22155264
mn.device-47,2026-07-02 09:28:37,22155264
mn.device-47,2026-07-02 09:28:52,22417408
mn.device-47,2026-07-02 09:29:07,22155264
mn.device-47,2026-07-02 09:29:22,22933504
mn.device-47,2026-07-02 09:29:37,22159360
mn.device-47,2026-07-02 09:29:52,22679552
mn.device-47,2026-07-02 09:30:07,22159360
mn.device-47,2026-07-02 09:30:22,22159360
mn.device-47,2026-07-02 09:30:37,22159360
mn.device-47,2026-07-02 09:30:52,22159360
mn.device-47,2026-07-02 09:31:07,22163456
mn.device-47,2026-07-02 09:31:22,22687744
mn.device-47,2026-07-02 09:31:37,22167552
mn.device-47,2026-07-02 09:31:52,22683648
mn.device-47,2026-07-02 09:32:07,22167552
mn.device-47,2026-07-02 09:32:22,22159360
mn.device-47,2026-07-02 09:32:37,22167552
mn.device-47,2026-07-02 09:32:52,22155264
mn.device-47,2026-07-02 09:33:07,22155264
mn.device-47,2026-07-02 09:33:22,22151168
mn.device-47,2026-07-02 09:33:37,22147072
mn.device-47,2026-07-02 09:33:52,22142976
mn.device-47,2026-07-02 09:34:07,22142976
mn.device-23,2026-07-02 09:24:22,1609728
mn.device-23,2026-07-02 09:24:37,1609728
mn.device-23,2026-07-02 09:24:52,1609728
mn.device-23,2026-07-02 09:25:07,1609728
mn.device-23,2026-07-02 09:25:22,1609728
mn.device-23,2026-07-02 09:25:37,1609728
mn.device-23,2026-07-02 09:25:52,22257664
mn.device-23,2026-07-02 09:26:07,22175744
mn.device-23,2026-07-02 09:26:22,22175744
mn.device-23,2026-07-02 09:26:37,22179840
mn.device-23,2026-07-02 09:26:52,22179840
mn.device-23,2026-07-02 09:27:07,22122496
mn.device-23,2026-07-02 09:27:22,22126592
mn.device-23,2026-07-02 09:27:37,22147072
mn.device-23,2026-07-02 09:27:52,22147072
mn.device-23,2026-07-02 09:28:07,22147072
mn.device-23,2026-07-02 09:28:22,22147072
mn.device-23,2026-07-02 09:28:37,22409216
mn.device-23,2026-07-02 09:28:52,22147072
mn.device-23,2026-07-02 09:29:07,22675456
mn.device-23,2026-07-02 09:29:22,22155264
mn.device-23,2026-07-02 09:29:37,22155264
mn.device-23,2026-07-02 09:29:52,22155264
mn.device-23,2026-07-02 09:30:07,22413312
mn.device-23,2026-07-02 09:30:22,22155264
mn.device-23,2026-07-02 09:30:37,22413312
mn.device-23,2026-07-02 09:30:52,22155264
mn.device-23,2026-07-02 09:31:07,22155264
mn.device-23,2026-07-02 09:31:22,22155264
mn.device-23,2026-07-02 09:31:37,22155264
mn.device-23,2026-07-02 09:31:52,22155264
mn.device-23,2026-07-02 09:32:07,22155264
mn.device-23,2026-07-02 09:32:22,22155264
mn.device-23,2026-07-02 09:32:37,22155264
mn.device-23,2026-07-02 09:32:52,22142976
mn.device-23,2026-07-02 09:33:07,22142976
mn.device-23,2026-07-02 09:33:22,22138880
mn.device-23,2026-07-02 09:33:37,22138880
mn.device-23,2026-07-02 09:33:52,22134784
mn.device-23,2026-07-02 09:34:07,22134784
mn.device-4,2026-07-02 09:24:22,1605632
mn.device-4,2026-07-02 09:24:37,1605632
mn.device-4,2026-07-02 09:24:52,1605632
mn.device-4,2026-07-02 09:25:07,1605632
mn.device-4,2026-07-02 09:25:22,1605632
mn.device-4,2026-07-02 09:25:37,21815296
mn.device-4,2026-07-02 09:25:52,22220800
mn.device-4,2026-07-02 09:26:07,22220800
mn.device-4,2026-07-02 09:26:22,22224896
mn.device-4,2026-07-02 09:26:37,22224896
mn.device-4,2026-07-02 09:26:52,22233088
mn.device-4,2026-07-02 09:27:07,22167552
mn.device-4,2026-07-02 09:27:22,22192128
mn.device-4,2026-07-02 09:27:37,22192128
mn.device-4,2026-07-02 09:27:52,22192128
mn.device-4,2026-07-02 09:28:07,22192128
mn.device-4,2026-07-02 09:28:22,22192128
mn.device-4,2026-07-02 09:28:37,22192128
mn.device-4,2026-07-02 09:28:52,22200320
mn.device-4,2026-07-02 09:29:07,22200320
mn.device-4,2026-07-02 09:29:22,22200320
mn.device-4,2026-07-02 09:29:37,22200320
mn.device-4,2026-07-02 09:29:52,22200320
mn.device-4,2026-07-02 09:30:07,22200320
mn.device-4,2026-07-02 09:30:22,22200320
mn.device-4,2026-07-02 09:30:37,22204416
mn.device-4,2026-07-02 09:30:52,22204416
mn.device-4,2026-07-02 09:31:07,22208512
mn.device-4,2026-07-02 09:31:22,22208512
mn.device-4,2026-07-02 09:31:37,22208512
mn.device-4,2026-07-02 09:31:52,22208512
mn.device-4,2026-07-02 09:32:07,22216704
mn.device-4,2026-07-02 09:32:22,22208512
mn.device-4,2026-07-02 09:32:37,22208512
mn.device-4,2026-07-02 09:32:52,22192128
mn.device-4,2026-07-02 09:33:07,22192128
mn.device-4,2026-07-02 09:33:22,22188032
mn.device-4,2026-07-02 09:33:37,22188032
mn.device-4,2026-07-02 09:33:52,22183936
mn.device-4,2026-07-02 09:34:07,22183936
mn.device-87,2026-07-02 09:24:22,1601536
mn.device-87,2026-07-02 09:24:37,1601536
mn.device-87,2026-07-02 09:24:52,1601536
mn.device-87,2026-07-02 09:25:07,1601536
mn.device-87,2026-07-02 09:25:22,1601536
mn.device-87,2026-07-02 09:25:37,1601536
mn.device-87,2026-07-02 09:25:52,1601536
mn.device-87,2026-07-02 09:26:07,1601536
mn.device-87,2026-07-02 09:26:22,1601536
mn.device-87,2026-07-02 09:26:37,1601536
mn.device-87,2026-07-02 09:26:52,21774336
mn.device-87,2026-07-02 09:27:07,22216704
mn.device-87,2026-07-02 09:27:22,22134784
mn.device-87,2026-07-02 09:27:37,22134784
mn.device-87,2026-07-02 09:27:52,22134784
mn.device-87,2026-07-02 09:28:07,22138880
mn.device-87,2026-07-02 09:28:22,22138880
mn.device-87,2026-07-02 09:28:37,22147072
mn.device-87,2026-07-02 09:28:52,22228992
mn.device-87,2026-07-02 09:29:07,22228992
mn.device-87,2026-07-02 09:29:22,22228992
mn.device-87,2026-07-02 09:29:37,22228992
mn.device-87,2026-07-02 09:29:52,22228992
mn.device-87,2026-07-02 09:30:07,22228992
mn.device-87,2026-07-02 09:30:22,22233088
mn.device-87,2026-07-02 09:30:37,22233088
mn.device-87,2026-07-02 09:30:52,22233088
mn.device-87,2026-07-02 09:31:07,22233088
mn.device-87,2026-07-02 09:31:22,22233088
mn.device-87,2026-07-02 09:31:37,22233088
mn.device-87,2026-07-02 09:31:52,22237184
mn.device-87,2026-07-02 09:32:07,22237184
mn.device-87,2026-07-02 09:32:22,23007232
mn.device-87,2026-07-02 09:32:37,22233088
mn.device-87,2026-07-02 09:32:52,22220800
mn.device-87,2026-07-02 09:33:07,22220800
mn.device-87,2026-07-02 09:33:22,22212608
mn.device-87,2026-07-02 09:33:37,22220800
mn.device-87,2026-07-02 09:33:52,22470656
mn.device-87,2026-07-02 09:34:07,22208512
mn.device-94,2026-07-02 09:24:22,1593344
mn.device-94,2026-07-02 09:24:37,1593344
mn.device-94,2026-07-02 09:24:52,1593344
mn.device-94,2026-07-02 09:25:07,1593344
mn.device-94,2026-07-02 09:25:22,1593344
mn.device-94,2026-07-02 09:25:37,1593344
mn.device-94,2026-07-02 09:25:52,1593344
mn.device-94,2026-07-02 09:26:07,1593344
mn.device-94,2026-07-02 09:26:22,1593344
mn.device-94,2026-07-02 09:26:37,1593344
mn.device-94,2026-07-02 09:26:52,1593344
mn.device-94,2026-07-02 09:27:07,21897216
mn.device-94,2026-07-02 09:27:22,22274048
mn.device-94,2026-07-02 09:27:37,22278144
mn.device-94,2026-07-02 09:27:52,22278144
mn.device-94,2026-07-02 09:28:07,22278144
mn.device-94,2026-07-02 09:28:22,22282240
mn.device-94,2026-07-02 09:28:37,22282240
mn.device-94,2026-07-02 09:28:52,22306816
mn.device-94,2026-07-02 09:29:07,22306816
mn.device-94,2026-07-02 09:29:22,22306816
mn.device-94,2026-07-02 09:29:37,22306816
mn.device-94,2026-07-02 09:29:52,22306816
mn.device-94,2026-07-02 09:30:07,22306816
mn.device-94,2026-07-02 09:30:22,22306816
mn.device-94,2026-07-02 09:30:37,22310912
mn.device-94,2026-07-02 09:30:52,22310912
mn.device-94,2026-07-02 09:31:07,22310912
mn.device-94,2026-07-02 09:31:22,22310912
mn.device-94,2026-07-02 09:31:37,22310912
mn.device-94,2026-07-02 09:31:52,22310912
mn.device-94,2026-07-02 09:32:07,22315008
mn.device-94,2026-07-02 09:32:22,22306816
mn.device-94,2026-07-02 09:32:37,22306816
mn.device-94,2026-07-02 09:32:52,22298624
mn.device-94,2026-07-02 09:33:07,22298624
mn.device-94,2026-07-02 09:33:22,22294528
mn.device-94,2026-07-02 09:33:37,22278144
mn.device-94,2026-07-02 09:33:52,22278144
mn.device-94,2026-07-02 09:34:07,22278144
mn.device-31,2026-07-02 09:24:22,1601536
mn.device-31,2026-07-02 09:24:37,1601536
mn.device-31,2026-07-02 09:24:52,1601536
mn.device-31,2026-07-02 09:25:07,1601536
mn.device-31,2026-07-02 09:25:22,1601536
mn.device-31,2026-07-02 09:25:37,1601536
mn.device-31,2026-07-02 09:25:52,1601536
mn.device-31,2026-07-02 09:26:07,22253568
mn.device-31,2026-07-02 09:26:22,22253568
mn.device-31,2026-07-02 09:26:37,22257664
mn.device-31,2026-07-02 09:26:52,22257664
mn.device-31,2026-07-02 09:27:07,22196224
mn.device-31,2026-07-02 09:27:22,22200320
mn.device-31,2026-07-02 09:27:37,22220800
mn.device-31,2026-07-02 09:27:52,22220800
mn.device-31,2026-07-02 09:28:07,22487040
mn.device-31,2026-07-02 09:28:22,22220800
mn.device-31,2026-07-02 09:28:37,22220800
mn.device-31,2026-07-02 09:28:52,22220800
mn.device-31,2026-07-02 09:29:07,22474752
mn.device-31,2026-07-02 09:29:22,22224896
mn.device-31,2026-07-02 09:29:37,22224896
mn.device-31,2026-07-02 09:29:52,22224896
mn.device-31,2026-07-02 09:30:07,22224896
mn.device-31,2026-07-02 09:30:22,22224896
mn.device-31,2026-07-02 09:30:37,22224896
mn.device-31,2026-07-02 09:30:52,22228992
mn.device-31,2026-07-02 09:31:07,22228992
mn.device-31,2026-07-02 09:31:22,22228992
mn.device-31,2026-07-02 09:31:37,22228992
mn.device-31,2026-07-02 09:31:52,22228992
mn.device-31,2026-07-02 09:32:07,22228992
mn.device-31,2026-07-02 09:32:22,22228992
mn.device-31,2026-07-02 09:32:37,22228992
mn.device-31,2026-07-02 09:32:52,22216704
mn.device-31,2026-07-02 09:33:07,22216704
mn.device-31,2026-07-02 09:33:22,22212608
mn.device-31,2026-07-02 09:33:37,22212608
mn.device-31,2026-07-02 09:33:52,22204416
mn.device-31,2026-07-02 09:34:07,22208512
mn.device-74,2026-07-02 09:24:22,1613824
mn.device-74,2026-07-02 09:24:37,1613824
mn.device-74,2026-07-02 09:24:52,1613824
mn.device-74,2026-07-02 09:25:07,1613824
mn.device-74,2026-07-02 09:25:22,1613824
mn.device-74,2026-07-02 09:25:37,1613824
mn.device-74,2026-07-02 09:25:52,1613824
mn.device-74,2026-07-02 09:26:07,1613824
mn.device-74,2026-07-02 09:26:22,1613824
mn.device-74,2026-07-02 09:26:37,21774336
mn.device-74,2026-07-02 09:26:52,22282240
mn.device-74,2026-07-02 09:27:07,22130688
mn.device-74,2026-07-02 09:27:22,22130688
mn.device-74,2026-07-02 09:27:37,22130688
mn.device-74,2026-07-02 09:27:52,22134784
mn.device-74,2026-07-02 09:28:07,22138880
mn.device-74,2026-07-02 09:28:22,22159360
mn.device-74,2026-07-02 09:28:37,22159360
mn.device-74,2026-07-02 09:28:52,22159360
mn.device-74,2026-07-02 09:29:07,22159360
mn.device-74,2026-07-02 09:29:22,22159360
mn.device-74,2026-07-02 09:29:37,22159360
mn.device-74,2026-07-02 09:29:52,22163456
mn.device-74,2026-07-02 09:30:07,22163456
mn.device-74,2026-07-02 09:30:22,22163456
mn.device-74,2026-07-02 09:30:37,22163456
mn.device-74,2026-07-02 09:30:52,22163456
mn.device-74,2026-07-02 09:31:07,22163456
mn.device-74,2026-07-02 09:31:22,22163456
mn.device-74,2026-07-02 09:31:37,22171648
mn.device-74,2026-07-02 09:31:52,22171648
mn.device-74,2026-07-02 09:32:07,22171648
mn.device-74,2026-07-02 09:32:22,22163456
mn.device-74,2026-07-02 09:32:37,22163456
mn.device-74,2026-07-02 09:32:52,22151168
mn.device-74,2026-07-02 09:33:07,22151168
mn.device-74,2026-07-02 09:33:22,22155264
mn.device-74,2026-07-02 09:33:37,22155264
mn.device-74,2026-07-02 09:33:52,22147072
mn.device-74,2026-07-02 09:34:07,22147072
mn.device-65,2026-07-02 09:24:22,1601536
mn.device-65,2026-07-02 09:24:37,1601536
mn.device-65,2026-07-02 09:24:52,1601536
mn.device-65,2026-07-02 09:25:07,1601536
mn.device-65,2026-07-02 09:25:22,1601536
mn.device-65,2026-07-02 09:25:37,1601536
mn.device-65,2026-07-02 09:25:52,1601536
mn.device-65,2026-07-02 09:26:07,1601536
mn.device-65,2026-07-02 09:26:22,21819392
mn.device-65,2026-07-02 09:26:37,22233088
mn.device-65,2026-07-02 09:26:52,22233088
mn.device-65,2026-07-02 09:27:07,22167552
mn.device-65,2026-07-02 09:27:22,22171648
mn.device-65,2026-07-02 09:27:37,22175744
mn.device-65,2026-07-02 09:27:52,22179840
mn.device-65,2026-07-02 09:28:07,22200320
mn.device-65,2026-07-02 09:28:22,22200320
mn.device-65,2026-07-02 09:28:37,22200320
mn.device-65,2026-07-02 09:28:52,22200320
mn.device-65,2026-07-02 09:29:07,22200320
mn.device-65,2026-07-02 09:29:22,22200320
mn.device-65,2026-07-02 09:29:37,22200320
mn.device-65,2026-07-02 09:29:52,22208512
mn.device-65,2026-07-02 09:30:07,22208512
mn.device-65,2026-07-02 09:30:22,22208512
mn.device-65,2026-07-02 09:30:37,22208512
mn.device-65,2026-07-02 09:30:52,22208512
mn.device-65,2026-07-02 09:31:07,22208512
mn.device-65,2026-07-02 09:31:22,22212608
mn.device-65,2026-07-02 09:31:37,22212608
mn.device-65,2026-07-02 09:31:52,22212608
mn.device-65,2026-07-02 09:32:07,22212608
mn.device-65,2026-07-02 09:32:22,22204416
mn.device-65,2026-07-02 09:32:37,22724608
mn.device-65,2026-07-02 09:32:52,22196224
mn.device-65,2026-07-02 09:33:07,22196224
mn.device-65,2026-07-02 09:33:22,22192128
mn.device-65,2026-07-02 09:33:37,22188032
mn.device-65,2026-07-02 09:33:52,22183936
mn.device-65,2026-07-02 09:34:07,22183936
mn.device-6,2026-07-02 09:24:22,1605632
mn.device-6,2026-07-02 09:24:37,1605632
mn.device-6,2026-07-02 09:24:52,1605632
mn.device-6,2026-07-02 09:25:07,1605632
mn.device-6,2026-07-02 09:25:22,1605632
mn.device-6,2026-07-02 09:25:37,20713472
mn.device-6,2026-07-02 09:25:52,22200320
mn.device-6,2026-07-02 09:26:07,22200320
mn.device-6,2026-07-02 09:26:22,22204416
mn.device-6,2026-07-02 09:26:37,22204416
mn.device-6,2026-07-02 09:26:52,22204416
mn.device-6,2026-07-02 09:27:07,22138880
mn.device-6,2026-07-02 09:27:22,22163456
mn.device-6,2026-07-02 09:27:37,22163456
mn.device-6,2026-07-02 09:27:52,22687744
mn.device-6,2026-07-02 09:28:07,22163456
mn.device-6,2026-07-02 09:28:22,22163456
mn.device-6,2026-07-02 09:28:37,22163456
mn.device-6,2026-07-02 09:28:52,22687744
mn.device-6,2026-07-02 09:29:07,22167552
mn.device-6,2026-07-02 09:29:22,22167552
mn.device-6,2026-07-02 09:29:37,22167552
mn.device-6,2026-07-02 09:29:52,22167552
mn.device-6,2026-07-02 09:30:07,22167552
mn.device-6,2026-07-02 09:30:22,22429696
mn.device-6,2026-07-02 09:30:37,22171648
mn.device-6,2026-07-02 09:30:52,22175744
mn.device-6,2026-07-02 09:31:07,22175744
mn.device-6,2026-07-02 09:31:22,22175744
mn.device-6,2026-07-02 09:31:37,22175744
mn.device-6,2026-07-02 09:31:52,22175744
mn.device-6,2026-07-02 09:32:07,22183936
mn.device-6,2026-07-02 09:32:22,22429696
mn.device-6,2026-07-02 09:32:37,22175744
mn.device-6,2026-07-02 09:32:52,22163456
mn.device-6,2026-07-02 09:33:07,22163456
mn.device-6,2026-07-02 09:33:22,22159360
mn.device-6,2026-07-02 09:33:37,22159360
mn.device-6,2026-07-02 09:33:52,22155264
mn.device-6,2026-07-02 09:34:07,22155264
mn.device-82,2026-07-02 09:24:22,1601536
mn.device-82,2026-07-02 09:24:37,1601536
mn.device-82,2026-07-02 09:24:52,1601536
mn.device-82,2026-07-02 09:25:07,1601536
mn.device-82,2026-07-02 09:25:22,1601536
mn.device-82,2026-07-02 09:25:37,1601536
mn.device-82,2026-07-02 09:25:52,1601536
mn.device-82,2026-07-02 09:26:07,1601536
mn.device-82,2026-07-02 09:26:22,1601536
mn.device-82,2026-07-02 09:26:37,21770240
mn.device-82,2026-07-02 09:26:52,21770240
mn.device-82,2026-07-02 09:27:07,22200320
mn.device-82,2026-07-02 09:27:22,22462464
mn.device-82,2026-07-02 09:27:37,22204416
mn.device-82,2026-07-02 09:27:52,22204416
mn.device-82,2026-07-02 09:28:07,22204416
mn.device-82,2026-07-02 09:28:22,22204416
mn.device-82,2026-07-02 09:28:37,22224896
mn.device-82,2026-07-02 09:28:52,22224896
mn.device-82,2026-07-02 09:29:07,22224896
mn.device-82,2026-07-02 09:29:22,22228992
mn.device-82,2026-07-02 09:29:37,22224896
mn.device-82,2026-07-02 09:29:52,22224896
mn.device-82,2026-07-02 09:30:07,22224896
mn.device-82,2026-07-02 09:30:22,22237184
mn.device-82,2026-07-02 09:30:37,22237184
mn.device-82,2026-07-02 09:30:52,22237184
mn.device-82,2026-07-02 09:31:07,22237184
mn.device-82,2026-07-02 09:31:22,22237184
mn.device-82,2026-07-02 09:31:37,22237184
mn.device-82,2026-07-02 09:31:52,22237184
mn.device-82,2026-07-02 09:32:07,22237184
mn.device-82,2026-07-02 09:32:22,22745088
mn.device-82,2026-07-02 09:32:37,22228992
mn.device-82,2026-07-02 09:32:52,22212608
mn.device-82,2026-07-02 09:33:07,22212608
mn.device-82,2026-07-02 09:33:22,22220800
mn.device-82,2026-07-02 09:33:37,22220800
mn.device-82,2026-07-02 09:33:52,22208512
mn.device-82,2026-07-02 09:34:07,22208512
mn.device-60,2026-07-02 09:24:22,1601536
mn.device-60,2026-07-02 09:24:37,1601536
mn.device-60,2026-07-02 09:24:52,1601536
mn.device-60,2026-07-02 09:25:07,1601536
mn.device-60,2026-07-02 09:25:22,1601536
mn.device-60,2026-07-02 09:25:37,1601536
mn.device-60,2026-07-02 09:25:52,1601536
mn.device-60,2026-07-02 09:26:07,1601536
mn.device-60,2026-07-02 09:26:22,22269952
mn.device-60,2026-07-02 09:26:37,22192128
mn.device-60,2026-07-02 09:26:52,22192128
mn.device-60,2026-07-02 09:27:07,22130688
mn.device-60,2026-07-02 09:27:22,22134784
mn.device-60,2026-07-02 09:27:37,22134784
mn.device-60,2026-07-02 09:27:52,22138880
mn.device-60,2026-07-02 09:28:07,22159360
mn.device-60,2026-07-02 09:28:22,22159360
mn.device-60,2026-07-02 09:28:37,22159360
mn.device-60,2026-07-02 09:28:52,22159360
mn.device-60,2026-07-02 09:29:07,22159360
mn.device-60,2026-07-02 09:29:22,22159360
mn.device-60,2026-07-02 09:29:37,22163456
mn.device-60,2026-07-02 09:29:52,22163456
mn.device-60,2026-07-02 09:30:07,22163456
mn.device-60,2026-07-02 09:30:22,22163456
mn.device-60,2026-07-02 09:30:37,22163456
mn.device-60,2026-07-02 09:30:52,22163456
mn.device-60,2026-07-02 09:31:07,22163456
mn.device-60,2026-07-02 09:31:22,22167552
mn.device-60,2026-07-02 09:31:37,22171648
mn.device-60,2026-07-02 09:31:52,22171648
mn.device-60,2026-07-02 09:32:07,22171648
mn.device-60,2026-07-02 09:32:22,22163456
mn.device-60,2026-07-02 09:32:37,22163456
mn.device-60,2026-07-02 09:32:52,22159360
mn.device-60,2026-07-02 09:33:07,22159360
mn.device-60,2026-07-02 09:33:22,22155264
mn.device-60,2026-07-02 09:33:37,22155264
mn.device-60,2026-07-02 09:33:52,22147072
mn.device-60,2026-07-02 09:34:07,22147072
mn.device-35,2026-07-02 09:24:22,1605632
mn.device-35,2026-07-02 09:24:37,1605632
mn.device-35,2026-07-02 09:24:52,1605632
mn.device-35,2026-07-02 09:25:07,1605632
mn.device-35,2026-07-02 09:25:22,1605632
mn.device-35,2026-07-02 09:25:37,1605632
mn.device-35,2026-07-02 09:25:52,1605632
mn.device-35,2026-07-02 09:26:07,22495232
mn.device-35,2026-07-02 09:26:22,22237184
mn.device-35,2026-07-02 09:26:37,22499328
mn.device-35,2026-07-02 09:26:52,22237184
mn.device-35,2026-07-02 09:27:07,22175744
mn.device-35,2026-07-02 09:27:22,22175744
mn.device-35,2026-07-02 09:27:37,22204416
mn.device-35,2026-07-02 09:27:52,22204416
mn.device-35,2026-07-02 09:28:07,22462464
mn.device-35,2026-07-02 09:28:22,22204416
mn.device-35,2026-07-02 09:28:37,22466560
mn.device-35,2026-07-02 09:28:52,22204416
mn.device-35,2026-07-02 09:29:07,22466560
mn.device-35,2026-07-02 09:29:22,22208512
mn.device-35,2026-07-02 09:29:37,22208512
mn.device-35,2026-07-02 09:29:52,22208512
mn.device-35,2026-07-02 09:30:07,22208512
mn.device-35,2026-07-02 09:30:22,22208512
mn.device-35,2026-07-02 09:30:37,22208512
mn.device-35,2026-07-02 09:30:52,22212608
mn.device-35,2026-07-02 09:31:07,23257088
mn.device-35,2026-07-02 09:31:22,22216704
mn.device-35,2026-07-02 09:31:37,23257088
mn.device-35,2026-07-02 09:31:52,22216704
mn.device-35,2026-07-02 09:32:07,22216704
mn.device-35,2026-07-02 09:32:22,22208512
mn.device-35,2026-07-02 09:32:37,22474752
mn.device-35,2026-07-02 09:32:52,22204416
mn.device-35,2026-07-02 09:33:07,22204416
mn.device-35,2026-07-02 09:33:22,22200320
mn.device-35,2026-07-02 09:33:37,22196224
mn.device-35,2026-07-02 09:33:52,22192128
mn.device-35,2026-07-02 09:34:07,22196224
mn.device-15,2026-07-02 09:24:22,1601536
mn.device-15,2026-07-02 09:24:37,1601536
mn.device-15,2026-07-02 09:24:52,1601536
mn.device-15,2026-07-02 09:25:07,1601536
mn.device-15,2026-07-02 09:25:22,1601536
mn.device-15,2026-07-02 09:25:37,1601536
mn.device-15,2026-07-02 09:25:52,22183936
mn.device-15,2026-07-02 09:26:07,22183936
mn.device-15,2026-07-02 09:26:22,22183936
mn.device-15,2026-07-02 09:26:37,22188032
mn.device-15,2026-07-02 09:26:52,22188032
mn.device-15,2026-07-02 09:27:07,22126592
mn.device-15,2026-07-02 09:27:22,22286336
mn.device-15,2026-07-02 09:27:37,22286336
mn.device-15,2026-07-02 09:27:52,22286336
mn.device-15,2026-07-02 09:28:07,22286336
mn.device-15,2026-07-02 09:28:22,22286336
mn.device-15,2026-07-02 09:28:37,22286336
mn.device-15,2026-07-02 09:28:52,22286336
mn.device-15,2026-07-02 09:29:07,22290432
mn.device-15,2026-07-02 09:29:22,22290432
mn.device-15,2026-07-02 09:29:37,22290432
mn.device-15,2026-07-02 09:29:52,22290432
mn.device-15,2026-07-02 09:30:07,22290432
mn.device-15,2026-07-02 09:30:22,22290432
mn.device-15,2026-07-02 09:30:37,22294528
mn.device-15,2026-07-02 09:30:52,22294528
mn.device-15,2026-07-02 09:31:07,22294528
mn.device-15,2026-07-02 09:31:22,22298624
mn.device-15,2026-07-02 09:31:37,22298624
mn.device-15,2026-07-02 09:31:52,22298624
mn.device-15,2026-07-02 09:32:07,22298624
mn.device-15,2026-07-02 09:32:22,22298624
mn.device-15,2026-07-02 09:32:37,22298624
mn.device-15,2026-07-02 09:32:52,22286336
mn.device-15,2026-07-02 09:33:07,22286336
mn.device-15,2026-07-02 09:33:22,22282240
mn.device-15,2026-07-02 09:33:37,22282240
mn.device-15,2026-07-02 09:33:52,22278144
mn.device-15,2026-07-02 09:34:07,22278144
mn.device-42,2026-07-02 09:24:22,1605632
mn.device-42,2026-07-02 09:24:37,1605632
mn.device-42,2026-07-02 09:24:52,1605632
mn.device-42,2026-07-02 09:25:07,1605632
mn.device-42,2026-07-02 09:25:22,1605632
mn.device-42,2026-07-02 09:25:37,1605632
mn.device-42,2026-07-02 09:25:52,1605632
mn.device-42,2026-07-02 09:26:07,22261760
mn.device-42,2026-07-02 09:26:22,22188032
mn.device-42,2026-07-02 09:26:37,22188032
mn.device-42,2026-07-02 09:26:52,22188032
mn.device-42,2026-07-02 09:27:07,22130688
mn.device-42,2026-07-02 09:27:22,22130688
mn.device-42,2026-07-02 09:27:37,22134784
mn.device-42,2026-07-02 09:27:52,22155264
mn.device-42,2026-07-02 09:28:07,22155264
mn.device-42,2026-07-02 09:28:22,22155264
mn.device-42,2026-07-02 09:28:37,22155264
mn.device-42,2026-07-02 09:28:52,22155264
mn.device-42,2026-07-02 09:29:07,22155264
mn.device-42,2026-07-02 09:29:22,22159360
mn.device-42,2026-07-02 09:29:37,22679552
mn.device-42,2026-07-02 09:29:52,22159360
mn.device-42,2026-07-02 09:30:07,22159360
mn.device-42,2026-07-02 09:30:22,22159360
mn.device-42,2026-07-02 09:30:37,22159360
mn.device-42,2026-07-02 09:30:52,22159360
mn.device-42,2026-07-02 09:31:07,22425600
mn.device-42,2026-07-02 09:31:22,22163456
mn.device-42,2026-07-02 09:31:37,22163456
mn.device-42,2026-07-02 09:31:52,22163456
mn.device-42,2026-07-02 09:32:07,22163456
mn.device-42,2026-07-02 09:32:22,22155264
mn.device-42,2026-07-02 09:32:37,22163456
mn.device-42,2026-07-02 09:32:52,22151168
mn.device-42,2026-07-02 09:33:07,22151168
mn.device-42,2026-07-02 09:33:22,22147072
mn.device-42,2026-07-02 09:33:37,22147072
mn.device-42,2026-07-02 09:33:52,22138880
mn.device-42,2026-07-02 09:34:07,22138880
mn.device-57,2026-07-02 09:24:22,1601536
mn.device-57,2026-07-02 09:24:37,1601536
mn.device-57,2026-07-02 09:24:52,1601536
mn.device-57,2026-07-02 09:25:07,1601536
mn.device-57,2026-07-02 09:25:22,1601536
mn.device-57,2026-07-02 09:25:37,1601536
mn.device-57,2026-07-02 09:25:52,1601536
mn.device-57,2026-07-02 09:26:07,1601536
mn.device-57,2026-07-02 09:26:22,22282240
mn.device-57,2026-07-02 09:26:37,22196224
mn.device-57,2026-07-02 09:26:52,22970368
mn.device-57,2026-07-02 09:27:07,22384640
mn.device-57,2026-07-02 09:27:22,22130688
mn.device-57,2026-07-02 09:27:37,22134784
mn.device-57,2026-07-02 09:27:52,22138880
mn.device-57,2026-07-02 09:28:07,22421504
mn.device-57,2026-07-02 09:28:22,22159360
mn.device-57,2026-07-02 09:28:37,22159360
mn.device-57,2026-07-02 09:28:52,22159360
mn.device-57,2026-07-02 09:29:07,22159360
mn.device-57,2026-07-02 09:29:22,22159360
mn.device-57,2026-07-02 09:29:37,22163456
mn.device-57,2026-07-02 09:29:52,22163456
mn.device-57,2026-07-02 09:30:07,22163456
mn.device-57,2026-07-02 09:30:22,22163456
mn.device-57,2026-07-02 09:30:37,22163456
mn.device-57,2026-07-02 09:30:52,22163456
mn.device-57,2026-07-02 09:31:07,22171648
mn.device-57,2026-07-02 09:31:22,22171648
mn.device-57,2026-07-02 09:31:37,22171648
mn.device-57,2026-07-02 09:31:52,22175744
mn.device-57,2026-07-02 09:32:07,22175744
mn.device-57,2026-07-02 09:32:22,22163456
mn.device-57,2026-07-02 09:32:37,22163456
mn.device-57,2026-07-02 09:32:52,22159360
mn.device-57,2026-07-02 09:33:07,22159360
mn.device-57,2026-07-02 09:33:22,22155264
mn.device-57,2026-07-02 09:33:37,22155264
mn.device-57,2026-07-02 09:33:52,22147072
mn.device-57,2026-07-02 09:34:07,22663168
mn.device-99,2026-07-02 09:24:22,1597440
mn.device-99,2026-07-02 09:24:37,1597440
mn.device-99,2026-07-02 09:24:52,1597440
mn.device-99,2026-07-02 09:25:07,1597440
mn.device-99,2026-07-02 09:25:22,1597440
mn.device-99,2026-07-02 09:25:37,1597440
mn.device-99,2026-07-02 09:25:52,1597440
mn.device-99,2026-07-02 09:26:07,1597440
mn.device-99,2026-07-02 09:26:22,1597440
mn.device-99,2026-07-02 09:26:37,1597440
mn.device-99,2026-07-02 09:26:52,1597440
mn.device-99,2026-07-02 09:27:07,21860352
mn.device-99,2026-07-02 09:27:22,22323200
mn.device-99,2026-07-02 09:27:37,22245376
mn.device-99,2026-07-02 09:27:52,22245376
mn.device-99,2026-07-02 09:28:07,22245376
mn.device-99,2026-07-02 09:28:22,22249472
mn.device-99,2026-07-02 09:28:37,22253568
mn.device-99,2026-07-02 09:28:52,22257664
mn.device-99,2026-07-02 09:29:07,22278144
mn.device-99,2026-07-02 09:29:22,22278144
mn.device-99,2026-07-02 09:29:37,22278144
mn.device-99,2026-07-02 09:29:52,22278144
mn.device-99,2026-07-02 09:30:07,22278144
mn.device-99,2026-07-02 09:30:22,22278144
mn.device-99,2026-07-02 09:30:37,22282240
mn.device-99,2026-07-02 09:30:52,22282240
mn.device-99,2026-07-02 09:31:07,22282240
mn.device-99,2026-07-02 09:31:22,22282240
mn.device-99,2026-07-02 09:31:37,22282240
mn.device-99,2026-07-02 09:31:52,22282240
mn.device-99,2026-07-02 09:32:07,22265856
mn.device-99,2026-07-02 09:32:22,22257664
mn.device-99,2026-07-02 09:32:37,22257664
mn.device-99,2026-07-02 09:32:52,22245376
mn.device-99,2026-07-02 09:33:07,22245376
mn.device-99,2026-07-02 09:33:22,22241280
mn.device-99,2026-07-02 09:33:37,22237184
mn.device-99,2026-07-02 09:33:52,22233088
mn.device-99,2026-07-02 09:34:07,22233088
mn.device-3,2026-07-02 09:24:22,1605632
mn.device-3,2026-07-02 09:24:37,1605632
mn.device-3,2026-07-02 09:24:52,1605632
mn.device-3,2026-07-02 09:25:07,1605632
mn.device-3,2026-07-02 09:25:22,1605632
mn.device-3,2026-07-02 09:25:37,21794816
mn.device-3,2026-07-02 09:25:52,22212608
mn.device-3,2026-07-02 09:26:07,22212608
mn.device-3,2026-07-02 09:26:22,22212608
mn.device-3,2026-07-02 09:26:37,22212608
mn.device-3,2026-07-02 09:26:52,22212608
mn.device-3,2026-07-02 09:27:07,22155264
mn.device-3,2026-07-02 09:27:22,22175744
mn.device-3,2026-07-02 09:27:37,22175744
mn.device-3,2026-07-02 09:27:52,22175744
mn.device-3,2026-07-02 09:28:07,22175744
mn.device-3,2026-07-02 09:28:22,22691840
mn.device-3,2026-07-02 09:28:37,22175744
mn.device-3,2026-07-02 09:28:52,22188032
mn.device-3,2026-07-02 09:29:07,22188032
mn.device-3,2026-07-02 09:29:22,22188032
mn.device-3,2026-07-02 09:29:37,22188032
mn.device-3,2026-07-02 09:29:52,22188032
mn.device-3,2026-07-02 09:30:07,22188032
mn.device-3,2026-07-02 09:30:22,22188032
mn.device-3,2026-07-02 09:30:37,22188032
mn.device-3,2026-07-02 09:30:52,22188032
mn.device-3,2026-07-02 09:31:07,22188032
mn.device-3,2026-07-02 09:31:22,22188032
mn.device-3,2026-07-02 09:31:37,22188032
mn.device-3,2026-07-02 09:31:52,22441984
mn.device-3,2026-07-02 09:32:07,22196224
mn.device-3,2026-07-02 09:32:22,22188032
mn.device-3,2026-07-02 09:32:37,22188032
mn.device-3,2026-07-02 09:32:52,22437888
mn.device-3,2026-07-02 09:33:07,22175744
mn.device-3,2026-07-02 09:33:22,22167552
mn.device-3,2026-07-02 09:33:37,22167552
mn.device-3,2026-07-02 09:33:52,22425600
mn.device-3,2026-07-02 09:34:07,22163456
mn.device-69,2026-07-02 09:24:22,1605632
mn.device-69,2026-07-02 09:24:37,1605632
mn.device-69,2026-07-02 09:24:52,1605632
mn.device-69,2026-07-02 09:25:07,1605632
mn.device-69,2026-07-02 09:25:22,1605632
mn.device-69,2026-07-02 09:25:37,1605632
mn.device-69,2026-07-02 09:25:52,1605632
mn.device-69,2026-07-02 09:26:07,1605632
mn.device-69,2026-07-02 09:26:22,1605632
mn.device-69,2026-07-02 09:26:37,22257664
mn.device-69,2026-07-02 09:26:52,22224896
mn.device-69,2026-07-02 09:27:07,22159360
mn.device-69,2026-07-02 09:27:22,22163456
mn.device-69,2026-07-02 09:27:37,22163456
mn.device-69,2026-07-02 09:27:52,22163456
mn.device-69,2026-07-02 09:28:07,22691840
mn.device-69,2026-07-02 09:28:22,22188032
mn.device-69,2026-07-02 09:28:37,22188032
mn.device-69,2026-07-02 09:28:52,22188032
mn.device-69,2026-07-02 09:29:07,22188032
mn.device-69,2026-07-02 09:29:22,22188032
mn.device-69,2026-07-02 09:29:37,22188032
mn.device-69,2026-07-02 09:29:52,22196224
mn.device-69,2026-07-02 09:30:07,22196224
mn.device-69,2026-07-02 09:30:22,22196224
mn.device-69,2026-07-02 09:30:37,22446080
mn.device-69,2026-07-02 09:30:52,22196224
mn.device-69,2026-07-02 09:31:07,22196224
mn.device-69,2026-07-02 09:31:22,22200320
mn.device-69,2026-07-02 09:31:37,22200320
mn.device-69,2026-07-02 09:31:52,22200320
mn.device-69,2026-07-02 09:32:07,22204416
mn.device-69,2026-07-02 09:32:22,22196224
mn.device-69,2026-07-02 09:32:37,22716416
mn.device-69,2026-07-02 09:32:52,22179840
mn.device-69,2026-07-02 09:33:07,22192128
mn.device-69,2026-07-02 09:33:22,22183936
mn.device-69,2026-07-02 09:33:37,22179840
mn.device-69,2026-07-02 09:33:52,22175744
mn.device-69,2026-07-02 09:34:07,22175744
mn.device-79,2026-07-02 09:24:22,1601536
mn.device-79,2026-07-02 09:24:37,1601536
mn.device-79,2026-07-02 09:24:52,1601536
mn.device-79,2026-07-02 09:25:07,1601536
mn.device-79,2026-07-02 09:25:22,1601536
mn.device-79,2026-07-02 09:25:37,1601536
mn.device-79,2026-07-02 09:25:52,1601536
mn.device-79,2026-07-02 09:26:07,1601536
mn.device-79,2026-07-02 09:26:22,1601536
mn.device-79,2026-07-02 09:26:37,21774336
mn.device-79,2026-07-02 09:26:52,22294528
mn.device-79,2026-07-02 09:27:07,22126592
mn.device-79,2026-07-02 09:27:22,22126592
mn.device-79,2026-07-02 09:27:37,22126592
mn.device-79,2026-07-02 09:27:52,22126592
mn.device-79,2026-07-02 09:28:07,22126592
mn.device-79,2026-07-02 09:28:22,22130688
mn.device-79,2026-07-02 09:28:37,22188032
mn.device-79,2026-07-02 09:28:52,22188032
mn.device-79,2026-07-02 09:29:07,22450176
mn.device-79,2026-07-02 09:29:22,22188032
mn.device-79,2026-07-02 09:29:37,22188032
mn.device-79,2026-07-02 09:29:52,22188032
mn.device-79,2026-07-02 09:30:07,22196224
mn.device-79,2026-07-02 09:30:22,22196224
mn.device-79,2026-07-02 09:30:37,22196224
mn.device-79,2026-07-02 09:30:52,22196224
mn.device-79,2026-07-02 09:31:07,22196224
mn.device-79,2026-07-02 09:31:22,22196224
mn.device-79,2026-07-02 09:31:37,22458368
mn.device-79,2026-07-02 09:31:52,22204416
mn.device-79,2026-07-02 09:32:07,22204416
mn.device-79,2026-07-02 09:32:22,22196224
mn.device-79,2026-07-02 09:32:37,22196224
mn.device-79,2026-07-02 09:32:52,22183936
mn.device-79,2026-07-02 09:33:07,22183936
mn.device-79,2026-07-02 09:33:22,22188032
mn.device-79,2026-07-02 09:33:37,22188032
mn.device-79,2026-07-02 09:33:52,22179840
mn.device-79,2026-07-02 09:34:07,22179840
mn.device-17,2026-07-02 09:24:22,1613824
mn.device-17,2026-07-02 09:24:37,1613824
mn.device-17,2026-07-02 09:24:52,1613824
mn.device-17,2026-07-02 09:25:07,1613824
mn.device-17,2026-07-02 09:25:22,1613824
mn.device-17,2026-07-02 09:25:37,1613824
mn.device-17,2026-07-02 09:25:52,22192128
mn.device-17,2026-07-02 09:26:07,22192128
mn.device-17,2026-07-02 09:26:22,22192128
mn.device-17,2026-07-02 09:26:37,22196224
mn.device-17,2026-07-02 09:26:52,22196224
mn.device-17,2026-07-02 09:27:07,22130688
mn.device-17,2026-07-02 09:27:22,22155264
mn.device-17,2026-07-02 09:27:37,22155264
mn.device-17,2026-07-02 09:27:52,22155264
mn.device-17,2026-07-02 09:28:07,22155264
mn.device-17,2026-07-02 09:28:22,22155264
mn.device-17,2026-07-02 09:28:37,22155264
mn.device-17,2026-07-02 09:28:52,22155264
mn.device-17,2026-07-02 09:29:07,22159360
mn.device-17,2026-07-02 09:29:22,22159360
mn.device-17,2026-07-02 09:29:37,22159360
mn.device-17,2026-07-02 09:29:52,22421504
mn.device-17,2026-07-02 09:30:07,22159360
mn.device-17,2026-07-02 09:30:22,22159360
mn.device-17,2026-07-02 09:30:37,22163456
mn.device-17,2026-07-02 09:30:52,22163456
mn.device-17,2026-07-02 09:31:07,22163456
mn.device-17,2026-07-02 09:31:22,22163456
mn.device-17,2026-07-02 09:31:37,22163456
mn.device-17,2026-07-02 09:31:52,22163456
mn.device-17,2026-07-02 09:32:07,22163456
mn.device-17,2026-07-02 09:32:22,22163456
mn.device-17,2026-07-02 09:32:37,22163456
mn.device-17,2026-07-02 09:32:52,22151168
mn.device-17,2026-07-02 09:33:07,22151168
mn.device-17,2026-07-02 09:33:22,22147072
mn.device-17,2026-07-02 09:33:37,22142976
mn.device-17,2026-07-02 09:33:52,22142976
mn.device-17,2026-07-02 09:34:07,22142976
mn.device-32,2026-07-02 09:24:22,1609728
mn.device-32,2026-07-02 09:24:37,1609728
mn.device-32,2026-07-02 09:24:52,1609728
mn.device-32,2026-07-02 09:25:07,1609728
mn.device-32,2026-07-02 09:25:22,1609728
mn.device-32,2026-07-02 09:25:37,1609728
mn.device-32,2026-07-02 09:25:52,1609728
mn.device-32,2026-07-02 09:26:07,22265856
mn.device-32,2026-07-02 09:26:22,22265856
mn.device-32,2026-07-02 09:26:37,22532096
mn.device-32,2026-07-02 09:26:52,22269952
mn.device-32,2026-07-02 09:27:07,22212608
mn.device-32,2026-07-02 09:27:22,22216704
mn.device-32,2026-07-02 09:27:37,22364160
mn.device-32,2026-07-02 09:27:52,22364160
mn.device-32,2026-07-02 09:28:07,22364160
mn.device-32,2026-07-02 09:28:22,22364160
mn.device-32,2026-07-02 09:28:37,22364160
mn.device-32,2026-07-02 09:28:52,22364160
mn.device-32,2026-07-02 09:29:07,22364160
mn.device-32,2026-07-02 09:29:22,22372352
mn.device-32,2026-07-02 09:29:37,22372352
mn.device-32,2026-07-02 09:29:52,22372352
mn.device-32,2026-07-02 09:30:07,22372352
mn.device-32,2026-07-02 09:30:22,22372352
mn.device-32,2026-07-02 09:30:37,22372352
mn.device-32,2026-07-02 09:30:52,22376448
mn.device-32,2026-07-02 09:31:07,22376448
mn.device-32,2026-07-02 09:31:22,22376448
mn.device-32,2026-07-02 09:31:37,22376448
mn.device-32,2026-07-02 09:31:52,22376448
mn.device-32,2026-07-02 09:32:07,22376448
mn.device-32,2026-07-02 09:32:22,22376448
mn.device-32,2026-07-02 09:32:37,22376448
mn.device-32,2026-07-02 09:32:52,22364160
mn.device-32,2026-07-02 09:33:07,22364160
mn.device-32,2026-07-02 09:33:22,22355968
mn.device-32,2026-07-02 09:33:37,22355968
mn.device-32,2026-07-02 09:33:52,22347776
mn.device-32,2026-07-02 09:34:07,22351872
mn.device-86,2026-07-02 09:24:22,1593344
mn.device-86,2026-07-02 09:24:37,1593344
mn.device-86,2026-07-02 09:24:52,1593344
mn.device-86,2026-07-02 09:25:07,1593344
mn.device-86,2026-07-02 09:25:22,1593344
mn.device-86,2026-07-02 09:25:37,1593344
mn.device-86,2026-07-02 09:25:52,1593344
mn.device-86,2026-07-02 09:26:07,1593344
mn.device-86,2026-07-02 09:26:22,1593344
mn.device-86,2026-07-02 09:26:37,1593344
mn.device-86,2026-07-02 09:26:52,21774336
mn.device-86,2026-07-02 09:27:07,22220800
mn.device-86,2026-07-02 09:27:22,22921216
mn.device-86,2026-07-02 09:27:37,22138880
mn.device-86,2026-07-02 09:27:52,22654976
mn.device-86,2026-07-02 09:28:07,22138880
mn.device-86,2026-07-02 09:28:22,22138880
mn.device-86,2026-07-02 09:28:37,22147072
mn.device-86,2026-07-02 09:28:52,22163456
mn.device-86,2026-07-02 09:29:07,22163456
mn.device-86,2026-07-02 09:29:22,22163456
mn.device-86,2026-07-02 09:29:37,22163456
mn.device-86,2026-07-02 09:29:52,22417408
mn.device-86,2026-07-02 09:30:07,22163456
mn.device-86,2026-07-02 09:30:22,22937600
mn.device-86,2026-07-02 09:30:37,22167552
mn.device-86,2026-07-02 09:30:52,22945792
mn.device-86,2026-07-02 09:31:07,22167552
mn.device-86,2026-07-02 09:31:22,22167552
mn.device-86,2026-07-02 09:31:37,22167552
mn.device-86,2026-07-02 09:31:52,22171648
mn.device-86,2026-07-02 09:32:07,22171648
mn.device-86,2026-07-02 09:32:22,22679552
mn.device-86,2026-07-02 09:32:37,22167552
mn.device-86,2026-07-02 09:32:52,22159360
mn.device-86,2026-07-02 09:33:07,22159360
mn.device-86,2026-07-02 09:33:22,22675456
mn.device-86,2026-07-02 09:33:37,22163456
mn.device-86,2026-07-02 09:33:52,22155264
mn.device-86,2026-07-02 09:34:07,22155264
mn.device-11,2026-07-02 09:24:22,1601536
mn.device-11,2026-07-02 09:24:37,1601536
mn.device-11,2026-07-02 09:24:52,1601536
mn.device-11,2026-07-02 09:25:07,1601536
mn.device-11,2026-07-02 09:25:22,1601536
mn.device-11,2026-07-02 09:25:37,1601536
mn.device-11,2026-07-02 09:25:52,22208512
mn.device-11,2026-07-02 09:26:07,22208512
mn.device-11,2026-07-02 09:26:22,22208512
mn.device-11,2026-07-02 09:26:37,22212608
mn.device-11,2026-07-02 09:26:52,22212608
mn.device-11,2026-07-02 09:27:07,22151168
mn.device-11,2026-07-02 09:27:22,22171648
mn.device-11,2026-07-02 09:27:37,22171648
mn.device-11,2026-07-02 09:27:52,22171648
mn.device-11,2026-07-02 09:28:07,22171648
mn.device-11,2026-07-02 09:28:22,22171648
mn.device-11,2026-07-02 09:28:37,22171648
mn.device-11,2026-07-02 09:28:52,22171648
mn.device-11,2026-07-02 09:29:07,22175744
mn.device-11,2026-07-02 09:29:22,22175744
mn.device-11,2026-07-02 09:29:37,22175744
mn.device-11,2026-07-02 09:29:52,22175744
mn.device-11,2026-07-02 09:30:07,22175744
mn.device-11,2026-07-02 09:30:22,22175744
mn.device-11,2026-07-02 09:30:37,22179840
mn.device-11,2026-07-02 09:30:52,22179840
mn.device-11,2026-07-02 09:31:07,22179840
mn.device-11,2026-07-02 09:31:22,22183936
mn.device-11,2026-07-02 09:31:37,22183936
mn.device-11,2026-07-02 09:31:52,22183936
mn.device-11,2026-07-02 09:32:07,22192128
mn.device-11,2026-07-02 09:32:22,22183936
mn.device-11,2026-07-02 09:32:37,22183936
mn.device-11,2026-07-02 09:32:52,22171648
mn.device-11,2026-07-02 09:33:07,22171648
mn.device-11,2026-07-02 09:33:22,22167552
mn.device-11,2026-07-02 09:33:37,22167552
mn.device-11,2026-07-02 09:33:52,22163456
mn.device-11,2026-07-02 09:34:07,22163456
mn.device-1,2026-07-02 09:24:22,2215936
mn.device-1,2026-07-02 09:24:37,2215936
mn.device-1,2026-07-02 09:24:52,2215936
mn.device-1,2026-07-02 09:25:07,2215936
mn.device-1,2026-07-02 09:25:22,2215936
mn.device-1,2026-07-02 09:25:37,26218496
mn.device-1,2026-07-02 09:25:52,26144768
mn.device-1,2026-07-02 09:26:07,26144768
mn.device-1,2026-07-02 09:26:22,26144768
mn.device-1,2026-07-02 09:26:37,26669056
mn.device-1,2026-07-02 09:26:52,26144768
mn.device-1,2026-07-02 09:27:07,26050560
mn.device-1,2026-07-02 09:27:22,26075136
mn.device-1,2026-07-02 09:27:37,26075136
mn.device-1,2026-07-02 09:27:52,26075136
mn.device-1,2026-07-02 09:28:07,26075136
mn.device-1,2026-07-02 09:28:22,26075136
mn.device-1,2026-07-02 09:28:37,26075136
mn.device-1,2026-07-02 09:28:52,26079232
mn.device-1,2026-07-02 09:29:07,26079232
mn.device-1,2026-07-02 09:29:22,26341376
mn.device-1,2026-07-02 09:29:37,26079232
mn.device-1,2026-07-02 09:29:52,26079232
mn.device-1,2026-07-02 09:30:07,26079232
mn.device-1,2026-07-02 09:30:22,26079232
mn.device-1,2026-07-02 09:30:37,26083328
mn.device-1,2026-07-02 09:30:52,26087424
mn.device-1,2026-07-02 09:31:07,26087424
mn.device-1,2026-07-02 09:31:22,26087424
mn.device-1,2026-07-02 09:31:37,26087424
mn.device-1,2026-07-02 09:31:52,26087424
mn.device-1,2026-07-02 09:32:07,26083328
mn.device-1,2026-07-02 09:32:22,26058752
mn.device-1,2026-07-02 09:32:37,26058752
mn.device-1,2026-07-02 09:32:52,25919488
mn.device-1,2026-07-02 09:33:07,25919488
mn.device-1,2026-07-02 09:33:22,25837568
mn.device-1,2026-07-02 09:33:37,25886720
mn.device-1,2026-07-02 09:33:52,25812992
mn.device-1,2026-07-02 09:34:07,25812992
mn.device-58,2026-07-02 09:24:22,1605632
mn.device-58,2026-07-02 09:24:37,1605632
mn.device-58,2026-07-02 09:24:52,1605632
mn.device-58,2026-07-02 09:25:07,1605632
mn.device-58,2026-07-02 09:25:22,1605632
mn.device-58,2026-07-02 09:25:37,1605632
mn.device-58,2026-07-02 09:25:52,1605632
mn.device-58,2026-07-02 09:26:07,1605632
mn.device-58,2026-07-02 09:26:22,22261760
mn.device-58,2026-07-02 09:26:37,22179840
mn.device-58,2026-07-02 09:26:52,22179840
mn.device-58,2026-07-02 09:27:07,22900736
mn.device-58,2026-07-02 09:27:22,22122496
mn.device-58,2026-07-02 09:27:37,22122496
mn.device-58,2026-07-02 09:27:52,22126592
mn.device-58,2026-07-02 09:28:07,22667264
mn.device-58,2026-07-02 09:28:22,22147072
mn.device-58,2026-07-02 09:28:37,22671360
mn.device-58,2026-07-02 09:28:52,22147072
mn.device-58,2026-07-02 09:29:07,22147072
mn.device-58,2026-07-02 09:29:22,22147072
mn.device-58,2026-07-02 09:29:37,22151168
mn.device-58,2026-07-02 09:29:52,22151168
mn.device-58,2026-07-02 09:30:07,22671360
mn.device-58,2026-07-02 09:30:22,22151168
mn.device-58,2026-07-02 09:30:37,22151168
mn.device-58,2026-07-02 09:30:52,22151168
mn.device-58,2026-07-02 09:31:07,22155264
mn.device-58,2026-07-02 09:31:22,22155264
mn.device-58,2026-07-02 09:31:37,22159360
mn.device-58,2026-07-02 09:31:52,22159360
mn.device-58,2026-07-02 09:32:07,22159360
mn.device-58,2026-07-02 09:32:22,22151168
mn.device-58,2026-07-02 09:32:37,22409216
mn.device-58,2026-07-02 09:32:52,22147072
mn.device-58,2026-07-02 09:33:07,22147072
mn.device-58,2026-07-02 09:33:22,22142976
mn.device-58,2026-07-02 09:33:37,22142976
mn.device-58,2026-07-02 09:33:52,22134784
mn.device-58,2026-07-02 09:34:07,22134784
mn.device-36,2026-07-02 09:24:22,1593344
mn.device-36,2026-07-02 09:24:37,1593344
mn.device-36,2026-07-02 09:24:52,1593344
mn.device-36,2026-07-02 09:25:07,1593344
mn.device-36,2026-07-02 09:25:22,1593344
mn.device-36,2026-07-02 09:25:37,1593344
mn.device-36,2026-07-02 09:25:52,1593344
mn.device-36,2026-07-02 09:26:07,22216704
mn.device-36,2026-07-02 09:26:22,22216704
mn.device-36,2026-07-02 09:26:37,22216704
mn.device-36,2026-07-02 09:26:52,22216704
mn.device-36,2026-07-02 09:27:07,22155264
mn.device-36,2026-07-02 09:27:22,22159360
mn.device-36,2026-07-02 09:27:37,22163456
mn.device-36,2026-07-02 09:27:52,22183936
mn.device-36,2026-07-02 09:28:07,22183936
mn.device-36,2026-07-02 09:28:22,22183936
mn.device-36,2026-07-02 09:28:37,22183936
mn.device-36,2026-07-02 09:28:52,22183936
mn.device-36,2026-07-02 09:29:07,22183936
mn.device-36,2026-07-02 09:29:22,22192128
mn.device-36,2026-07-02 09:29:37,22192128
mn.device-36,2026-07-02 09:29:52,22192128
mn.device-36,2026-07-02 09:30:07,22192128
mn.device-36,2026-07-02 09:30:22,22192128
mn.device-36,2026-07-02 09:30:37,22192128
mn.device-36,2026-07-02 09:30:52,22196224
mn.device-36,2026-07-02 09:31:07,22196224
mn.device-36,2026-07-02 09:31:22,22196224
mn.device-36,2026-07-02 09:31:37,22196224
mn.device-36,2026-07-02 09:31:52,22196224
mn.device-36,2026-07-02 09:32:07,22196224
mn.device-36,2026-07-02 09:32:22,22188032
mn.device-36,2026-07-02 09:32:37,22196224
mn.device-36,2026-07-02 09:32:52,22179840
mn.device-36,2026-07-02 09:33:07,22179840
mn.device-36,2026-07-02 09:33:22,22175744
mn.device-36,2026-07-02 09:33:37,22175744
mn.device-36,2026-07-02 09:33:52,22167552
mn.device-36,2026-07-02 09:34:07,22171648
mn.device-33,2026-07-02 09:24:22,1622016
mn.device-33,2026-07-02 09:24:37,1622016
mn.device-33,2026-07-02 09:24:52,1622016
mn.device-33,2026-07-02 09:25:07,1622016
mn.device-33,2026-07-02 09:25:22,1622016
mn.device-33,2026-07-02 09:25:37,1622016
mn.device-33,2026-07-02 09:25:52,1622016
mn.device-33,2026-07-02 09:26:07,22253568
mn.device-33,2026-07-02 09:26:22,22253568
mn.device-33,2026-07-02 09:26:37,22253568
mn.device-33,2026-07-02 09:26:52,22253568
mn.device-33,2026-07-02 09:27:07,22192128
mn.device-33,2026-07-02 09:27:22,22196224
mn.device-33,2026-07-02 09:27:37,22216704
mn.device-33,2026-07-02 09:27:52,22216704
mn.device-33,2026-07-02 09:28:07,22216704
mn.device-33,2026-07-02 09:28:22,22216704
mn.device-33,2026-07-02 09:28:37,22216704
mn.device-33,2026-07-02 09:28:52,22216704
mn.device-33,2026-07-02 09:29:07,22216704
mn.device-33,2026-07-02 09:29:22,22482944
mn.device-33,2026-07-02 09:29:37,22224896
mn.device-33,2026-07-02 09:29:52,22224896
mn.device-33,2026-07-02 09:30:07,22224896
mn.device-33,2026-07-02 09:30:22,22224896
mn.device-33,2026-07-02 09:30:37,22224896
mn.device-33,2026-07-02 09:30:52,22228992
mn.device-33,2026-07-02 09:31:07,22228992
mn.device-33,2026-07-02 09:31:22,22228992
mn.device-33,2026-07-02 09:31:37,22228992
mn.device-33,2026-07-02 09:31:52,22228992
mn.device-33,2026-07-02 09:32:07,22228992
mn.device-33,2026-07-02 09:32:22,22228992
mn.device-33,2026-07-02 09:32:37,22228992
mn.device-33,2026-07-02 09:32:52,22216704
mn.device-33,2026-07-02 09:33:07,22736896
mn.device-33,2026-07-02 09:33:22,22212608
mn.device-33,2026-07-02 09:33:37,22208512
mn.device-33,2026-07-02 09:33:52,22200320
mn.device-33,2026-07-02 09:34:07,22208512
mn.device-30,2026-07-02 09:24:22,1601536
mn.device-30,2026-07-02 09:24:37,1601536
mn.device-30,2026-07-02 09:24:52,1601536
mn.device-30,2026-07-02 09:25:07,1601536
mn.device-30,2026-07-02 09:25:22,1601536
mn.device-30,2026-07-02 09:25:37,1601536
mn.device-30,2026-07-02 09:25:52,1601536
mn.device-30,2026-07-02 09:26:07,22478848
mn.device-30,2026-07-02 09:26:22,22216704
mn.device-30,2026-07-02 09:26:37,22216704
mn.device-30,2026-07-02 09:26:52,22216704
mn.device-30,2026-07-02 09:27:07,22155264
mn.device-30,2026-07-02 09:27:22,22159360
mn.device-30,2026-07-02 09:27:37,22179840
mn.device-30,2026-07-02 09:27:52,22179840
mn.device-30,2026-07-02 09:28:07,22437888
mn.device-30,2026-07-02 09:28:22,22179840
mn.device-30,2026-07-02 09:28:37,22179840
mn.device-30,2026-07-02 09:28:52,22179840
mn.device-30,2026-07-02 09:29:07,22179840
mn.device-30,2026-07-02 09:29:22,22188032
mn.device-30,2026-07-02 09:29:37,22188032
mn.device-30,2026-07-02 09:29:52,22188032
mn.device-30,2026-07-02 09:30:07,22188032
mn.device-30,2026-07-02 09:30:22,22188032
mn.device-30,2026-07-02 09:30:37,22454272
mn.device-30,2026-07-02 09:30:52,22192128
mn.device-30,2026-07-02 09:31:07,22196224
mn.device-30,2026-07-02 09:31:22,22196224
mn.device-30,2026-07-02 09:31:37,22454272
mn.device-30,2026-07-02 09:31:52,22196224
mn.device-30,2026-07-02 09:32:07,22196224
mn.device-30,2026-07-02 09:32:22,22196224
mn.device-30,2026-07-02 09:32:37,22458368
mn.device-30,2026-07-02 09:32:52,22179840
mn.device-30,2026-07-02 09:33:07,22179840
mn.device-30,2026-07-02 09:33:22,22175744
mn.device-30,2026-07-02 09:33:37,22175744
mn.device-30,2026-07-02 09:33:52,22167552
mn.device-30,2026-07-02 09:34:07,22171648
mn.device-16,2026-07-02 09:24:22,1601536
mn.device-16,2026-07-02 09:24:37,1601536
mn.device-16,2026-07-02 09:24:52,1601536
mn.device-16,2026-07-02 09:25:07,1601536
mn.device-16,2026-07-02 09:25:22,1601536
mn.device-16,2026-07-02 09:25:37,1601536
mn.device-16,2026-07-02 09:25:52,22441984
mn.device-16,2026-07-02 09:26:07,22179840
mn.device-16,2026-07-02 09:26:22,22179840
mn.device-16,2026-07-02 09:26:37,22183936
mn.device-16,2026-07-02 09:26:52,22183936
mn.device-16,2026-07-02 09:27:07,22122496
mn.device-16,2026-07-02 09:27:22,22147072
mn.device-16,2026-07-02 09:27:37,22147072
mn.device-16,2026-07-02 09:27:52,22147072
mn.device-16,2026-07-02 09:28:07,22147072
mn.device-16,2026-07-02 09:28:22,22147072
mn.device-16,2026-07-02 09:28:37,22147072
mn.device-16,2026-07-02 09:28:52,22147072
mn.device-16,2026-07-02 09:29:07,22151168
mn.device-16,2026-07-02 09:29:22,22151168
mn.device-16,2026-07-02 09:29:37,22151168
mn.device-16,2026-07-02 09:29:52,22151168
mn.device-16,2026-07-02 09:30:07,22151168
mn.device-16,2026-07-02 09:30:22,22409216
mn.device-16,2026-07-02 09:30:37,22155264
mn.device-16,2026-07-02 09:30:52,22155264
mn.device-16,2026-07-02 09:31:07,22159360
mn.device-16,2026-07-02 09:31:22,22159360
mn.device-16,2026-07-02 09:31:37,22159360
mn.device-16,2026-07-02 09:31:52,22159360
mn.device-16,2026-07-02 09:32:07,22159360
mn.device-16,2026-07-02 09:32:22,22159360
mn.device-16,2026-07-02 09:32:37,22159360
mn.device-16,2026-07-02 09:32:52,22147072
mn.device-16,2026-07-02 09:33:07,22147072
mn.device-16,2026-07-02 09:33:22,22142976
mn.device-16,2026-07-02 09:33:37,22142976
mn.device-16,2026-07-02 09:33:52,22138880
mn.device-16,2026-07-02 09:34:07,22138880
mn.device-21,2026-07-02 09:24:22,1605632
mn.device-21,2026-07-02 09:24:37,1605632
mn.device-21,2026-07-02 09:24:52,1605632
mn.device-21,2026-07-02 09:25:07,1605632
mn.device-21,2026-07-02 09:25:22,1605632
mn.device-21,2026-07-02 09:25:37,1605632
mn.device-21,2026-07-02 09:25:52,22327296
mn.device-21,2026-07-02 09:26:07,22245376
mn.device-21,2026-07-02 09:26:22,22245376
mn.device-21,2026-07-02 09:26:37,22249472
mn.device-21,2026-07-02 09:26:52,22249472
mn.device-21,2026-07-02 09:27:07,22183936
mn.device-21,2026-07-02 09:27:22,22188032
mn.device-21,2026-07-02 09:27:37,22208512
mn.device-21,2026-07-02 09:27:52,22208512
mn.device-21,2026-07-02 09:28:07,22208512
mn.device-21,2026-07-02 09:28:22,22208512
mn.device-21,2026-07-02 09:28:37,22208512
mn.device-21,2026-07-02 09:28:52,22208512
mn.device-21,2026-07-02 09:29:07,22216704
mn.device-21,2026-07-02 09:29:22,22216704
mn.device-21,2026-07-02 09:29:37,22474752
mn.device-21,2026-07-02 09:29:52,22216704
mn.device-21,2026-07-02 09:30:07,22216704
mn.device-21,2026-07-02 09:30:22,22216704
mn.device-21,2026-07-02 09:30:37,22220800
mn.device-21,2026-07-02 09:30:52,22220800
mn.device-21,2026-07-02 09:31:07,22220800
mn.device-21,2026-07-02 09:31:22,22220800
mn.device-21,2026-07-02 09:31:37,22224896
mn.device-21,2026-07-02 09:31:52,22224896
mn.device-21,2026-07-02 09:32:07,22482944
mn.device-21,2026-07-02 09:32:22,22224896
mn.device-21,2026-07-02 09:32:37,22224896
mn.device-21,2026-07-02 09:32:52,22212608
mn.device-21,2026-07-02 09:33:07,22212608
mn.device-21,2026-07-02 09:33:22,22208512
mn.device-21,2026-07-02 09:33:37,22208512
mn.device-21,2026-07-02 09:33:52,22204416
mn.device-21,2026-07-02 09:34:07,22724608
mn.device-90,2026-07-02 09:24:22,1601536
mn.device-90,2026-07-02 09:24:37,1601536
mn.device-90,2026-07-02 09:24:52,1601536
mn.device-90,2026-07-02 09:25:07,1601536
mn.device-90,2026-07-02 09:25:22,1601536
mn.device-90,2026-07-02 09:25:37,1601536
mn.device-90,2026-07-02 09:25:52,1601536
mn.device-90,2026-07-02 09:26:07,1601536
mn.device-90,2026-07-02 09:26:22,1601536
mn.device-90,2026-07-02 09:26:37,1601536
mn.device-90,2026-07-02 09:26:52,1601536
mn.device-90,2026-07-02 09:27:07,22237184
mn.device-90,2026-07-02 09:27:22,22163456
mn.device-90,2026-07-02 09:27:37,22163456
mn.device-90,2026-07-02 09:27:52,22163456
mn.device-90,2026-07-02 09:28:07,22425600
mn.device-90,2026-07-02 09:28:22,22167552
mn.device-90,2026-07-02 09:28:37,22171648
mn.device-90,2026-07-02 09:28:52,22192128
mn.device-90,2026-07-02 09:29:07,22708224
mn.device-90,2026-07-02 09:29:22,22192128
mn.device-90,2026-07-02 09:29:37,22192128
mn.device-90,2026-07-02 09:29:52,22192128
mn.device-90,2026-07-02 09:30:07,22192128
mn.device-90,2026-07-02 09:30:22,22196224
mn.device-90,2026-07-02 09:30:37,22196224
mn.device-90,2026-07-02 09:30:52,22196224
mn.device-90,2026-07-02 09:31:07,22200320
mn.device-90,2026-07-02 09:31:22,22196224
mn.device-90,2026-07-02 09:31:37,22196224
mn.device-90,2026-07-02 09:31:52,22196224
mn.device-90,2026-07-02 09:32:07,22200320
mn.device-90,2026-07-02 09:32:22,22192128
mn.device-90,2026-07-02 09:32:37,22192128
mn.device-90,2026-07-02 09:32:52,22183936
mn.device-90,2026-07-02 09:33:07,22183936
mn.device-90,2026-07-02 09:33:22,22179840
mn.device-90,2026-07-02 09:33:37,22441984
mn.device-90,2026-07-02 09:33:52,22179840
mn.device-90,2026-07-02 09:34:07,22179840
mn.device-56,2026-07-02 09:24:22,1609728
mn.device-56,2026-07-02 09:24:37,1609728
mn.device-56,2026-07-02 09:24:52,1609728
mn.device-56,2026-07-02 09:25:07,1609728
mn.device-56,2026-07-02 09:25:22,1609728
mn.device-56,2026-07-02 09:25:37,1609728
mn.device-56,2026-07-02 09:25:52,1609728
mn.device-56,2026-07-02 09:26:07,1609728
mn.device-56,2026-07-02 09:26:22,22278144
mn.device-56,2026-07-02 09:26:37,22200320
mn.device-56,2026-07-02 09:26:52,23236608
mn.device-56,2026-07-02 09:27:07,22138880
mn.device-56,2026-07-02 09:27:22,22138880
mn.device-56,2026-07-02 09:27:37,22138880
mn.device-56,2026-07-02 09:27:52,22138880
mn.device-56,2026-07-02 09:28:07,22163456
mn.device-56,2026-07-02 09:28:22,22163456
mn.device-56,2026-07-02 09:28:37,22163456
mn.device-56,2026-07-02 09:28:52,22163456
mn.device-56,2026-07-02 09:29:07,22163456
mn.device-56,2026-07-02 09:29:22,22163456
mn.device-56,2026-07-02 09:29:37,22167552
mn.device-56,2026-07-02 09:29:52,22167552
mn.device-56,2026-07-02 09:30:07,22167552
mn.device-56,2026-07-02 09:30:22,22167552
mn.device-56,2026-07-02 09:30:37,22167552
mn.device-56,2026-07-02 09:30:52,22167552
mn.device-56,2026-07-02 09:31:07,22171648
mn.device-56,2026-07-02 09:31:22,22171648
mn.device-56,2026-07-02 09:31:37,22171648
mn.device-56,2026-07-02 09:31:52,22433792
mn.device-56,2026-07-02 09:32:07,22171648
mn.device-56,2026-07-02 09:32:22,22163456
mn.device-56,2026-07-02 09:32:37,22163456
mn.device-56,2026-07-02 09:32:52,22159360
mn.device-56,2026-07-02 09:33:07,22159360
mn.device-56,2026-07-02 09:33:22,22155264
mn.device-56,2026-07-02 09:33:37,22151168
mn.device-56,2026-07-02 09:33:52,22147072
mn.device-56,2026-07-02 09:34:07,22147072
mn.device-19,2026-07-02 09:24:22,1593344
mn.device-19,2026-07-02 09:24:37,1593344
mn.device-19,2026-07-02 09:24:52,1593344
mn.device-19,2026-07-02 09:25:07,1593344
mn.device-19,2026-07-02 09:25:22,1593344
mn.device-19,2026-07-02 09:25:37,1593344
mn.device-19,2026-07-02 09:25:52,22192128
mn.device-19,2026-07-02 09:26:07,22196224
mn.device-19,2026-07-02 09:26:22,22196224
mn.device-19,2026-07-02 09:26:37,22200320
mn.device-19,2026-07-02 09:26:52,22200320
mn.device-19,2026-07-02 09:27:07,22138880
mn.device-19,2026-07-02 09:27:22,22142976
mn.device-19,2026-07-02 09:27:37,22290432
mn.device-19,2026-07-02 09:27:52,22290432
mn.device-19,2026-07-02 09:28:07,22290432
mn.device-19,2026-07-02 09:28:22,22290432
mn.device-19,2026-07-02 09:28:37,22290432
mn.device-19,2026-07-02 09:28:52,22290432
mn.device-19,2026-07-02 09:29:07,22294528
mn.device-19,2026-07-02 09:29:22,22294528
mn.device-19,2026-07-02 09:29:37,22294528
mn.device-19,2026-07-02 09:29:52,22294528
mn.device-19,2026-07-02 09:30:07,22294528
mn.device-19,2026-07-02 09:30:22,22294528
mn.device-19,2026-07-02 09:30:37,22298624
mn.device-19,2026-07-02 09:30:52,23080960
mn.device-19,2026-07-02 09:31:07,22298624
mn.device-19,2026-07-02 09:31:22,22298624
mn.device-19,2026-07-02 09:31:37,22298624
mn.device-19,2026-07-02 09:31:52,22298624
mn.device-19,2026-07-02 09:32:07,22298624
mn.device-19,2026-07-02 09:32:22,22298624
mn.device-19,2026-07-02 09:32:37,22298624
mn.device-19,2026-07-02 09:32:52,22286336
mn.device-19,2026-07-02 09:33:07,22286336
mn.device-19,2026-07-02 09:33:22,22282240
mn.device-19,2026-07-02 09:33:37,22282240
mn.device-19,2026-07-02 09:33:52,22278144
mn.device-19,2026-07-02 09:34:07,22278144
mn.device-66,2026-07-02 09:24:22,1597440
mn.device-66,2026-07-02 09:24:37,1597440
mn.device-66,2026-07-02 09:24:52,1597440
mn.device-66,2026-07-02 09:25:07,1597440
mn.device-66,2026-07-02 09:25:22,1597440
mn.device-66,2026-07-02 09:25:37,1597440
mn.device-66,2026-07-02 09:25:52,1597440
mn.device-66,2026-07-02 09:26:07,1597440
mn.device-66,2026-07-02 09:26:22,22282240
mn.device-66,2026-07-02 09:26:37,22253568
mn.device-66,2026-07-02 09:26:52,22253568
mn.device-66,2026-07-02 09:27:07,22188032
mn.device-66,2026-07-02 09:27:22,22192128
mn.device-66,2026-07-02 09:27:37,22196224
mn.device-66,2026-07-02 09:27:52,22200320
mn.device-66,2026-07-02 09:28:07,22220800
mn.device-66,2026-07-02 09:28:22,22220800
mn.device-66,2026-07-02 09:28:37,22220800
mn.device-66,2026-07-02 09:28:52,22220800
mn.device-66,2026-07-02 09:29:07,22220800
mn.device-66,2026-07-02 09:29:22,22220800
mn.device-66,2026-07-02 09:29:37,22220800
mn.device-66,2026-07-02 09:29:52,22228992
mn.device-66,2026-07-02 09:30:07,22228992
mn.device-66,2026-07-02 09:30:22,22228992
mn.device-66,2026-07-02 09:30:37,22228992
mn.device-66,2026-07-02 09:30:52,22228992
mn.device-66,2026-07-02 09:31:07,22228992
mn.device-66,2026-07-02 09:31:22,22233088
mn.device-66,2026-07-02 09:31:37,22237184
mn.device-66,2026-07-02 09:31:52,22753280
mn.device-66,2026-07-02 09:32:07,22237184
mn.device-66,2026-07-02 09:32:22,22228992
mn.device-66,2026-07-02 09:32:37,22228992
mn.device-66,2026-07-02 09:32:52,22212608
mn.device-66,2026-07-02 09:33:07,22220800
mn.device-66,2026-07-02 09:33:22,22474752
mn.device-66,2026-07-02 09:33:37,22216704
mn.device-66,2026-07-02 09:33:52,22208512
mn.device-66,2026-07-02 09:34:07,22208512
mn.device-92,2026-07-02 09:24:22,1605632
mn.device-92,2026-07-02 09:24:37,1605632
mn.device-92,2026-07-02 09:24:52,1605632
mn.device-92,2026-07-02 09:25:07,1605632
mn.device-92,2026-07-02 09:25:22,1605632
mn.device-92,2026-07-02 09:25:37,1605632
mn.device-92,2026-07-02 09:25:52,1605632
mn.device-92,2026-07-02 09:26:07,1605632
mn.device-92,2026-07-02 09:26:22,1605632
mn.device-92,2026-07-02 09:26:37,1605632
mn.device-92,2026-07-02 09:26:52,1605632
mn.device-92,2026-07-02 09:27:07,21770240
mn.device-92,2026-07-02 09:27:22,22134784
mn.device-92,2026-07-02 09:27:37,22134784
mn.device-92,2026-07-02 09:27:52,22134784
mn.device-92,2026-07-02 09:28:07,22134784
mn.device-92,2026-07-02 09:28:22,22142976
mn.device-92,2026-07-02 09:28:37,22147072
mn.device-92,2026-07-02 09:28:52,22167552
mn.device-92,2026-07-02 09:29:07,22167552
mn.device-92,2026-07-02 09:29:22,22429696
mn.device-92,2026-07-02 09:29:37,22167552
mn.device-92,2026-07-02 09:29:52,22167552
mn.device-92,2026-07-02 09:30:07,22167552
mn.device-92,2026-07-02 09:30:22,22167552
mn.device-92,2026-07-02 09:30:37,22171648
mn.device-92,2026-07-02 09:30:52,22171648
mn.device-92,2026-07-02 09:31:07,22171648
mn.device-92,2026-07-02 09:31:22,22171648
mn.device-92,2026-07-02 09:31:37,22171648
mn.device-92,2026-07-02 09:31:52,22171648
mn.device-92,2026-07-02 09:32:07,22179840
mn.device-92,2026-07-02 09:32:22,22171648
mn.device-92,2026-07-02 09:32:37,22171648
mn.device-92,2026-07-02 09:32:52,22163456
mn.device-92,2026-07-02 09:33:07,22163456
mn.device-92,2026-07-02 09:33:22,22155264
mn.device-92,2026-07-02 09:33:37,22163456
mn.device-92,2026-07-02 09:33:52,22155264
mn.device-92,2026-07-02 09:34:07,22155264
mn.device-78,2026-07-02 09:24:22,1601536
mn.device-78,2026-07-02 09:24:37,1601536
mn.device-78,2026-07-02 09:24:52,1601536
mn.device-78,2026-07-02 09:25:07,1601536
mn.device-78,2026-07-02 09:25:22,1601536
mn.device-78,2026-07-02 09:25:37,1601536
mn.device-78,2026-07-02 09:25:52,1601536
mn.device-78,2026-07-02 09:26:07,1601536
mn.device-78,2026-07-02 09:26:22,1601536
mn.device-78,2026-07-02 09:26:37,21778432
mn.device-78,2026-07-02 09:26:52,21819392
mn.device-78,2026-07-02 09:27:07,22142976
mn.device-78,2026-07-02 09:27:22,22142976
mn.device-78,2026-07-02 09:27:37,22142976
mn.device-78,2026-07-02 09:27:52,22142976
mn.device-78,2026-07-02 09:28:07,22142976
mn.device-78,2026-07-02 09:28:22,22147072
mn.device-78,2026-07-02 09:28:37,22167552
mn.device-78,2026-07-02 09:28:52,22687744
mn.device-78,2026-07-02 09:29:07,22167552
mn.device-78,2026-07-02 09:29:22,22421504
mn.device-78,2026-07-02 09:29:37,22167552
mn.device-78,2026-07-02 09:29:52,22167552
mn.device-78,2026-07-02 09:30:07,22171648
mn.device-78,2026-07-02 09:30:22,22695936
mn.device-78,2026-07-02 09:30:37,22171648
mn.device-78,2026-07-02 09:30:52,22171648
mn.device-78,2026-07-02 09:31:07,22171648
mn.device-78,2026-07-02 09:31:22,22429696
mn.device-78,2026-07-02 09:31:37,22175744
mn.device-78,2026-07-02 09:31:52,22953984
mn.device-78,2026-07-02 09:32:07,22179840
mn.device-78,2026-07-02 09:32:22,22171648
mn.device-78,2026-07-02 09:32:37,22171648
mn.device-78,2026-07-02 09:32:52,22159360
mn.device-78,2026-07-02 09:33:07,22159360
mn.device-78,2026-07-02 09:33:22,22163456
mn.device-78,2026-07-02 09:33:37,22159360
mn.device-78,2026-07-02 09:33:52,22155264
mn.device-78,2026-07-02 09:34:07,22155264
mn.device-48,2026-07-02 09:24:22,1613824
mn.device-48,2026-07-02 09:24:37,1613824
mn.device-48,2026-07-02 09:24:52,1613824
mn.device-48,2026-07-02 09:25:07,1613824
mn.device-48,2026-07-02 09:25:22,1613824
mn.device-48,2026-07-02 09:25:37,1613824
mn.device-48,2026-07-02 09:25:52,1613824
mn.device-48,2026-07-02 09:26:07,1613824
mn.device-48,2026-07-02 09:26:22,22265856
mn.device-48,2026-07-02 09:26:37,22265856
mn.device-48,2026-07-02 09:26:52,22265856
mn.device-48,2026-07-02 09:27:07,22204416
mn.device-48,2026-07-02 09:27:22,22470656
mn.device-48,2026-07-02 09:27:37,22208512
mn.device-48,2026-07-02 09:27:52,23011328
mn.device-48,2026-07-02 09:28:07,22228992
mn.device-48,2026-07-02 09:28:22,22487040
mn.device-48,2026-07-02 09:28:37,22228992
mn.device-48,2026-07-02 09:28:52,22228992
mn.device-48,2026-07-02 09:29:07,22228992
mn.device-48,2026-07-02 09:29:22,22228992
mn.device-48,2026-07-02 09:29:37,22233088
mn.device-48,2026-07-02 09:29:52,22233088
mn.device-48,2026-07-02 09:30:07,22233088
mn.device-48,2026-07-02 09:30:22,22233088
mn.device-48,2026-07-02 09:30:37,22233088
mn.device-48,2026-07-02 09:30:52,22233088
mn.device-48,2026-07-02 09:31:07,22237184
mn.device-48,2026-07-02 09:31:22,22237184
mn.device-48,2026-07-02 09:31:37,22237184
mn.device-48,2026-07-02 09:31:52,22241280
mn.device-48,2026-07-02 09:32:07,22241280
mn.device-48,2026-07-02 09:32:22,22233088
mn.device-48,2026-07-02 09:32:37,22241280
mn.device-48,2026-07-02 09:32:52,22228992
mn.device-48,2026-07-02 09:33:07,22228992
mn.device-48,2026-07-02 09:33:22,22224896
mn.device-48,2026-07-02 09:33:37,22224896
mn.device-48,2026-07-02 09:33:52,22216704
mn.device-48,2026-07-02 09:34:07,22216704
mn.device-2,2026-07-02 09:24:22,1605632
mn.device-2,2026-07-02 09:24:37,1605632
mn.device-2,2026-07-02 09:24:52,1605632
mn.device-2,2026-07-02 09:25:07,1605632
mn.device-2,2026-07-02 09:25:22,1605632
mn.device-2,2026-07-02 09:25:37,21782528
mn.device-2,2026-07-02 09:25:52,22192128
mn.device-2,2026-07-02 09:26:07,22192128
mn.device-2,2026-07-02 09:26:22,22192128
mn.device-2,2026-07-02 09:26:37,22192128
mn.device-2,2026-07-02 09:26:52,22196224
mn.device-2,2026-07-02 09:27:07,22134784
mn.device-2,2026-07-02 09:27:22,22413312
mn.device-2,2026-07-02 09:27:37,22155264
mn.device-2,2026-07-02 09:27:52,22155264
mn.device-2,2026-07-02 09:28:07,22155264
mn.device-2,2026-07-02 09:28:22,22155264
mn.device-2,2026-07-02 09:28:37,22155264
mn.device-2,2026-07-02 09:28:52,22159360
mn.device-2,2026-07-02 09:29:07,22159360
mn.device-2,2026-07-02 09:29:22,22159360
mn.device-2,2026-07-02 09:29:37,22159360
mn.device-2,2026-07-02 09:29:52,22159360
mn.device-2,2026-07-02 09:30:07,22159360
mn.device-2,2026-07-02 09:30:22,22417408
mn.device-2,2026-07-02 09:30:37,22163456
mn.device-2,2026-07-02 09:30:52,22167552
mn.device-2,2026-07-02 09:31:07,22167552
mn.device-2,2026-07-02 09:31:22,22167552
mn.device-2,2026-07-02 09:31:37,22167552
mn.device-2,2026-07-02 09:31:52,22167552
mn.device-2,2026-07-02 09:32:07,22175744
mn.device-2,2026-07-02 09:32:22,22167552
mn.device-2,2026-07-02 09:32:37,22167552
mn.device-2,2026-07-02 09:32:52,22155264
mn.device-2,2026-07-02 09:33:07,22155264
mn.device-2,2026-07-02 09:33:22,22151168
mn.device-2,2026-07-02 09:33:37,22151168
mn.device-2,2026-07-02 09:33:52,22405120
mn.device-2,2026-07-02 09:34:07,22147072
mn.device-71,2026-07-02 09:24:22,1605632
mn.device-71,2026-07-02 09:24:37,1605632
mn.device-71,2026-07-02 09:24:52,1605632
mn.device-71,2026-07-02 09:25:07,1605632
mn.device-71,2026-07-02 09:25:22,1605632
mn.device-71,2026-07-02 09:25:37,1605632
mn.device-71,2026-07-02 09:25:52,1605632
mn.device-71,2026-07-02 09:26:07,1605632
mn.device-71,2026-07-02 09:26:22,1605632
mn.device-71,2026-07-02 09:26:37,22335488
mn.device-71,2026-07-02 09:26:52,22253568
mn.device-71,2026-07-02 09:27:07,22188032
mn.device-71,2026-07-02 09:27:22,22192128
mn.device-71,2026-07-02 09:27:37,22192128
mn.device-71,2026-07-02 09:27:52,22192128
mn.device-71,2026-07-02 09:28:07,22200320
mn.device-71,2026-07-02 09:28:22,22482944
mn.device-71,2026-07-02 09:28:37,22220800
mn.device-71,2026-07-02 09:28:52,22220800
mn.device-71,2026-07-02 09:29:07,22220800
mn.device-71,2026-07-02 09:29:22,22220800
mn.device-71,2026-07-02 09:29:37,22220800
mn.device-71,2026-07-02 09:29:52,22224896
mn.device-71,2026-07-02 09:30:07,22224896
mn.device-71,2026-07-02 09:30:22,22224896
mn.device-71,2026-07-02 09:30:37,22224896
mn.device-71,2026-07-02 09:30:52,22224896
mn.device-71,2026-07-02 09:31:07,22224896
mn.device-71,2026-07-02 09:31:22,22228992
mn.device-71,2026-07-02 09:31:37,22228992
mn.device-71,2026-07-02 09:31:52,22228992
mn.device-71,2026-07-02 09:32:07,22233088
mn.device-71,2026-07-02 09:32:22,22224896
mn.device-71,2026-07-02 09:32:37,22224896
mn.device-71,2026-07-02 09:32:52,22212608
mn.device-71,2026-07-02 09:33:07,22220800
mn.device-71,2026-07-02 09:33:22,22216704
mn.device-71,2026-07-02 09:33:37,22208512
mn.device-71,2026-07-02 09:33:52,22466560
mn.device-71,2026-07-02 09:34:07,22204416
mn.device-22,2026-07-02 09:24:22,1613824
mn.device-22,2026-07-02 09:24:37,1613824
mn.device-22,2026-07-02 09:24:52,1613824
mn.device-22,2026-07-02 09:25:07,1613824
mn.device-22,2026-07-02 09:25:22,1613824
mn.device-22,2026-07-02 09:25:37,1613824
mn.device-22,2026-07-02 09:25:52,22315008
mn.device-22,2026-07-02 09:26:07,22241280
mn.device-22,2026-07-02 09:26:22,22241280
mn.device-22,2026-07-02 09:26:37,22245376
mn.device-22,2026-07-02 09:26:52,22245376
mn.device-22,2026-07-02 09:27:07,22179840
mn.device-22,2026-07-02 09:27:22,22183936
mn.device-22,2026-07-02 09:27:37,22204416
mn.device-22,2026-07-02 09:27:52,22204416
mn.device-22,2026-07-02 09:28:07,22204416
mn.device-22,2026-07-02 09:28:22,22204416
mn.device-22,2026-07-02 09:28:37,22204416
mn.device-22,2026-07-02 09:28:52,22204416
mn.device-22,2026-07-02 09:29:07,22990848
mn.device-22,2026-07-02 09:29:22,22212608
mn.device-22,2026-07-02 09:29:37,22212608
mn.device-22,2026-07-02 09:29:52,22212608
mn.device-22,2026-07-02 09:30:07,22212608
mn.device-22,2026-07-02 09:30:22,22212608
mn.device-22,2026-07-02 09:30:37,22478848
mn.device-22,2026-07-02 09:30:52,22216704
mn.device-22,2026-07-02 09:31:07,22220800
mn.device-22,2026-07-02 09:31:22,22220800
mn.device-22,2026-07-02 09:31:37,22478848
mn.device-22,2026-07-02 09:31:52,22220800
mn.device-22,2026-07-02 09:32:07,22482944
mn.device-22,2026-07-02 09:32:22,22220800
mn.device-22,2026-07-02 09:32:37,22220800
mn.device-22,2026-07-02 09:32:52,22466560
mn.device-22,2026-07-02 09:33:07,22208512
mn.device-22,2026-07-02 09:33:22,22204416
mn.device-22,2026-07-02 09:33:37,22200320
mn.device-22,2026-07-02 09:33:52,22200320
mn.device-22,2026-07-02 09:34:07,22200320
mn.device-70,2026-07-02 09:24:22,1609728
mn.device-70,2026-07-02 09:24:37,1609728
mn.device-70,2026-07-02 09:24:52,1609728
mn.device-70,2026-07-02 09:25:07,1609728
mn.device-70,2026-07-02 09:25:22,1609728
mn.device-70,2026-07-02 09:25:37,1609728
mn.device-70,2026-07-02 09:25:52,1609728
mn.device-70,2026-07-02 09:26:07,1609728
mn.device-70,2026-07-02 09:26:22,1609728
mn.device-70,2026-07-02 09:26:37,22294528
mn.device-70,2026-07-02 09:26:52,22212608
mn.device-70,2026-07-02 09:27:07,22147072
mn.device-70,2026-07-02 09:27:22,22151168
mn.device-70,2026-07-02 09:27:37,22151168
mn.device-70,2026-07-02 09:27:52,22155264
mn.device-70,2026-07-02 09:28:07,22159360
mn.device-70,2026-07-02 09:28:22,22179840
mn.device-70,2026-07-02 09:28:37,22179840
mn.device-70,2026-07-02 09:28:52,22179840
mn.device-70,2026-07-02 09:29:07,22179840
mn.device-70,2026-07-02 09:29:22,22179840
mn.device-70,2026-07-02 09:29:37,22179840
mn.device-70,2026-07-02 09:29:52,22183936
mn.device-70,2026-07-02 09:30:07,22183936
mn.device-70,2026-07-02 09:30:22,22183936
mn.device-70,2026-07-02 09:30:37,22183936
mn.device-70,2026-07-02 09:30:52,22183936
mn.device-70,2026-07-02 09:31:07,22183936
mn.device-70,2026-07-02 09:31:22,22188032
mn.device-70,2026-07-02 09:31:37,22192128
mn.device-70,2026-07-02 09:31:52,22192128
mn.device-70,2026-07-02 09:32:07,22192128
mn.device-70,2026-07-02 09:32:22,22183936
mn.device-70,2026-07-02 09:32:37,22183936
mn.device-70,2026-07-02 09:32:52,22171648
mn.device-70,2026-07-02 09:33:07,22179840
mn.device-70,2026-07-02 09:33:22,22175744
mn.device-70,2026-07-02 09:33:37,22175744
mn.device-70,2026-07-02 09:33:52,22683648
mn.device-70,2026-07-02 09:34:07,22167552
mn.device-44,2026-07-02 09:24:22,1613824
mn.device-44,2026-07-02 09:24:37,1613824
mn.device-44,2026-07-02 09:24:52,1613824
mn.device-44,2026-07-02 09:25:07,1613824
mn.device-44,2026-07-02 09:25:22,1613824
mn.device-44,2026-07-02 09:25:37,1613824
mn.device-44,2026-07-02 09:25:52,1613824
mn.device-44,2026-07-02 09:26:07,21979136
mn.device-44,2026-07-02 09:26:22,22200320
mn.device-44,2026-07-02 09:26:37,22200320
mn.device-44,2026-07-02 09:26:52,22200320
mn.device-44,2026-07-02 09:27:07,22134784
mn.device-44,2026-07-02 09:27:22,22138880
mn.device-44,2026-07-02 09:27:37,22142976
mn.device-44,2026-07-02 09:27:52,22163456
mn.device-44,2026-07-02 09:28:07,22163456
mn.device-44,2026-07-02 09:28:22,22163456
mn.device-44,2026-07-02 09:28:37,22163456
mn.device-44,2026-07-02 09:28:52,22163456
mn.device-44,2026-07-02 09:29:07,22163456
mn.device-44,2026-07-02 09:29:22,22167552
mn.device-44,2026-07-02 09:29:37,22167552
mn.device-44,2026-07-02 09:29:52,22167552
mn.device-44,2026-07-02 09:30:07,22167552
mn.device-44,2026-07-02 09:30:22,22167552
mn.device-44,2026-07-02 09:30:37,22167552
mn.device-44,2026-07-02 09:30:52,22167552
mn.device-44,2026-07-02 09:31:07,22171648
mn.device-44,2026-07-02 09:31:22,22175744
mn.device-44,2026-07-02 09:31:37,22175744
mn.device-44,2026-07-02 09:31:52,22175744
mn.device-44,2026-07-02 09:32:07,22175744
mn.device-44,2026-07-02 09:32:22,22167552
mn.device-44,2026-07-02 09:32:37,22175744
mn.device-44,2026-07-02 09:32:52,22163456
mn.device-44,2026-07-02 09:33:07,22163456
mn.device-44,2026-07-02 09:33:22,22417408
mn.device-44,2026-07-02 09:33:37,22159360
mn.device-44,2026-07-02 09:33:52,22151168
mn.device-44,2026-07-02 09:34:07,22151168
mn.device-85,2026-07-02 09:24:22,1589248
mn.device-85,2026-07-02 09:24:37,1589248
mn.device-85,2026-07-02 09:24:52,1589248
mn.device-85,2026-07-02 09:25:07,1589248
mn.device-85,2026-07-02 09:25:22,1589248
mn.device-85,2026-07-02 09:25:37,1589248
mn.device-85,2026-07-02 09:25:52,1589248
mn.device-85,2026-07-02 09:26:07,1589248
mn.device-85,2026-07-02 09:26:22,1589248
mn.device-85,2026-07-02 09:26:37,16306176
mn.device-85,2026-07-02 09:26:52,21770240
mn.device-85,2026-07-02 09:27:07,22204416
mn.device-85,2026-07-02 09:27:22,22126592
mn.device-85,2026-07-02 09:27:37,22126592
mn.device-85,2026-07-02 09:27:52,22126592
mn.device-85,2026-07-02 09:28:07,22126592
mn.device-85,2026-07-02 09:28:22,22126592
mn.device-85,2026-07-02 09:28:37,22130688
mn.device-85,2026-07-02 09:28:52,22151168
mn.device-85,2026-07-02 09:29:07,22151168
mn.device-85,2026-07-02 09:29:22,22151168
mn.device-85,2026-07-02 09:29:37,22151168
mn.device-85,2026-07-02 09:29:52,22151168
mn.device-85,2026-07-02 09:30:07,22151168
mn.device-85,2026-07-02 09:30:22,22155264
mn.device-85,2026-07-02 09:30:37,22155264
mn.device-85,2026-07-02 09:30:52,22155264
mn.device-85,2026-07-02 09:31:07,22155264
mn.device-85,2026-07-02 09:31:22,22155264
mn.device-85,2026-07-02 09:31:37,22155264
mn.device-85,2026-07-02 09:31:52,22159360
mn.device-85,2026-07-02 09:32:07,22159360
mn.device-85,2026-07-02 09:32:22,22151168
mn.device-85,2026-07-02 09:32:37,22151168
mn.device-85,2026-07-02 09:32:52,22138880
mn.device-85,2026-07-02 09:33:07,22147072
mn.device-85,2026-07-02 09:33:22,22138880
mn.device-85,2026-07-02 09:33:37,22147072
mn.device-85,2026-07-02 09:33:52,22138880
mn.device-85,2026-07-02 09:34:07,22138880
mn.device-96,2026-07-02 09:24:22,1601536
mn.device-96,2026-07-02 09:24:37,1601536
mn.device-96,2026-07-02 09:24:52,1601536
mn.device-96,2026-07-02 09:25:07,1601536
mn.device-96,2026-07-02 09:25:22,1601536
mn.device-96,2026-07-02 09:25:37,1601536
mn.device-96,2026-07-02 09:25:52,1601536
mn.device-96,2026-07-02 09:26:07,1601536
mn.device-96,2026-07-02 09:26:22,1601536
mn.device-96,2026-07-02 09:26:37,1601536
mn.device-96,2026-07-02 09:26:52,1601536
mn.device-96,2026-07-02 09:27:07,22679552
mn.device-96,2026-07-02 09:27:22,23142400
mn.device-96,2026-07-02 09:27:37,23064576
mn.device-96,2026-07-02 09:27:52,23064576
mn.device-96,2026-07-02 09:28:07,23064576
mn.device-96,2026-07-02 09:28:22,23064576
mn.device-96,2026-07-02 09:28:37,23068672
mn.device-96,2026-07-02 09:28:52,23068672
mn.device-96,2026-07-02 09:29:07,23093248
mn.device-96,2026-07-02 09:29:22,23093248
mn.device-96,2026-07-02 09:29:37,23093248
mn.device-96,2026-07-02 09:29:52,23093248
mn.device-96,2026-07-02 09:30:07,23351296
mn.device-96,2026-07-02 09:30:22,23093248
mn.device-96,2026-07-02 09:30:37,23097344
mn.device-96,2026-07-02 09:30:52,23097344
mn.device-96,2026-07-02 09:31:07,23097344
mn.device-96,2026-07-02 09:31:22,23097344
mn.device-96,2026-07-02 09:31:37,23097344
mn.device-96,2026-07-02 09:31:52,23097344
mn.device-96,2026-07-02 09:32:07,23859200
mn.device-96,2026-07-02 09:32:22,23072768
mn.device-96,2026-07-02 09:32:37,23072768
mn.device-96,2026-07-02 09:32:52,23023616
mn.device-96,2026-07-02 09:33:07,23023616
mn.device-96,2026-07-02 09:33:22,22999040
mn.device-96,2026-07-02 09:33:37,23252992
mn.device-96,2026-07-02 09:33:52,22966272
mn.device-96,2026-07-02 09:34:07,22966272
mn.device-12,2026-07-02 09:24:22,1609728
mn.device-12,2026-07-02 09:24:37,1609728
mn.device-12,2026-07-02 09:24:52,1609728
mn.device-12,2026-07-02 09:25:07,1609728
mn.device-12,2026-07-02 09:25:22,1609728
mn.device-12,2026-07-02 09:25:37,1609728
mn.device-12,2026-07-02 09:25:52,22192128
mn.device-12,2026-07-02 09:26:07,22192128
mn.device-12,2026-07-02 09:26:22,22192128
mn.device-12,2026-07-02 09:26:37,22196224
mn.device-12,2026-07-02 09:26:52,22196224
mn.device-12,2026-07-02 09:27:07,22130688
mn.device-12,2026-07-02 09:27:22,22130688
mn.device-12,2026-07-02 09:27:37,22392832
mn.device-12,2026-07-02 09:27:52,22138880
mn.device-12,2026-07-02 09:28:07,22155264
mn.device-12,2026-07-02 09:28:22,22155264
mn.device-12,2026-07-02 09:28:37,22155264
mn.device-12,2026-07-02 09:28:52,22155264
mn.device-12,2026-07-02 09:29:07,22413312
mn.device-12,2026-07-02 09:29:22,22155264
mn.device-12,2026-07-02 09:29:37,22155264
mn.device-12,2026-07-02 09:29:52,22155264
mn.device-12,2026-07-02 09:30:07,22159360
mn.device-12,2026-07-02 09:30:22,22159360
mn.device-12,2026-07-02 09:30:37,22159360
mn.device-12,2026-07-02 09:30:52,22159360
mn.device-12,2026-07-02 09:31:07,22159360
mn.device-12,2026-07-02 09:31:22,22159360
mn.device-12,2026-07-02 09:31:37,22159360
mn.device-12,2026-07-02 09:31:52,22159360
mn.device-12,2026-07-02 09:32:07,22163456
mn.device-12,2026-07-02 09:32:22,22155264
mn.device-12,2026-07-02 09:32:37,22155264
mn.device-12,2026-07-02 09:32:52,22142976
mn.device-12,2026-07-02 09:33:07,22142976
mn.device-12,2026-07-02 09:33:22,22138880
mn.device-12,2026-07-02 09:33:37,22138880
mn.device-12,2026-07-02 09:33:52,22130688
mn.device-12,2026-07-02 09:34:07,22388736
mn.device-68,2026-07-02 09:24:22,1605632
mn.device-68,2026-07-02 09:24:37,1605632
mn.device-68,2026-07-02 09:24:52,1605632
mn.device-68,2026-07-02 09:25:07,1605632
mn.device-68,2026-07-02 09:25:22,1605632
mn.device-68,2026-07-02 09:25:37,1605632
mn.device-68,2026-07-02 09:25:52,1605632
mn.device-68,2026-07-02 09:26:07,1605632
mn.device-68,2026-07-02 09:26:22,18665472
mn.device-68,2026-07-02 09:26:37,22216704
mn.device-68,2026-07-02 09:26:52,22216704
mn.device-68,2026-07-02 09:27:07,22151168
mn.device-68,2026-07-02 09:27:22,22151168
mn.device-68,2026-07-02 09:27:37,22151168
mn.device-68,2026-07-02 09:27:52,22151168
mn.device-68,2026-07-02 09:28:07,22175744
mn.device-68,2026-07-02 09:28:22,22175744
mn.device-68,2026-07-02 09:28:37,22175744
mn.device-68,2026-07-02 09:28:52,22175744
mn.device-68,2026-07-02 09:29:07,22175744
mn.device-68,2026-07-02 09:29:22,22175744
mn.device-68,2026-07-02 09:29:37,22175744
mn.device-68,2026-07-02 09:29:52,22179840
mn.device-68,2026-07-02 09:30:07,22179840
mn.device-68,2026-07-02 09:30:22,22179840
mn.device-68,2026-07-02 09:30:37,22179840
mn.device-68,2026-07-02 09:30:52,22179840
mn.device-68,2026-07-02 09:31:07,22179840
mn.device-68,2026-07-02 09:31:22,22188032
mn.device-68,2026-07-02 09:31:37,22188032
mn.device-68,2026-07-02 09:31:52,22188032
mn.device-68,2026-07-02 09:32:07,22188032
mn.device-68,2026-07-02 09:32:22,22175744
mn.device-68,2026-07-02 09:32:37,22175744
mn.device-68,2026-07-02 09:32:52,22163456
mn.device-68,2026-07-02 09:33:07,22171648
mn.device-68,2026-07-02 09:33:22,22167552
mn.device-68,2026-07-02 09:33:37,22167552
mn.device-68,2026-07-02 09:33:52,22159360
mn.device-68,2026-07-02 09:34:07,22421504
mn.device-43,2026-07-02 09:24:22,1601536
mn.device-43,2026-07-02 09:24:37,1601536
mn.device-43,2026-07-02 09:24:52,1601536
mn.device-43,2026-07-02 09:25:07,1601536
mn.device-43,2026-07-02 09:25:22,1601536
mn.device-43,2026-07-02 09:25:37,1601536
mn.device-43,2026-07-02 09:25:52,1601536
mn.device-43,2026-07-02 09:26:07,21782528
mn.device-43,2026-07-02 09:26:22,22450176
mn.device-43,2026-07-02 09:26:37,22188032
mn.device-43,2026-07-02 09:26:52,22188032
mn.device-43,2026-07-02 09:27:07,22126592
mn.device-43,2026-07-02 09:27:22,22388736
mn.device-43,2026-07-02 09:27:37,22134784
mn.device-43,2026-07-02 09:27:52,22155264
mn.device-43,2026-07-02 09:28:07,22155264
mn.device-43,2026-07-02 09:28:22,22155264
mn.device-43,2026-07-02 09:28:37,22155264
mn.device-43,2026-07-02 09:28:52,22155264
mn.device-43,2026-07-02 09:29:07,22155264
mn.device-43,2026-07-02 09:29:22,22159360
mn.device-43,2026-07-02 09:29:37,22159360
mn.device-43,2026-07-02 09:29:52,22159360
mn.device-43,2026-07-02 09:30:07,22159360
mn.device-43,2026-07-02 09:30:22,22417408
mn.device-43,2026-07-02 09:30:37,22159360
mn.device-43,2026-07-02 09:30:52,22159360
mn.device-43,2026-07-02 09:31:07,22163456
mn.device-43,2026-07-02 09:31:22,22163456
mn.device-43,2026-07-02 09:31:37,22163456
mn.device-43,2026-07-02 09:31:52,22163456
mn.device-43,2026-07-02 09:32:07,22163456
mn.device-43,2026-07-02 09:32:22,22155264
mn.device-43,2026-07-02 09:32:37,22163456
mn.device-43,2026-07-02 09:32:52,22151168
mn.device-43,2026-07-02 09:33:07,22151168
mn.device-43,2026-07-02 09:33:22,22147072
mn.device-43,2026-07-02 09:33:37,22147072
mn.device-43,2026-07-02 09:33:52,22138880
mn.device-43,2026-07-02 09:34:07,22138880
mn.device-10,2026-07-02 09:24:22,1593344
mn.device-10,2026-07-02 09:24:37,1593344
mn.device-10,2026-07-02 09:24:52,1593344
mn.device-10,2026-07-02 09:25:07,1593344
mn.device-10,2026-07-02 09:25:22,1593344
mn.device-10,2026-07-02 09:25:37,1593344
mn.device-10,2026-07-02 09:25:52,22769664
mn.device-10,2026-07-02 09:26:07,22249472
mn.device-10,2026-07-02 09:26:22,22249472
mn.device-10,2026-07-02 09:26:37,22511616
mn.device-10,2026-07-02 09:26:52,22253568
mn.device-10,2026-07-02 09:27:07,22188032
mn.device-10,2026-07-02 09:27:22,22208512
mn.device-10,2026-07-02 09:27:37,22208512
mn.device-10,2026-07-02 09:27:52,22208512
mn.device-10,2026-07-02 09:28:07,22208512
mn.device-10,2026-07-02 09:28:22,22470656
mn.device-10,2026-07-02 09:28:37,22208512
mn.device-10,2026-07-02 09:28:52,22208512
mn.device-10,2026-07-02 09:29:07,22212608
mn.device-10,2026-07-02 09:29:22,22212608
mn.device-10,2026-07-02 09:29:37,22212608
mn.device-10,2026-07-02 09:29:52,22212608
mn.device-10,2026-07-02 09:30:07,22212608
mn.device-10,2026-07-02 09:30:22,22212608
mn.device-10,2026-07-02 09:30:37,22216704
mn.device-10,2026-07-02 09:30:52,22216704
mn.device-10,2026-07-02 09:31:07,22220800
mn.device-10,2026-07-02 09:31:22,22220800
mn.device-10,2026-07-02 09:31:37,22220800
mn.device-10,2026-07-02 09:31:52,22220800
mn.device-10,2026-07-02 09:32:07,22228992
mn.device-10,2026-07-02 09:32:22,22220800
mn.device-10,2026-07-02 09:32:37,22220800
mn.device-10,2026-07-02 09:32:52,22208512
mn.device-10,2026-07-02 09:33:07,22208512
mn.device-10,2026-07-02 09:33:22,22204416
mn.device-10,2026-07-02 09:33:37,22204416
mn.device-10,2026-07-02 09:33:52,22200320
mn.device-10,2026-07-02 09:34:07,22200320
mn.device-95,2026-07-02 09:24:22,1601536
mn.device-95,2026-07-02 09:24:37,1601536
mn.device-95,2026-07-02 09:24:52,1601536
mn.device-95,2026-07-02 09:25:07,1601536
mn.device-95,2026-07-02 09:25:22,1601536
mn.device-95,2026-07-02 09:25:37,1601536
mn.device-95,2026-07-02 09:25:52,1601536
mn.device-95,2026-07-02 09:26:07,1601536
mn.device-95,2026-07-02 09:26:22,1601536
mn.device-95,2026-07-02 09:26:37,1601536
mn.device-95,2026-07-02 09:26:52,1601536
mn.device-95,2026-07-02 09:27:07,22523904
mn.device-95,2026-07-02 09:27:22,22630400
mn.device-95,2026-07-02 09:27:37,22642688
mn.device-95,2026-07-02 09:27:52,22642688
mn.device-95,2026-07-02 09:28:07,22642688
mn.device-95,2026-07-02 09:28:22,22646784
mn.device-95,2026-07-02 09:28:37,22646784
mn.device-95,2026-07-02 09:28:52,22650880
mn.device-95,2026-07-02 09:29:07,22671360
mn.device-95,2026-07-02 09:29:22,23191552
mn.device-95,2026-07-02 09:29:37,22671360
mn.device-95,2026-07-02 09:29:52,22671360
mn.device-95,2026-07-02 09:30:07,22671360
mn.device-95,2026-07-02 09:30:22,22671360
mn.device-95,2026-07-02 09:30:37,22675456
mn.device-95,2026-07-02 09:30:52,22675456
mn.device-95,2026-07-02 09:31:07,22675456
mn.device-95,2026-07-02 09:31:22,22675456
mn.device-95,2026-07-02 09:31:37,22675456
mn.device-95,2026-07-02 09:31:52,22675456
mn.device-95,2026-07-02 09:32:07,22675456
mn.device-95,2026-07-02 09:32:22,22667264
mn.device-95,2026-07-02 09:32:37,22667264
mn.device-95,2026-07-02 09:32:52,22654976
mn.device-95,2026-07-02 09:33:07,22654976
mn.device-95,2026-07-02 09:33:22,22650880
mn.device-95,2026-07-02 09:33:37,22650880
mn.device-95,2026-07-02 09:33:52,22650880
mn.device-95,2026-07-02 09:34:07,22650880
mn.device-27,2026-07-02 09:24:22,1601536
mn.device-27,2026-07-02 09:24:37,1601536
mn.device-27,2026-07-02 09:24:52,1601536
mn.device-27,2026-07-02 09:25:07,1601536
mn.device-27,2026-07-02 09:25:22,1601536
mn.device-27,2026-07-02 09:25:37,1601536
mn.device-27,2026-07-02 09:25:52,22028288
mn.device-27,2026-07-02 09:26:07,22253568
mn.device-27,2026-07-02 09:26:22,22253568
mn.device-27,2026-07-02 09:26:37,22257664
mn.device-27,2026-07-02 09:26:52,22257664
mn.device-27,2026-07-02 09:27:07,22192128
mn.device-27,2026-07-02 09:27:22,22192128
mn.device-27,2026-07-02 09:27:37,22220800
mn.device-27,2026-07-02 09:27:52,22220800
mn.device-27,2026-07-02 09:28:07,22220800
mn.device-27,2026-07-02 09:28:22,22220800
mn.device-27,2026-07-02 09:28:37,22220800
mn.device-27,2026-07-02 09:28:52,22220800
mn.device-27,2026-07-02 09:29:07,22224896
mn.device-27,2026-07-02 09:29:22,22224896
mn.device-27,2026-07-02 09:29:37,22224896
mn.device-27,2026-07-02 09:29:52,23007232
mn.device-27,2026-07-02 09:30:07,22224896
mn.device-27,2026-07-02 09:30:22,22224896
mn.device-27,2026-07-02 09:30:37,22224896
mn.device-27,2026-07-02 09:30:52,22228992
mn.device-27,2026-07-02 09:31:07,22228992
mn.device-27,2026-07-02 09:31:22,22228992
mn.device-27,2026-07-02 09:31:37,22233088
mn.device-27,2026-07-02 09:31:52,22233088
mn.device-27,2026-07-02 09:32:07,22233088
mn.device-27,2026-07-02 09:32:22,22233088
mn.device-27,2026-07-02 09:32:37,22233088
mn.device-27,2026-07-02 09:32:52,22220800
mn.device-27,2026-07-02 09:33:07,22220800
mn.device-27,2026-07-02 09:33:22,22212608
mn.device-27,2026-07-02 09:33:37,22208512
mn.device-27,2026-07-02 09:33:52,22196224
mn.device-27,2026-07-02 09:34:07,22466560
mn.device-93,2026-07-02 09:24:22,1601536
mn.device-93,2026-07-02 09:24:37,1601536
mn.device-93,2026-07-02 09:24:52,1601536
mn.device-93,2026-07-02 09:25:07,1601536
mn.device-93,2026-07-02 09:25:22,1601536
mn.device-93,2026-07-02 09:25:37,1601536
mn.device-93,2026-07-02 09:25:52,1601536
mn.device-93,2026-07-02 09:26:07,1601536
mn.device-93,2026-07-02 09:26:22,1601536
mn.device-93,2026-07-02 09:26:37,1601536
mn.device-93,2026-07-02 09:26:52,1601536
mn.device-93,2026-07-02 09:27:07,23494656
mn.device-93,2026-07-02 09:27:22,23863296
mn.device-93,2026-07-02 09:27:37,23863296
mn.device-93,2026-07-02 09:27:52,23863296
mn.device-93,2026-07-02 09:28:07,23867392
mn.device-93,2026-07-02 09:28:22,23871488
mn.device-93,2026-07-02 09:28:37,23875584
mn.device-93,2026-07-02 09:28:52,23900160
mn.device-93,2026-07-02 09:29:07,23900160
mn.device-93,2026-07-02 09:29:22,23900160
mn.device-93,2026-07-02 09:29:37,23900160
mn.device-93,2026-07-02 09:29:52,23900160
mn.device-93,2026-07-02 09:30:07,23900160
mn.device-93,2026-07-02 09:30:22,23900160
mn.device-93,2026-07-02 09:30:37,23904256
mn.device-93,2026-07-02 09:30:52,23904256
mn.device-93,2026-07-02 09:31:07,23904256
mn.device-93,2026-07-02 09:31:22,23904256
mn.device-93,2026-07-02 09:31:37,23904256
mn.device-93,2026-07-02 09:31:52,23904256
mn.device-93,2026-07-02 09:32:07,23887872
mn.device-93,2026-07-02 09:32:22,23875584
mn.device-93,2026-07-02 09:32:37,23875584
mn.device-93,2026-07-02 09:32:52,23814144
mn.device-93,2026-07-02 09:33:07,23814144
mn.device-93,2026-07-02 09:33:22,23781376
mn.device-93,2026-07-02 09:33:37,23777280
mn.device-93,2026-07-02 09:33:52,23748608
mn.device-93,2026-07-02 09:34:07,23748608
mn.device-67,2026-07-02 09:24:22,1605632
mn.device-67,2026-07-02 09:24:37,1605632
mn.device-67,2026-07-02 09:24:52,1605632
mn.device-67,2026-07-02 09:25:07,1605632
mn.device-67,2026-07-02 09:25:22,1605632
mn.device-67,2026-07-02 09:25:37,1605632
mn.device-67,2026-07-02 09:25:52,1605632
mn.device-67,2026-07-02 09:26:07,1605632
mn.device-67,2026-07-02 09:26:22,1605632
mn.device-67,2026-07-02 09:26:37,22237184
mn.device-67,2026-07-02 09:26:52,22237184
mn.device-67,2026-07-02 09:27:07,22171648
mn.device-67,2026-07-02 09:27:22,22171648
mn.device-67,2026-07-02 09:27:37,22175744
mn.device-67,2026-07-02 09:27:52,22175744
mn.device-67,2026-07-02 09:28:07,22200320
mn.device-67,2026-07-02 09:28:22,22200320
mn.device-67,2026-07-02 09:28:37,22462464
mn.device-67,2026-07-02 09:28:52,22724608
mn.device-67,2026-07-02 09:29:07,22200320
mn.device-67,2026-07-02 09:29:22,22200320
mn.device-67,2026-07-02 09:29:37,22200320
mn.device-67,2026-07-02 09:29:52,22208512
mn.device-67,2026-07-02 09:30:07,22208512
mn.device-67,2026-07-02 09:30:22,22208512
mn.device-67,2026-07-02 09:30:37,22208512
mn.device-67,2026-07-02 09:30:52,22208512
mn.device-67,2026-07-02 09:31:07,22208512
mn.device-67,2026-07-02 09:31:22,22212608
mn.device-67,2026-07-02 09:31:37,22474752
mn.device-67,2026-07-02 09:31:52,22212608
mn.device-67,2026-07-02 09:32:07,22212608
mn.device-67,2026-07-02 09:32:22,22204416
mn.device-67,2026-07-02 09:32:37,22204416
mn.device-67,2026-07-02 09:32:52,22192128
mn.device-67,2026-07-02 09:33:07,22200320
mn.device-67,2026-07-02 09:33:22,22196224
mn.device-67,2026-07-02 09:33:37,22196224
mn.device-67,2026-07-02 09:33:52,22183936
mn.device-67,2026-07-02 09:34:07,22183936
mn.device-25,2026-07-02 09:24:22,1622016
mn.device-25,2026-07-02 09:24:37,1622016
mn.device-25,2026-07-02 09:24:52,1622016
mn.device-25,2026-07-02 09:25:07,1622016
mn.device-25,2026-07-02 09:25:22,1622016
mn.device-25,2026-07-02 09:25:37,1622016
mn.device-25,2026-07-02 09:25:52,22351872
mn.device-25,2026-07-02 09:26:07,22269952
mn.device-25,2026-07-02 09:26:22,22269952
mn.device-25,2026-07-02 09:26:37,22274048
mn.device-25,2026-07-02 09:26:52,22274048
mn.device-25,2026-07-02 09:27:07,22212608
mn.device-25,2026-07-02 09:27:22,22212608
mn.device-25,2026-07-02 09:27:37,22233088
mn.device-25,2026-07-02 09:27:52,22233088
mn.device-25,2026-07-02 09:28:07,22233088
mn.device-25,2026-07-02 09:28:22,22233088
mn.device-25,2026-07-02 09:28:37,22233088
mn.device-25,2026-07-02 09:28:52,22233088
mn.device-25,2026-07-02 09:29:07,22237184
mn.device-25,2026-07-02 09:29:22,22237184
mn.device-25,2026-07-02 09:29:37,22237184
mn.device-25,2026-07-02 09:29:52,22237184
mn.device-25,2026-07-02 09:30:07,22237184
mn.device-25,2026-07-02 09:30:22,22237184
mn.device-25,2026-07-02 09:30:37,22237184
mn.device-25,2026-07-02 09:30:52,22241280
mn.device-25,2026-07-02 09:31:07,22241280
mn.device-25,2026-07-02 09:31:22,22245376
mn.device-25,2026-07-02 09:31:37,22245376
mn.device-25,2026-07-02 09:31:52,22245376
mn.device-25,2026-07-02 09:32:07,22245376
mn.device-25,2026-07-02 09:32:22,22245376
mn.device-25,2026-07-02 09:32:37,22245376
mn.device-25,2026-07-02 09:32:52,22233088
mn.device-25,2026-07-02 09:33:07,22233088
mn.device-25,2026-07-02 09:33:22,22228992
mn.device-25,2026-07-02 09:33:37,22228992
mn.device-25,2026-07-02 09:33:52,22224896
mn.device-25,2026-07-02 09:34:07,22224896
mn.device-76,2026-07-02 09:24:22,1605632
mn.device-76,2026-07-02 09:24:37,1605632
mn.device-76,2026-07-02 09:24:52,1605632
mn.device-76,2026-07-02 09:25:07,1605632
mn.device-76,2026-07-02 09:25:22,1605632
mn.device-76,2026-07-02 09:25:37,1605632
mn.device-76,2026-07-02 09:25:52,1605632
mn.device-76,2026-07-02 09:26:07,1605632
mn.device-76,2026-07-02 09:26:22,1605632
mn.device-76,2026-07-02 09:26:37,21782528
mn.device-76,2026-07-02 09:26:52,22286336
mn.device-76,2026-07-02 09:27:07,22138880
mn.device-76,2026-07-02 09:27:22,22138880
mn.device-76,2026-07-02 09:27:37,22138880
mn.device-76,2026-07-02 09:27:52,22138880
mn.device-76,2026-07-02 09:28:07,22142976
mn.device-76,2026-07-02 09:28:22,22163456
mn.device-76,2026-07-02 09:28:37,22163456
mn.device-76,2026-07-02 09:28:52,22163456
mn.device-76,2026-07-02 09:29:07,22163456
mn.device-76,2026-07-02 09:29:22,22163456
mn.device-76,2026-07-02 09:29:37,22163456
mn.device-76,2026-07-02 09:29:52,22163456
mn.device-76,2026-07-02 09:30:07,22167552
mn.device-76,2026-07-02 09:30:22,22167552
mn.device-76,2026-07-02 09:30:37,22167552
mn.device-76,2026-07-02 09:30:52,22167552
mn.device-76,2026-07-02 09:31:07,22167552
mn.device-76,2026-07-02 09:31:22,22167552
mn.device-76,2026-07-02 09:31:37,22171648
mn.device-76,2026-07-02 09:31:52,22171648
mn.device-76,2026-07-02 09:32:07,22175744
mn.device-76,2026-07-02 09:32:22,22167552
mn.device-76,2026-07-02 09:32:37,22167552
mn.device-76,2026-07-02 09:32:52,22155264
mn.device-76,2026-07-02 09:33:07,22155264
mn.device-76,2026-07-02 09:33:22,22159360
mn.device-76,2026-07-02 09:33:37,22159360
mn.device-76,2026-07-02 09:33:52,22151168
mn.device-76,2026-07-02 09:34:07,22667264
mn.device-26,2026-07-02 09:24:22,1617920
mn.device-26,2026-07-02 09:24:37,1617920
mn.device-26,2026-07-02 09:24:52,1617920
mn.device-26,2026-07-02 09:25:07,1617920
mn.device-26,2026-07-02 09:25:22,1617920
mn.device-26,2026-07-02 09:25:37,1617920
mn.device-26,2026-07-02 09:25:52,21823488
mn.device-26,2026-07-02 09:26:07,22237184
mn.device-26,2026-07-02 09:26:22,22237184
mn.device-26,2026-07-02 09:26:37,22241280
mn.device-26,2026-07-02 09:26:52,22241280
mn.device-26,2026-07-02 09:27:07,22183936
mn.device-26,2026-07-02 09:27:22,22188032
mn.device-26,2026-07-02 09:27:37,22208512
mn.device-26,2026-07-02 09:27:52,22208512
mn.device-26,2026-07-02 09:28:07,22208512
mn.device-26,2026-07-02 09:28:22,22208512
mn.device-26,2026-07-02 09:28:37,22208512
mn.device-26,2026-07-02 09:28:52,22208512
mn.device-26,2026-07-02 09:29:07,22212608
mn.device-26,2026-07-02 09:29:22,22212608
mn.device-26,2026-07-02 09:29:37,22212608
mn.device-26,2026-07-02 09:29:52,22212608
mn.device-26,2026-07-02 09:30:07,22212608
mn.device-26,2026-07-02 09:30:22,22212608
mn.device-26,2026-07-02 09:30:37,22212608
mn.device-26,2026-07-02 09:30:52,22216704
mn.device-26,2026-07-02 09:31:07,22216704
mn.device-26,2026-07-02 09:31:22,22216704
mn.device-26,2026-07-02 09:31:37,22216704
mn.device-26,2026-07-02 09:31:52,22736896
mn.device-26,2026-07-02 09:32:07,22216704
mn.device-26,2026-07-02 09:32:22,22216704
mn.device-26,2026-07-02 09:32:37,22216704
mn.device-26,2026-07-02 09:32:52,22204416
mn.device-26,2026-07-02 09:33:07,22204416
mn.device-26,2026-07-02 09:33:22,22200320
mn.device-26,2026-07-02 09:33:37,22200320
mn.device-26,2026-07-02 09:33:52,22192128
mn.device-26,2026-07-02 09:34:07,22196224
mn.device-91,2026-07-02 09:24:22,1617920
mn.device-91,2026-07-02 09:24:37,1617920
mn.device-91,2026-07-02 09:24:52,1617920
mn.device-91,2026-07-02 09:25:07,1617920
mn.device-91,2026-07-02 09:25:22,1617920
mn.device-91,2026-07-02 09:25:37,1617920
mn.device-91,2026-07-02 09:25:52,1617920
mn.device-91,2026-07-02 09:26:07,1617920
mn.device-91,2026-07-02 09:26:22,1617920
mn.device-91,2026-07-02 09:26:37,1617920
mn.device-91,2026-07-02 09:26:52,1617920
mn.device-91,2026-07-02 09:27:07,22102016
mn.device-91,2026-07-02 09:27:22,22482944
mn.device-91,2026-07-02 09:27:37,22220800
mn.device-91,2026-07-02 09:27:52,22220800
mn.device-91,2026-07-02 09:28:07,22220800
mn.device-91,2026-07-02 09:28:22,22220800
mn.device-91,2026-07-02 09:28:37,22224896
mn.device-91,2026-07-02 09:28:52,22245376
mn.device-91,2026-07-02 09:29:07,22245376
mn.device-91,2026-07-02 09:29:22,22245376
mn.device-91,2026-07-02 09:29:37,22245376
mn.device-91,2026-07-02 09:29:52,22245376
mn.device-91,2026-07-02 09:30:07,22245376
mn.device-91,2026-07-02 09:30:22,22253568
mn.device-91,2026-07-02 09:30:37,22253568
mn.device-91,2026-07-02 09:30:52,22253568
mn.device-91,2026-07-02 09:31:07,22253568
mn.device-91,2026-07-02 09:31:22,22253568
mn.device-91,2026-07-02 09:31:37,22253568
mn.device-91,2026-07-02 09:31:52,22253568
mn.device-91,2026-07-02 09:32:07,22257664
mn.device-91,2026-07-02 09:32:22,22253568
mn.device-91,2026-07-02 09:32:37,22253568
mn.device-91,2026-07-02 09:32:52,22241280
mn.device-91,2026-07-02 09:33:07,22241280
mn.device-91,2026-07-02 09:33:22,22237184
mn.device-91,2026-07-02 09:33:37,22241280
mn.device-91,2026-07-02 09:33:52,22237184
mn.device-91,2026-07-02 09:34:07,22237184
mn.device-13,2026-07-02 09:24:22,1597440
mn.device-13,2026-07-02 09:24:37,1597440
mn.device-13,2026-07-02 09:24:52,1597440
mn.device-13,2026-07-02 09:25:07,1597440
mn.device-13,2026-07-02 09:25:22,1597440
mn.device-13,2026-07-02 09:25:37,1597440
mn.device-13,2026-07-02 09:25:52,22183936
mn.device-13,2026-07-02 09:26:07,22958080
mn.device-13,2026-07-02 09:26:22,22183936
mn.device-13,2026-07-02 09:26:37,22183936
mn.device-13,2026-07-02 09:26:52,22183936
mn.device-13,2026-07-02 09:27:07,22122496
mn.device-13,2026-07-02 09:27:22,22147072
mn.device-13,2026-07-02 09:27:37,22147072
mn.device-13,2026-07-02 09:27:52,22147072
mn.device-13,2026-07-02 09:28:07,22147072
mn.device-13,2026-07-02 09:28:22,22147072
mn.device-13,2026-07-02 09:28:37,22147072
mn.device-13,2026-07-02 09:28:52,22147072
mn.device-13,2026-07-02 09:29:07,22151168
mn.device-13,2026-07-02 09:29:22,22151168
mn.device-13,2026-07-02 09:29:37,22151168
mn.device-13,2026-07-02 09:29:52,22151168
mn.device-13,2026-07-02 09:30:07,22151168
mn.device-13,2026-07-02 09:30:22,22151168
mn.device-13,2026-07-02 09:30:37,22155264
mn.device-13,2026-07-02 09:30:52,22159360
mn.device-13,2026-07-02 09:31:07,22159360
mn.device-13,2026-07-02 09:31:22,22159360
mn.device-13,2026-07-02 09:31:37,22159360
mn.device-13,2026-07-02 09:31:52,22159360
mn.device-13,2026-07-02 09:32:07,22159360
mn.device-13,2026-07-02 09:32:22,22159360
mn.device-13,2026-07-02 09:32:37,22159360
mn.device-13,2026-07-02 09:32:52,22147072
mn.device-13,2026-07-02 09:33:07,22147072
mn.device-13,2026-07-02 09:33:22,22142976
mn.device-13,2026-07-02 09:33:37,22142976
mn.device-13,2026-07-02 09:33:52,22138880
mn.device-13,2026-07-02 09:34:07,22138880
mn.device-39,2026-07-02 09:24:22,1609728
mn.device-39,2026-07-02 09:24:37,1609728
mn.device-39,2026-07-02 09:24:52,1609728
mn.device-39,2026-07-02 09:25:07,1609728
mn.device-39,2026-07-02 09:25:22,1609728
mn.device-39,2026-07-02 09:25:37,1609728
mn.device-39,2026-07-02 09:25:52,1609728
mn.device-39,2026-07-02 09:26:07,22278144
mn.device-39,2026-07-02 09:26:22,22192128
mn.device-39,2026-07-02 09:26:37,22192128
mn.device-39,2026-07-02 09:26:52,22192128
mn.device-39,2026-07-02 09:27:07,22384640
mn.device-39,2026-07-02 09:27:22,22130688
mn.device-39,2026-07-02 09:27:37,22654976
mn.device-39,2026-07-02 09:27:52,22155264
mn.device-39,2026-07-02 09:28:07,22413312
mn.device-39,2026-07-02 09:28:22,22155264
mn.device-39,2026-07-02 09:28:37,22155264
mn.device-39,2026-07-02 09:28:52,22155264
mn.device-39,2026-07-02 09:29:07,22671360
mn.device-39,2026-07-02 09:29:22,22159360
mn.device-39,2026-07-02 09:29:37,22159360
mn.device-39,2026-07-02 09:29:52,22159360
mn.device-39,2026-07-02 09:30:07,22683648
mn.device-39,2026-07-02 09:30:22,22159360
mn.device-39,2026-07-02 09:30:37,22159360
mn.device-39,2026-07-02 09:30:52,22159360
mn.device-39,2026-07-02 09:31:07,22949888
mn.device-39,2026-07-02 09:31:22,22167552
mn.device-39,2026-07-02 09:31:37,22175744
mn.device-39,2026-07-02 09:31:52,22167552
mn.device-39,2026-07-02 09:32:07,22167552
mn.device-39,2026-07-02 09:32:22,22159360
mn.device-39,2026-07-02 09:32:37,22429696
mn.device-39,2026-07-02 09:32:52,22155264
mn.device-39,2026-07-02 09:33:07,22155264
mn.device-39,2026-07-02 09:33:22,22151168
mn.device-39,2026-07-02 09:33:37,22147072
mn.device-39,2026-07-02 09:33:52,22142976
mn.device-39,2026-07-02 09:34:07,22142976
mn.device-24,2026-07-02 09:24:22,1601536
mn.device-24,2026-07-02 09:24:37,1601536
mn.device-24,2026-07-02 09:24:52,1601536
mn.device-24,2026-07-02 09:25:07,1601536
mn.device-24,2026-07-02 09:25:22,1601536
mn.device-24,2026-07-02 09:25:37,1601536
mn.device-24,2026-07-02 09:25:52,22282240
mn.device-24,2026-07-02 09:26:07,22204416
mn.device-24,2026-07-02 09:26:22,22204416
mn.device-24,2026-07-02 09:26:37,22204416
mn.device-24,2026-07-02 09:26:52,22204416
mn.device-24,2026-07-02 09:27:07,22917120
mn.device-24,2026-07-02 09:27:22,22147072
mn.device-24,2026-07-02 09:27:37,22294528
mn.device-24,2026-07-02 09:27:52,22294528
mn.device-24,2026-07-02 09:28:07,22294528
mn.device-24,2026-07-02 09:28:22,22294528
mn.device-24,2026-07-02 09:28:37,22294528
mn.device-24,2026-07-02 09:28:52,22294528
mn.device-24,2026-07-02 09:29:07,22298624
mn.device-24,2026-07-02 09:29:22,22298624
mn.device-24,2026-07-02 09:29:37,22298624
mn.device-24,2026-07-02 09:29:52,22298624
mn.device-24,2026-07-02 09:30:07,22298624
mn.device-24,2026-07-02 09:30:22,22298624
mn.device-24,2026-07-02 09:30:37,22298624
mn.device-24,2026-07-02 09:30:52,22302720
mn.device-24,2026-07-02 09:31:07,22302720
mn.device-24,2026-07-02 09:31:22,22302720
mn.device-24,2026-07-02 09:31:37,22302720
mn.device-24,2026-07-02 09:31:52,22302720
mn.device-24,2026-07-02 09:32:07,22302720
mn.device-24,2026-07-02 09:32:22,22302720
mn.device-24,2026-07-02 09:32:37,22302720
mn.device-24,2026-07-02 09:32:52,22290432
mn.device-24,2026-07-02 09:33:07,22290432
mn.device-24,2026-07-02 09:33:22,22286336
mn.device-24,2026-07-02 09:33:37,22286336
mn.device-24,2026-07-02 09:33:52,22282240
mn.device-24,2026-07-02 09:34:07,22282240
mn.device-77,2026-07-02 09:24:22,1613824
mn.device-77,2026-07-02 09:24:37,1613824
mn.device-77,2026-07-02 09:24:52,1613824
mn.device-77,2026-07-02 09:25:07,1613824
mn.device-77,2026-07-02 09:25:22,1613824
mn.device-77,2026-07-02 09:25:37,1613824
mn.device-77,2026-07-02 09:25:52,1613824
mn.device-77,2026-07-02 09:26:07,1613824
mn.device-77,2026-07-02 09:26:22,1613824
mn.device-77,2026-07-02 09:26:37,21790720
mn.device-77,2026-07-02 09:26:52,22609920
mn.device-77,2026-07-02 09:27:07,22142976
mn.device-77,2026-07-02 09:27:22,22142976
mn.device-77,2026-07-02 09:27:37,22142976
mn.device-77,2026-07-02 09:27:52,22147072
mn.device-77,2026-07-02 09:28:07,22151168
mn.device-77,2026-07-02 09:28:22,22171648
mn.device-77,2026-07-02 09:28:37,22171648
mn.device-77,2026-07-02 09:28:52,22171648
mn.device-77,2026-07-02 09:29:07,22429696
mn.device-77,2026-07-02 09:29:22,22171648
mn.device-77,2026-07-02 09:29:37,22171648
mn.device-77,2026-07-02 09:29:52,22171648
mn.device-77,2026-07-02 09:30:07,22175744
mn.device-77,2026-07-02 09:30:22,22175744
mn.device-77,2026-07-02 09:30:37,22175744
mn.device-77,2026-07-02 09:30:52,22175744
mn.device-77,2026-07-02 09:31:07,22175744
mn.device-77,2026-07-02 09:31:22,22175744
mn.device-77,2026-07-02 09:31:37,22179840
mn.device-77,2026-07-02 09:31:52,22179840
mn.device-77,2026-07-02 09:32:07,22183936
mn.device-77,2026-07-02 09:32:22,22175744
mn.device-77,2026-07-02 09:32:37,22175744
mn.device-77,2026-07-02 09:32:52,22163456
mn.device-77,2026-07-02 09:33:07,22163456
mn.device-77,2026-07-02 09:33:22,22167552
mn.device-77,2026-07-02 09:33:37,22429696
mn.device-77,2026-07-02 09:33:52,22159360
mn.device-77,2026-07-02 09:34:07,22159360
mn.device-100,2026-07-02 09:24:22,1605632
mn.device-100,2026-07-02 09:24:37,1605632
mn.device-100,2026-07-02 09:24:52,1605632
mn.device-100,2026-07-02 09:25:07,1605632
mn.device-100,2026-07-02 09:25:22,1605632
mn.device-100,2026-07-02 09:25:37,1605632
mn.device-100,2026-07-02 09:25:52,1605632
mn.device-100,2026-07-02 09:26:07,1605632
mn.device-100,2026-07-02 09:26:22,1605632
mn.device-100,2026-07-02 09:26:37,1605632
mn.device-100,2026-07-02 09:26:52,1605632
mn.device-100,2026-07-02 09:27:07,21852160
mn.device-100,2026-07-02 09:27:22,22319104
mn.device-100,2026-07-02 09:27:37,22241280
mn.device-100,2026-07-02 09:27:52,22241280
mn.device-100,2026-07-02 09:28:07,22241280
mn.device-100,2026-07-02 09:28:22,22245376
mn.device-100,2026-07-02 09:28:37,22245376
mn.device-100,2026-07-02 09:28:52,22249472
mn.device-100,2026-07-02 09:29:07,22269952
mn.device-100,2026-07-02 09:29:22,22269952
mn.device-100,2026-07-02 09:29:37,22269952
mn.device-100,2026-07-02 09:29:52,22269952
mn.device-100,2026-07-02 09:30:07,22269952
mn.device-100,2026-07-02 09:30:22,22269952
mn.device-100,2026-07-02 09:30:37,22274048
mn.device-100,2026-07-02 09:30:52,22274048
mn.device-100,2026-07-02 09:31:07,22274048
mn.device-100,2026-07-02 09:31:22,22274048
mn.device-100,2026-07-02 09:31:37,22274048
mn.device-100,2026-07-02 09:31:52,22274048
mn.device-100,2026-07-02 09:32:07,22261760
mn.device-100,2026-07-02 09:32:22,22253568
mn.device-100,2026-07-02 09:32:37,22253568
mn.device-100,2026-07-02 09:32:52,22241280
mn.device-100,2026-07-02 09:33:07,22241280
mn.device-100,2026-07-02 09:33:22,22237184
mn.device-100,2026-07-02 09:33:37,22237184
mn.device-100,2026-07-02 09:33:52,22237184
mn.device-100,2026-07-02 09:34:07,22237184
mn.device-73,2026-07-02 09:24:22,1605632
mn.device-73,2026-07-02 09:24:37,1605632
mn.device-73,2026-07-02 09:24:52,1605632
mn.device-73,2026-07-02 09:25:07,1605632
mn.device-73,2026-07-02 09:25:22,1605632
mn.device-73,2026-07-02 09:25:37,1605632
mn.device-73,2026-07-02 09:25:52,1605632
mn.device-73,2026-07-02 09:26:07,1605632
mn.device-73,2026-07-02 09:26:22,1605632
mn.device-73,2026-07-02 09:26:37,22302720
mn.device-73,2026-07-02 09:26:52,22220800
mn.device-73,2026-07-02 09:27:07,22155264
mn.device-73,2026-07-02 09:27:22,22159360
mn.device-73,2026-07-02 09:27:37,22163456
mn.device-73,2026-07-02 09:27:52,22163456
mn.device-73,2026-07-02 09:28:07,22167552
mn.device-73,2026-07-02 09:28:22,22188032
mn.device-73,2026-07-02 09:28:37,22188032
mn.device-73,2026-07-02 09:28:52,22188032
mn.device-73,2026-07-02 09:29:07,22188032
mn.device-73,2026-07-02 09:29:22,22188032
mn.device-73,2026-07-02 09:29:37,22188032
mn.device-73,2026-07-02 09:29:52,22196224
mn.device-73,2026-07-02 09:30:07,22196224
mn.device-73,2026-07-02 09:30:22,22196224
mn.device-73,2026-07-02 09:30:37,22196224
mn.device-73,2026-07-02 09:30:52,22196224
mn.device-73,2026-07-02 09:31:07,22196224
mn.device-73,2026-07-02 09:31:22,22196224
mn.device-73,2026-07-02 09:31:37,22200320
mn.device-73,2026-07-02 09:31:52,22200320
mn.device-73,2026-07-02 09:32:07,22200320
mn.device-73,2026-07-02 09:32:22,22192128
mn.device-73,2026-07-02 09:32:37,22192128
mn.device-73,2026-07-02 09:32:52,22175744
mn.device-73,2026-07-02 09:33:07,22183936
mn.device-73,2026-07-02 09:33:22,22179840
mn.device-73,2026-07-02 09:33:37,22179840
mn.device-73,2026-07-02 09:33:52,22171648
mn.device-73,2026-07-02 09:34:07,22171648
mn.device-84,2026-07-02 09:24:22,1597440
mn.device-84,2026-07-02 09:24:37,1597440
mn.device-84,2026-07-02 09:24:52,1597440
mn.device-84,2026-07-02 09:25:07,1597440
mn.device-84,2026-07-02 09:25:22,1597440
mn.device-84,2026-07-02 09:25:37,1597440
mn.device-84,2026-07-02 09:25:52,1597440
mn.device-84,2026-07-02 09:26:07,1597440
mn.device-84,2026-07-02 09:26:22,1597440
mn.device-84,2026-07-02 09:26:37,10358784
mn.device-84,2026-07-02 09:26:52,21778432
mn.device-84,2026-07-02 09:27:07,22216704
mn.device-84,2026-07-02 09:27:22,22151168
mn.device-84,2026-07-02 09:27:37,22151168
mn.device-84,2026-07-02 09:27:52,22151168
mn.device-84,2026-07-02 09:28:07,22151168
mn.device-84,2026-07-02 09:28:22,22151168
mn.device-84,2026-07-02 09:28:37,22155264
mn.device-84,2026-07-02 09:28:52,22175744
mn.device-84,2026-07-02 09:29:07,22691840
mn.device-84,2026-07-02 09:29:22,22175744
mn.device-84,2026-07-02 09:29:37,22175744
mn.device-84,2026-07-02 09:29:52,22175744
mn.device-84,2026-07-02 09:30:07,22175744
mn.device-84,2026-07-02 09:30:22,22179840
mn.device-84,2026-07-02 09:30:37,22179840
mn.device-84,2026-07-02 09:30:52,22179840
mn.device-84,2026-07-02 09:31:07,22179840
mn.device-84,2026-07-02 09:31:22,22179840
mn.device-84,2026-07-02 09:31:37,22433792
mn.device-84,2026-07-02 09:31:52,22179840
mn.device-84,2026-07-02 09:32:07,22183936
mn.device-84,2026-07-02 09:32:22,22175744
mn.device-84,2026-07-02 09:32:37,22175744
mn.device-84,2026-07-02 09:32:52,22163456
mn.device-84,2026-07-02 09:33:07,22163456
mn.device-84,2026-07-02 09:33:22,22159360
mn.device-84,2026-07-02 09:33:37,22167552
mn.device-84,2026-07-02 09:33:52,22159360
mn.device-84,2026-07-02 09:34:07,22159360
mn.device-41,2026-07-02 09:24:22,1609728
mn.device-41,2026-07-02 09:24:37,1609728
mn.device-41,2026-07-02 09:24:52,1609728
mn.device-41,2026-07-02 09:25:07,1609728
mn.device-41,2026-07-02 09:25:22,1609728
mn.device-41,2026-07-02 09:25:37,1609728
mn.device-41,2026-07-02 09:25:52,1609728
mn.device-41,2026-07-02 09:26:07,22036480
mn.device-41,2026-07-02 09:26:22,22188032
mn.device-41,2026-07-02 09:26:37,22188032
mn.device-41,2026-07-02 09:26:52,22188032
mn.device-41,2026-07-02 09:27:07,22392832
mn.device-41,2026-07-02 09:27:22,22130688
mn.device-41,2026-07-02 09:27:37,22388736
mn.device-41,2026-07-02 09:27:52,22155264
mn.device-41,2026-07-02 09:28:07,22679552
mn.device-41,2026-07-02 09:28:22,22155264
mn.device-41,2026-07-02 09:28:37,22417408
mn.device-41,2026-07-02 09:28:52,22155264
mn.device-41,2026-07-02 09:29:07,22675456
mn.device-41,2026-07-02 09:29:22,22159360
mn.device-41,2026-07-02 09:29:37,22159360
mn.device-41,2026-07-02 09:29:52,22159360
mn.device-41,2026-07-02 09:30:07,22159360
mn.device-41,2026-07-02 09:30:22,22159360
mn.device-41,2026-07-02 09:30:37,22937600
mn.device-41,2026-07-02 09:30:52,22159360
mn.device-41,2026-07-02 09:31:07,22163456
mn.device-41,2026-07-02 09:31:22,22167552
mn.device-41,2026-07-02 09:31:37,22167552
mn.device-41,2026-07-02 09:31:52,22167552
mn.device-41,2026-07-02 09:32:07,22167552
mn.device-41,2026-07-02 09:32:22,22159360
mn.device-41,2026-07-02 09:32:37,22687744
mn.device-41,2026-07-02 09:32:52,22417408
mn.device-41,2026-07-02 09:33:07,22155264
mn.device-41,2026-07-02 09:33:22,22151168
mn.device-41,2026-07-02 09:33:37,22151168
mn.device-41,2026-07-02 09:33:52,22142976
mn.device-41,2026-07-02 09:34:07,22663168
mn.device-63,2026-07-02 09:24:22,1617920
mn.device-63,2026-07-02 09:24:37,1617920
mn.device-63,2026-07-02 09:24:52,1617920
mn.device-63,2026-07-02 09:25:07,1617920
mn.device-63,2026-07-02 09:25:22,1617920
mn.device-63,2026-07-02 09:25:37,1617920
mn.device-63,2026-07-02 09:25:52,1617920
mn.device-63,2026-07-02 09:26:07,1617920
mn.device-63,2026-07-02 09:26:22,21839872
mn.device-63,2026-07-02 09:26:37,22253568
mn.device-63,2026-07-02 09:26:52,22253568
mn.device-63,2026-07-02 09:27:07,22192128
mn.device-63,2026-07-02 09:27:22,22192128
mn.device-63,2026-07-02 09:27:37,22196224
mn.device-63,2026-07-02 09:27:52,22462464
mn.device-63,2026-07-02 09:28:07,22220800
mn.device-63,2026-07-02 09:28:22,22740992
mn.device-63,2026-07-02 09:28:37,22220800
mn.device-63,2026-07-02 09:28:52,22220800
mn.device-63,2026-07-02 09:29:07,22220800
mn.device-63,2026-07-02 09:29:22,22220800
mn.device-63,2026-07-02 09:29:37,22224896
mn.device-63,2026-07-02 09:29:52,22224896
mn.device-63,2026-07-02 09:30:07,22224896
mn.device-63,2026-07-02 09:30:22,22224896
mn.device-63,2026-07-02 09:30:37,22224896
mn.device-63,2026-07-02 09:30:52,22224896
mn.device-63,2026-07-02 09:31:07,22224896
mn.device-63,2026-07-02 09:31:22,22228992
mn.device-63,2026-07-02 09:31:37,22233088
mn.device-63,2026-07-02 09:31:52,22233088
mn.device-63,2026-07-02 09:32:07,22233088
mn.device-63,2026-07-02 09:32:22,22224896
mn.device-63,2026-07-02 09:32:37,22224896
mn.device-63,2026-07-02 09:32:52,22220800
mn.device-63,2026-07-02 09:33:07,22220800
mn.device-63,2026-07-02 09:33:22,22736896
mn.device-63,2026-07-02 09:33:37,22216704
mn.device-63,2026-07-02 09:33:52,22208512
mn.device-63,2026-07-02 09:34:07,22208512
mn.device-62,2026-07-02 09:24:22,1613824
mn.device-62,2026-07-02 09:24:37,1613824
mn.device-62,2026-07-02 09:24:52,1613824
mn.device-62,2026-07-02 09:25:07,1613824
mn.device-62,2026-07-02 09:25:22,1613824
mn.device-62,2026-07-02 09:25:37,1613824
mn.device-62,2026-07-02 09:25:52,1613824
mn.device-62,2026-07-02 09:26:07,1613824
mn.device-62,2026-07-02 09:26:22,21782528
mn.device-62,2026-07-02 09:26:37,22192128
mn.device-62,2026-07-02 09:26:52,22192128
mn.device-62,2026-07-02 09:27:07,22126592
mn.device-62,2026-07-02 09:27:22,22126592
mn.device-62,2026-07-02 09:27:37,22130688
mn.device-62,2026-07-02 09:27:52,22134784
mn.device-62,2026-07-02 09:28:07,22155264
mn.device-62,2026-07-02 09:28:22,22417408
mn.device-62,2026-07-02 09:28:37,22155264
mn.device-62,2026-07-02 09:28:52,22155264
mn.device-62,2026-07-02 09:29:07,22155264
mn.device-62,2026-07-02 09:29:22,22155264
mn.device-62,2026-07-02 09:29:37,22159360
mn.device-62,2026-07-02 09:29:52,22159360
mn.device-62,2026-07-02 09:30:07,22159360
mn.device-62,2026-07-02 09:30:22,22159360
mn.device-62,2026-07-02 09:30:37,22159360
mn.device-62,2026-07-02 09:30:52,22159360
mn.device-62,2026-07-02 09:31:07,22159360
mn.device-62,2026-07-02 09:31:22,22163456
mn.device-62,2026-07-02 09:31:37,22167552
mn.device-62,2026-07-02 09:31:52,22167552
mn.device-62,2026-07-02 09:32:07,22167552
mn.device-62,2026-07-02 09:32:22,22159360
mn.device-62,2026-07-02 09:32:37,22159360
mn.device-62,2026-07-02 09:32:52,22159360
mn.device-62,2026-07-02 09:33:07,22159360
mn.device-62,2026-07-02 09:33:22,22155264
mn.device-62,2026-07-02 09:33:37,22155264
mn.device-62,2026-07-02 09:33:52,22147072
mn.device-62,2026-07-02 09:34:07,22147072
mn.device-55,2026-07-02 09:24:22,1593344
mn.device-55,2026-07-02 09:24:37,1593344
mn.device-55,2026-07-02 09:24:52,1593344
mn.device-55,2026-07-02 09:25:07,1593344
mn.device-55,2026-07-02 09:25:22,1593344
mn.device-55,2026-07-02 09:25:37,1593344
mn.device-55,2026-07-02 09:25:52,1593344
mn.device-55,2026-07-02 09:26:07,1593344
mn.device-55,2026-07-02 09:26:22,22220800
mn.device-55,2026-07-02 09:26:37,22183936
mn.device-55,2026-07-02 09:26:52,22183936
mn.device-55,2026-07-02 09:27:07,22122496
mn.device-55,2026-07-02 09:27:22,22904832
mn.device-55,2026-07-02 09:27:37,22126592
mn.device-55,2026-07-02 09:27:52,22228992
mn.device-55,2026-07-02 09:28:07,22228992
mn.device-55,2026-07-02 09:28:22,22228992
mn.device-55,2026-07-02 09:28:37,22228992
mn.device-55,2026-07-02 09:28:52,22228992
mn.device-55,2026-07-02 09:29:07,22228992
mn.device-55,2026-07-02 09:29:22,22228992
mn.device-55,2026-07-02 09:29:37,22233088
mn.device-55,2026-07-02 09:29:52,22233088
mn.device-55,2026-07-02 09:30:07,22233088
mn.device-55,2026-07-02 09:30:22,22233088
mn.device-55,2026-07-02 09:30:37,22233088
mn.device-55,2026-07-02 09:30:52,22233088
mn.device-55,2026-07-02 09:31:07,22237184
mn.device-55,2026-07-02 09:31:22,22237184
mn.device-55,2026-07-02 09:31:37,22237184
mn.device-55,2026-07-02 09:31:52,22237184
mn.device-55,2026-07-02 09:32:07,22237184
mn.device-55,2026-07-02 09:32:22,22228992
mn.device-55,2026-07-02 09:32:37,22228992
mn.device-55,2026-07-02 09:32:52,22487040
mn.device-55,2026-07-02 09:33:07,22224896
mn.device-55,2026-07-02 09:33:22,22220800
mn.device-55,2026-07-02 09:33:37,22220800
mn.device-55,2026-07-02 09:33:52,22212608
mn.device-55,2026-07-02 09:34:07,22212608
mn.device-61,2026-07-02 09:24:22,1605632
mn.device-61,2026-07-02 09:24:37,1605632
mn.device-61,2026-07-02 09:24:52,1605632
mn.device-61,2026-07-02 09:25:07,1605632
mn.device-61,2026-07-02 09:25:22,1605632
mn.device-61,2026-07-02 09:25:37,1605632
mn.device-61,2026-07-02 09:25:52,1605632
mn.device-61,2026-07-02 09:26:07,1605632
mn.device-61,2026-07-02 09:26:22,22298624
mn.device-61,2026-07-02 09:26:37,22224896
mn.device-61,2026-07-02 09:26:52,22224896
mn.device-61,2026-07-02 09:27:07,22159360
mn.device-61,2026-07-02 09:27:22,22159360
mn.device-61,2026-07-02 09:27:37,22159360
mn.device-61,2026-07-02 09:27:52,22163456
mn.device-61,2026-07-02 09:28:07,22183936
mn.device-61,2026-07-02 09:28:22,22183936
mn.device-61,2026-07-02 09:28:37,22183936
mn.device-61,2026-07-02 09:28:52,22183936
mn.device-61,2026-07-02 09:29:07,22183936
mn.device-61,2026-07-02 09:29:22,22183936
mn.device-61,2026-07-02 09:29:37,22192128
mn.device-61,2026-07-02 09:29:52,22192128
mn.device-61,2026-07-02 09:30:07,22192128
mn.device-61,2026-07-02 09:30:22,22192128
mn.device-61,2026-07-02 09:30:37,22192128
mn.device-61,2026-07-02 09:30:52,22192128
mn.device-61,2026-07-02 09:31:07,22192128
mn.device-61,2026-07-02 09:31:22,22196224
mn.device-61,2026-07-02 09:31:37,22196224
mn.device-61,2026-07-02 09:31:52,22196224
mn.device-61,2026-07-02 09:32:07,22196224
mn.device-61,2026-07-02 09:32:22,22183936
mn.device-61,2026-07-02 09:32:37,22183936
mn.device-61,2026-07-02 09:32:52,22179840
mn.device-61,2026-07-02 09:33:07,22179840
mn.device-61,2026-07-02 09:33:22,22175744
mn.device-61,2026-07-02 09:33:37,22171648
mn.device-61,2026-07-02 09:33:52,22167552
mn.device-61,2026-07-02 09:34:07,22167552
mn.device-49,2026-07-02 09:24:22,1605632
mn.device-49,2026-07-02 09:24:37,1605632
mn.device-49,2026-07-02 09:24:52,1605632
mn.device-49,2026-07-02 09:25:07,1605632
mn.device-49,2026-07-02 09:25:22,1605632
mn.device-49,2026-07-02 09:25:37,1605632
mn.device-49,2026-07-02 09:25:52,1605632
mn.device-49,2026-07-02 09:26:07,1605632
mn.device-49,2026-07-02 09:26:22,22196224
mn.device-49,2026-07-02 09:26:37,22196224
mn.device-49,2026-07-02 09:26:52,22196224
mn.device-49,2026-07-02 09:27:07,22134784
mn.device-49,2026-07-02 09:27:22,22138880
mn.device-49,2026-07-02 09:27:37,22138880
mn.device-49,2026-07-02 09:27:52,22163456
mn.device-49,2026-07-02 09:28:07,22163456
mn.device-49,2026-07-02 09:28:22,22163456
mn.device-49,2026-07-02 09:28:37,22163456
mn.device-49,2026-07-02 09:28:52,22163456
mn.device-49,2026-07-02 09:29:07,22163456
mn.device-49,2026-07-02 09:29:22,22163456
mn.device-49,2026-07-02 09:29:37,22167552
mn.device-49,2026-07-02 09:29:52,22167552
mn.device-49,2026-07-02 09:30:07,22167552
mn.device-49,2026-07-02 09:30:22,22167552
mn.device-49,2026-07-02 09:30:37,22425600
mn.device-49,2026-07-02 09:30:52,22167552
mn.device-49,2026-07-02 09:31:07,22171648
mn.device-49,2026-07-02 09:31:22,22171648
mn.device-49,2026-07-02 09:31:37,22171648
mn.device-49,2026-07-02 09:31:52,22171648
mn.device-49,2026-07-02 09:32:07,22171648
mn.device-49,2026-07-02 09:32:22,22163456
mn.device-49,2026-07-02 09:32:37,22433792
mn.device-49,2026-07-02 09:32:52,22159360
mn.device-49,2026-07-02 09:33:07,22159360
mn.device-49,2026-07-02 09:33:22,22155264
mn.device-49,2026-07-02 09:33:37,22675456
mn.device-49,2026-07-02 09:33:52,22147072
mn.device-49,2026-07-02 09:34:07,22409216
mn.device-18,2026-07-02 09:24:22,1597440
mn.device-18,2026-07-02 09:24:37,1597440
mn.device-18,2026-07-02 09:24:52,1597440
mn.device-18,2026-07-02 09:25:07,1597440
mn.device-18,2026-07-02 09:25:22,1597440
mn.device-18,2026-07-02 09:25:37,1597440
mn.device-18,2026-07-02 09:25:52,22695936
mn.device-18,2026-07-02 09:26:07,22183936
mn.device-18,2026-07-02 09:26:22,22183936
mn.device-18,2026-07-02 09:26:37,22188032
mn.device-18,2026-07-02 09:26:52,22188032
mn.device-18,2026-07-02 09:27:07,22130688
mn.device-18,2026-07-02 09:27:22,22134784
mn.device-18,2026-07-02 09:27:37,22155264
mn.device-18,2026-07-02 09:27:52,22417408
mn.device-18,2026-07-02 09:28:07,22155264
mn.device-18,2026-07-02 09:28:22,22941696
mn.device-18,2026-07-02 09:28:37,22155264
mn.device-18,2026-07-02 09:28:52,22155264
mn.device-18,2026-07-02 09:29:07,22159360
mn.device-18,2026-07-02 09:29:22,22159360
mn.device-18,2026-07-02 09:29:37,22159360
mn.device-18,2026-07-02 09:29:52,22421504
mn.device-18,2026-07-02 09:30:07,22159360
mn.device-18,2026-07-02 09:30:22,22159360
mn.device-18,2026-07-02 09:30:37,22163456
mn.device-18,2026-07-02 09:30:52,22163456
mn.device-18,2026-07-02 09:31:07,22163456
mn.device-18,2026-07-02 09:31:22,22163456
mn.device-18,2026-07-02 09:31:37,22163456
mn.device-18,2026-07-02 09:31:52,22163456
mn.device-18,2026-07-02 09:32:07,22163456
mn.device-18,2026-07-02 09:32:22,22941696
mn.device-18,2026-07-02 09:32:37,22163456
mn.device-18,2026-07-02 09:32:52,22151168
mn.device-18,2026-07-02 09:33:07,22151168
mn.device-18,2026-07-02 09:33:22,22147072
mn.device-18,2026-07-02 09:33:37,22142976
mn.device-18,2026-07-02 09:33:52,22142976
mn.device-18,2026-07-02 09:34:07,22142976
mn.device-53,2026-07-02 09:24:22,1605632
mn.device-53,2026-07-02 09:24:37,1605632
mn.device-53,2026-07-02 09:24:52,1605632
mn.device-53,2026-07-02 09:25:07,1605632
mn.device-53,2026-07-02 09:25:22,1605632
mn.device-53,2026-07-02 09:25:37,1605632
mn.device-53,2026-07-02 09:25:52,1605632
mn.device-53,2026-07-02 09:26:07,1605632
mn.device-53,2026-07-02 09:26:22,22188032
mn.device-53,2026-07-02 09:26:37,22188032
mn.device-53,2026-07-02 09:26:52,22188032
mn.device-53,2026-07-02 09:27:07,22122496
mn.device-53,2026-07-02 09:27:22,22126592
mn.device-53,2026-07-02 09:27:37,22126592
mn.device-53,2026-07-02 09:27:52,22147072
mn.device-53,2026-07-02 09:28:07,22147072
mn.device-53,2026-07-02 09:28:22,22147072
mn.device-53,2026-07-02 09:28:37,22147072
mn.device-53,2026-07-02 09:28:52,22147072
mn.device-53,2026-07-02 09:29:07,22147072
mn.device-53,2026-07-02 09:29:22,22147072
mn.device-53,2026-07-02 09:29:37,22151168
mn.device-53,2026-07-02 09:29:52,22151168
mn.device-53,2026-07-02 09:30:07,22151168
mn.device-53,2026-07-02 09:30:22,22151168
mn.device-53,2026-07-02 09:30:37,22151168
mn.device-53,2026-07-02 09:30:52,22151168
mn.device-53,2026-07-02 09:31:07,22155264
mn.device-53,2026-07-02 09:31:22,22159360
mn.device-53,2026-07-02 09:31:37,22159360
mn.device-53,2026-07-02 09:31:52,22159360
mn.device-53,2026-07-02 09:32:07,22159360
mn.device-53,2026-07-02 09:32:22,22151168
mn.device-53,2026-07-02 09:32:37,22151168
mn.device-53,2026-07-02 09:32:52,22147072
mn.device-53,2026-07-02 09:33:07,22147072
mn.device-53,2026-07-02 09:33:22,22142976
mn.device-53,2026-07-02 09:33:37,22142976
mn.device-53,2026-07-02 09:33:52,22134784
mn.device-53,2026-07-02 09:34:07,22134784
mn.device-88,2026-07-02 09:24:22,1605632
mn.device-88,2026-07-02 09:24:37,1605632
mn.device-88,2026-07-02 09:24:52,1605632
mn.device-88,2026-07-02 09:25:07,1605632
mn.device-88,2026-07-02 09:25:22,1605632
mn.device-88,2026-07-02 09:25:37,1605632
mn.device-88,2026-07-02 09:25:52,1605632
mn.device-88,2026-07-02 09:26:07,1605632
mn.device-88,2026-07-02 09:26:22,1605632
mn.device-88,2026-07-02 09:26:37,1605632
mn.device-88,2026-07-02 09:26:52,21770240
mn.device-88,2026-07-02 09:27:07,22208512
mn.device-88,2026-07-02 09:27:22,22134784
mn.device-88,2026-07-02 09:27:37,22134784
mn.device-88,2026-07-02 09:27:52,22134784
mn.device-88,2026-07-02 09:28:07,22138880
mn.device-88,2026-07-02 09:28:22,22138880
mn.device-88,2026-07-02 09:28:37,22142976
mn.device-88,2026-07-02 09:28:52,22941696
mn.device-88,2026-07-02 09:29:07,22163456
mn.device-88,2026-07-02 09:29:22,22163456
mn.device-88,2026-07-02 09:29:37,22163456
mn.device-88,2026-07-02 09:29:52,22163456
mn.device-88,2026-07-02 09:30:07,22163456
mn.device-88,2026-07-02 09:30:22,22167552
mn.device-88,2026-07-02 09:30:37,22167552
mn.device-88,2026-07-02 09:30:52,22167552
mn.device-88,2026-07-02 09:31:07,22167552
mn.device-88,2026-07-02 09:31:22,22167552
mn.device-88,2026-07-02 09:31:37,22167552
mn.device-88,2026-07-02 09:31:52,22167552
mn.device-88,2026-07-02 09:32:07,22171648
mn.device-88,2026-07-02 09:32:22,22163456
mn.device-88,2026-07-02 09:32:37,22163456
mn.device-88,2026-07-02 09:32:52,22151168
mn.device-88,2026-07-02 09:33:07,22151168
mn.device-88,2026-07-02 09:33:22,22147072
mn.device-88,2026-07-02 09:33:37,22151168
mn.device-88,2026-07-02 09:33:52,22147072
mn.device-88,2026-07-02 09:34:07,22147072
mn.device-59,2026-07-02 09:24:22,1593344
mn.device-59,2026-07-02 09:24:37,1593344
mn.device-59,2026-07-02 09:24:52,1593344
mn.device-59,2026-07-02 09:25:07,1593344
mn.device-59,2026-07-02 09:25:22,1593344
mn.device-59,2026-07-02 09:25:37,1593344
mn.device-59,2026-07-02 09:25:52,1593344
mn.device-59,2026-07-02 09:26:07,1593344
mn.device-59,2026-07-02 09:26:22,22282240
mn.device-59,2026-07-02 09:26:37,22200320
mn.device-59,2026-07-02 09:26:52,22200320
mn.device-59,2026-07-02 09:27:07,22134784
mn.device-59,2026-07-02 09:27:22,22138880
mn.device-59,2026-07-02 09:27:37,22138880
mn.device-59,2026-07-02 09:27:52,22142976
mn.device-59,2026-07-02 09:28:07,22241280
mn.device-59,2026-07-02 09:28:22,22241280
mn.device-59,2026-07-02 09:28:37,22241280
mn.device-59,2026-07-02 09:28:52,22241280
mn.device-59,2026-07-02 09:29:07,22241280
mn.device-59,2026-07-02 09:29:22,22241280
mn.device-59,2026-07-02 09:29:37,23027712
mn.device-59,2026-07-02 09:29:52,22245376
mn.device-59,2026-07-02 09:30:07,22503424
mn.device-59,2026-07-02 09:30:22,22245376
mn.device-59,2026-07-02 09:30:37,22245376
mn.device-59,2026-07-02 09:30:52,22245376
mn.device-59,2026-07-02 09:31:07,22245376
mn.device-59,2026-07-02 09:31:22,22249472
mn.device-59,2026-07-02 09:31:37,22249472
mn.device-59,2026-07-02 09:31:52,22249472
mn.device-59,2026-07-02 09:32:07,22249472
mn.device-59,2026-07-02 09:32:22,22241280
mn.device-59,2026-07-02 09:32:37,22757376
mn.device-59,2026-07-02 09:32:52,22237184
mn.device-59,2026-07-02 09:33:07,22237184
mn.device-59,2026-07-02 09:33:22,22233088
mn.device-59,2026-07-02 09:33:37,22233088
mn.device-59,2026-07-02 09:33:52,22224896
mn.device-59,2026-07-02 09:34:07,22224896
mn.device-5,2026-07-02 09:24:22,1597440
mn.device-5,2026-07-02 09:24:37,1597440
mn.device-5,2026-07-02 09:24:52,1597440
mn.device-5,2026-07-02 09:25:07,1597440
mn.device-5,2026-07-02 09:25:22,1597440
mn.device-5,2026-07-02 09:25:37,22020096
mn.device-5,2026-07-02 09:25:52,22450176
mn.device-5,2026-07-02 09:26:07,22183936
mn.device-5,2026-07-02 09:26:22,22183936
mn.device-5,2026-07-02 09:26:37,22183936
mn.device-5,2026-07-02 09:26:52,22183936
mn.device-5,2026-07-02 09:27:07,22122496
mn.device-5,2026-07-02 09:27:22,22142976
mn.device-5,2026-07-02 09:27:37,22142976
mn.device-5,2026-07-02 09:27:52,22142976
mn.device-5,2026-07-02 09:28:07,22142976
mn.device-5,2026-07-02 09:28:22,22142976
mn.device-5,2026-07-02 09:28:37,22142976
mn.device-5,2026-07-02 09:28:52,22147072
mn.device-5,2026-07-02 09:29:07,22147072
mn.device-5,2026-07-02 09:29:22,22147072
mn.device-5,2026-07-02 09:29:37,22147072
mn.device-5,2026-07-02 09:29:52,22147072
mn.device-5,2026-07-02 09:30:07,22147072
mn.device-5,2026-07-02 09:30:22,22147072
mn.device-5,2026-07-02 09:30:37,22151168
mn.device-5,2026-07-02 09:30:52,22155264
mn.device-5,2026-07-02 09:31:07,22155264
mn.device-5,2026-07-02 09:31:22,22155264
mn.device-5,2026-07-02 09:31:37,22155264
mn.device-5,2026-07-02 09:31:52,22155264
mn.device-5,2026-07-02 09:32:07,22163456
mn.device-5,2026-07-02 09:32:22,22155264
mn.device-5,2026-07-02 09:32:37,22155264
mn.device-5,2026-07-02 09:32:52,22142976
mn.device-5,2026-07-02 09:33:07,22142976
mn.device-5,2026-07-02 09:33:22,22396928
mn.device-5,2026-07-02 09:33:37,22138880
mn.device-5,2026-07-02 09:33:52,22134784
mn.device-5,2026-07-02 09:34:07,22134784
mn.device-38,2026-07-02 09:24:22,1605632
mn.device-38,2026-07-02 09:24:37,1605632
mn.device-38,2026-07-02 09:24:52,1605632
mn.device-38,2026-07-02 09:25:07,1605632
mn.device-38,2026-07-02 09:25:22,1605632
mn.device-38,2026-07-02 09:25:37,1605632
mn.device-38,2026-07-02 09:25:52,1605632
mn.device-38,2026-07-02 09:26:07,22343680
mn.device-38,2026-07-02 09:26:22,22257664
mn.device-38,2026-07-02 09:26:37,22257664
mn.device-38,2026-07-02 09:26:52,22257664
mn.device-38,2026-07-02 09:27:07,22200320
mn.device-38,2026-07-02 09:27:22,22204416
mn.device-38,2026-07-02 09:27:37,22208512
mn.device-38,2026-07-02 09:27:52,22876160
mn.device-38,2026-07-02 09:28:07,22355968
mn.device-38,2026-07-02 09:28:22,22876160
mn.device-38,2026-07-02 09:28:37,22355968
mn.device-38,2026-07-02 09:28:52,23134208
mn.device-38,2026-07-02 09:29:07,22355968
mn.device-38,2026-07-02 09:29:22,22364160
mn.device-38,2026-07-02 09:29:37,22364160
mn.device-38,2026-07-02 09:29:52,22614016
mn.device-38,2026-07-02 09:30:07,22364160
mn.device-38,2026-07-02 09:30:22,22364160
mn.device-38,2026-07-02 09:30:37,22364160
mn.device-38,2026-07-02 09:30:52,22888448
mn.device-38,2026-07-02 09:31:07,22368256
mn.device-38,2026-07-02 09:31:22,22626304
mn.device-38,2026-07-02 09:31:37,22368256
mn.device-38,2026-07-02 09:31:52,23146496
mn.device-38,2026-07-02 09:32:07,22368256
mn.device-38,2026-07-02 09:32:22,22360064
mn.device-38,2026-07-02 09:32:37,22368256
mn.device-38,2026-07-02 09:32:52,22355968
mn.device-38,2026-07-02 09:33:07,22355968
mn.device-38,2026-07-02 09:33:22,22601728
mn.device-38,2026-07-02 09:33:37,22343680
mn.device-38,2026-07-02 09:33:52,23117824
mn.device-38,2026-07-02 09:34:07,22343680
mn.device-89,2026-07-02 09:24:22,1609728
mn.device-89,2026-07-02 09:24:37,1609728
mn.device-89,2026-07-02 09:24:52,1609728
mn.device-89,2026-07-02 09:25:07,1609728
mn.device-89,2026-07-02 09:25:22,1609728
mn.device-89,2026-07-02 09:25:37,1609728
mn.device-89,2026-07-02 09:25:52,1609728
mn.device-89,2026-07-02 09:26:07,1609728
mn.device-89,2026-07-02 09:26:22,1609728
mn.device-89,2026-07-02 09:26:37,1609728
mn.device-89,2026-07-02 09:26:52,19800064
mn.device-89,2026-07-02 09:27:07,22220800
mn.device-89,2026-07-02 09:27:22,22142976
mn.device-89,2026-07-02 09:27:37,22142976
mn.device-89,2026-07-02 09:27:52,22142976
mn.device-89,2026-07-02 09:28:07,22147072
mn.device-89,2026-07-02 09:28:22,22142976
mn.device-89,2026-07-02 09:28:37,22147072
mn.device-89,2026-07-02 09:28:52,22204416
mn.device-89,2026-07-02 09:29:07,22204416
mn.device-89,2026-07-02 09:29:22,22204416
mn.device-89,2026-07-02 09:29:37,22204416
mn.device-89,2026-07-02 09:29:52,22204416
mn.device-89,2026-07-02 09:30:07,22204416
mn.device-89,2026-07-02 09:30:22,22212608
mn.device-89,2026-07-02 09:30:37,22212608
mn.device-89,2026-07-02 09:30:52,22212608
mn.device-89,2026-07-02 09:31:07,22212608
mn.device-89,2026-07-02 09:31:22,22212608
mn.device-89,2026-07-02 09:31:37,22212608
mn.device-89,2026-07-02 09:31:52,22212608
mn.device-89,2026-07-02 09:32:07,22216704
mn.device-89,2026-07-02 09:32:22,22212608
mn.device-89,2026-07-02 09:32:37,22212608
mn.device-89,2026-07-02 09:32:52,22196224
mn.device-89,2026-07-02 09:33:07,22196224
mn.device-89,2026-07-02 09:33:22,22192128
mn.device-89,2026-07-02 09:33:37,22200320
mn.device-89,2026-07-02 09:33:52,22192128
mn.device-89,2026-07-02 09:34:07,22192128
mn.device-75,2026-07-02 09:24:22,1589248
mn.device-75,2026-07-02 09:24:37,1589248
mn.device-75,2026-07-02 09:24:52,1589248
mn.device-75,2026-07-02 09:25:07,1589248
mn.device-75,2026-07-02 09:25:22,1589248
mn.device-75,2026-07-02 09:25:37,1589248
mn.device-75,2026-07-02 09:25:52,1589248
mn.device-75,2026-07-02 09:26:07,1589248
mn.device-75,2026-07-02 09:26:22,1589248
mn.device-75,2026-07-02 09:26:37,21774336
mn.device-75,2026-07-02 09:26:52,22286336
mn.device-75,2026-07-02 09:27:07,22142976
mn.device-75,2026-07-02 09:27:22,22142976
mn.device-75,2026-07-02 09:27:37,22142976
mn.device-75,2026-07-02 09:27:52,22147072
mn.device-75,2026-07-02 09:28:07,22151168
mn.device-75,2026-07-02 09:28:22,22171648
mn.device-75,2026-07-02 09:28:37,22171648
mn.device-75,2026-07-02 09:28:52,22171648
mn.device-75,2026-07-02 09:29:07,22171648
mn.device-75,2026-07-02 09:29:22,22433792
mn.device-75,2026-07-02 09:29:37,22171648
mn.device-75,2026-07-02 09:29:52,22171648
mn.device-75,2026-07-02 09:30:07,22175744
mn.device-75,2026-07-02 09:30:22,22175744
mn.device-75,2026-07-02 09:30:37,22175744
mn.device-75,2026-07-02 09:30:52,22691840
mn.device-75,2026-07-02 09:31:07,22175744
mn.device-75,2026-07-02 09:31:22,22175744
mn.device-75,2026-07-02 09:31:37,22179840
mn.device-75,2026-07-02 09:31:52,22183936
mn.device-75,2026-07-02 09:32:07,22183936
mn.device-75,2026-07-02 09:32:22,22175744
mn.device-75,2026-07-02 09:32:37,22175744
mn.device-75,2026-07-02 09:32:52,22163456
mn.device-75,2026-07-02 09:33:07,22163456
mn.device-75,2026-07-02 09:33:22,22167552
mn.device-75,2026-07-02 09:33:37,22167552
mn.device-75,2026-07-02 09:33:52,22159360
mn.device-75,2026-07-02 09:34:07,22159360
mn.device-9,2026-07-02 09:24:22,1609728
mn.device-9,2026-07-02 09:24:37,1609728
mn.device-9,2026-07-02 09:24:52,1609728
mn.device-9,2026-07-02 09:25:07,1609728
mn.device-9,2026-07-02 09:25:22,1609728
mn.device-9,2026-07-02 09:25:37,1609728
mn.device-9,2026-07-02 09:25:52,22196224
mn.device-9,2026-07-02 09:26:07,22196224
mn.device-9,2026-07-02 09:26:22,22196224
mn.device-9,2026-07-02 09:26:37,22196224
mn.device-9,2026-07-02 09:26:52,22196224
mn.device-9,2026-07-02 09:27:07,22134784
mn.device-9,2026-07-02 09:27:22,22155264
mn.device-9,2026-07-02 09:27:37,22155264
mn.device-9,2026-07-02 09:27:52,22675456
mn.device-9,2026-07-02 09:28:07,22155264
mn.device-9,2026-07-02 09:28:22,22155264
mn.device-9,2026-07-02 09:28:37,22155264
mn.device-9,2026-07-02 09:28:52,22159360
mn.device-9,2026-07-02 09:29:07,22159360
mn.device-9,2026-07-02 09:29:22,22159360
mn.device-9,2026-07-02 09:29:37,22159360
mn.device-9,2026-07-02 09:29:52,22159360
mn.device-9,2026-07-02 09:30:07,22159360
mn.device-9,2026-07-02 09:30:22,22421504
mn.device-9,2026-07-02 09:30:37,22163456
mn.device-9,2026-07-02 09:30:52,22163456
mn.device-9,2026-07-02 09:31:07,22163456
mn.device-9,2026-07-02 09:31:22,22163456
mn.device-9,2026-07-02 09:31:37,22163456
mn.device-9,2026-07-02 09:31:52,22163456
mn.device-9,2026-07-02 09:32:07,22171648
mn.device-9,2026-07-02 09:32:22,22163456
mn.device-9,2026-07-02 09:32:37,22163456
mn.device-9,2026-07-02 09:32:52,22151168
mn.device-9,2026-07-02 09:33:07,22151168
mn.device-9,2026-07-02 09:33:22,22413312
mn.device-9,2026-07-02 09:33:37,22147072
mn.device-9,2026-07-02 09:33:52,22142976
mn.device-9,2026-07-02 09:34:07,22142976
mn.device-37,2026-07-02 09:24:22,1597440
mn.device-37,2026-07-02 09:24:37,1597440
mn.device-37,2026-07-02 09:24:52,1597440
mn.device-37,2026-07-02 09:25:07,1597440
mn.device-37,2026-07-02 09:25:22,1597440
mn.device-37,2026-07-02 09:25:37,1597440
mn.device-37,2026-07-02 09:25:52,1597440
mn.device-37,2026-07-02 09:26:07,22269952
mn.device-37,2026-07-02 09:26:22,22216704
mn.device-37,2026-07-02 09:26:37,22216704
mn.device-37,2026-07-02 09:26:52,22216704
mn.device-37,2026-07-02 09:27:07,22155264
mn.device-37,2026-07-02 09:27:22,22155264
mn.device-37,2026-07-02 09:27:37,22155264
mn.device-37,2026-07-02 09:27:52,22155264
mn.device-37,2026-07-02 09:28:07,22155264
mn.device-37,2026-07-02 09:28:22,22179840
mn.device-37,2026-07-02 09:28:37,22179840
mn.device-37,2026-07-02 09:28:52,22179840
mn.device-37,2026-07-02 09:29:07,22179840
mn.device-37,2026-07-02 09:29:22,22179840
mn.device-37,2026-07-02 09:29:37,22179840
mn.device-37,2026-07-02 09:29:52,22179840
mn.device-37,2026-07-02 09:30:07,22179840
mn.device-37,2026-07-02 09:30:22,22188032
mn.device-37,2026-07-02 09:30:37,22188032
mn.device-37,2026-07-02 09:30:52,22188032
mn.device-37,2026-07-02 09:31:07,22188032
mn.device-37,2026-07-02 09:31:22,22188032
mn.device-37,2026-07-02 09:31:37,22188032
mn.device-37,2026-07-02 09:31:52,22188032
mn.device-37,2026-07-02 09:32:07,22188032
mn.device-37,2026-07-02 09:32:22,22179840
mn.device-37,2026-07-02 09:32:37,22183936
mn.device-37,2026-07-02 09:32:52,22167552
mn.device-37,2026-07-02 09:33:07,22167552
mn.device-37,2026-07-02 09:33:22,22163456
mn.device-37,2026-07-02 09:33:37,22163456
mn.device-37,2026-07-02 09:33:52,22155264
mn.device-37,2026-07-02 09:34:07,22155264
mn.device-97,2026-07-02 09:24:22,1597440
mn.device-97,2026-07-02 09:24:37,1597440
mn.device-97,2026-07-02 09:24:52,1597440
mn.device-97,2026-07-02 09:25:07,1597440
mn.device-97,2026-07-02 09:25:22,1597440
mn.device-97,2026-07-02 09:25:37,1597440
mn.device-97,2026-07-02 09:25:52,1597440
mn.device-97,2026-07-02 09:26:07,1597440
mn.device-97,2026-07-02 09:26:22,1597440
mn.device-97,2026-07-02 09:26:37,1597440
mn.device-97,2026-07-02 09:26:52,1597440
mn.device-97,2026-07-02 09:27:07,21819392
mn.device-97,2026-07-02 09:27:22,22286336
mn.device-97,2026-07-02 09:27:37,22974464
mn.device-97,2026-07-02 09:27:52,22200320
mn.device-97,2026-07-02 09:28:07,22200320
mn.device-97,2026-07-02 09:28:22,22200320
mn.device-97,2026-07-02 09:28:37,22204416
mn.device-97,2026-07-02 09:28:52,22204416
mn.device-97,2026-07-02 09:29:07,22491136
mn.device-97,2026-07-02 09:29:22,22228992
mn.device-97,2026-07-02 09:29:37,22745088
mn.device-97,2026-07-02 09:29:52,22228992
mn.device-97,2026-07-02 09:30:07,22228992
mn.device-97,2026-07-02 09:30:22,22228992
mn.device-97,2026-07-02 09:30:37,22237184
mn.device-97,2026-07-02 09:30:52,22237184
mn.device-97,2026-07-02 09:31:07,22237184
mn.device-97,2026-07-02 09:31:22,22237184
mn.device-97,2026-07-02 09:31:37,22237184
mn.device-97,2026-07-02 09:31:52,22237184
mn.device-97,2026-07-02 09:32:07,22220800
mn.device-97,2026-07-02 09:32:22,22216704
mn.device-97,2026-07-02 09:32:37,22212608
mn.device-97,2026-07-02 09:32:52,22470656
mn.device-97,2026-07-02 09:33:07,22208512
mn.device-97,2026-07-02 09:33:22,22200320
mn.device-97,2026-07-02 09:33:37,22196224
mn.device-97,2026-07-02 09:33:52,22126592
mn.device-97,2026-07-02 09:34:07,22126592
mn.device-20,2026-07-02 09:24:22,1609728
mn.device-20,2026-07-02 09:24:37,1609728
mn.device-20,2026-07-02 09:24:52,1609728
mn.device-20,2026-07-02 09:25:07,1609728
mn.device-20,2026-07-02 09:25:22,1609728
mn.device-20,2026-07-02 09:25:37,1609728
mn.device-20,2026-07-02 09:25:52,22200320
mn.device-20,2026-07-02 09:26:07,22200320
mn.device-20,2026-07-02 09:26:22,22200320
mn.device-20,2026-07-02 09:26:37,22204416
mn.device-20,2026-07-02 09:26:52,22204416
mn.device-20,2026-07-02 09:27:07,22142976
mn.device-20,2026-07-02 09:27:22,22147072
mn.device-20,2026-07-02 09:27:37,22167552
mn.device-20,2026-07-02 09:27:52,22167552
mn.device-20,2026-07-02 09:28:07,22167552
mn.device-20,2026-07-02 09:28:22,22167552
mn.device-20,2026-07-02 09:28:37,22167552
mn.device-20,2026-07-02 09:28:52,22167552
mn.device-20,2026-07-02 09:29:07,22171648
mn.device-20,2026-07-02 09:29:22,22171648
mn.device-20,2026-07-02 09:29:37,22171648
mn.device-20,2026-07-02 09:29:52,22171648
mn.device-20,2026-07-02 09:30:07,22171648
mn.device-20,2026-07-02 09:30:22,22171648
mn.device-20,2026-07-02 09:30:37,22175744
mn.device-20,2026-07-02 09:30:52,22175744
mn.device-20,2026-07-02 09:31:07,22179840
mn.device-20,2026-07-02 09:31:22,22179840
mn.device-20,2026-07-02 09:31:37,22179840
mn.device-20,2026-07-02 09:31:52,22179840
mn.device-20,2026-07-02 09:32:07,22179840
mn.device-20,2026-07-02 09:32:22,22179840
mn.device-20,2026-07-02 09:32:37,22179840
mn.device-20,2026-07-02 09:32:52,22167552
mn.device-20,2026-07-02 09:33:07,22167552
mn.device-20,2026-07-02 09:33:22,22163456
mn.device-20,2026-07-02 09:33:37,22159360
mn.device-20,2026-07-02 09:33:52,22159360
mn.device-20,2026-07-02 09:34:07,22159360
mn.device-52,2026-07-02 09:24:22,1593344
mn.device-52,2026-07-02 09:24:37,1593344
mn.device-52,2026-07-02 09:24:52,1593344
mn.device-52,2026-07-02 09:25:07,1593344
mn.device-52,2026-07-02 09:25:22,1593344
mn.device-52,2026-07-02 09:25:37,1593344
mn.device-52,2026-07-02 09:25:52,1593344
mn.device-52,2026-07-02 09:26:07,1593344
mn.device-52,2026-07-02 09:26:22,22188032
mn.device-52,2026-07-02 09:26:37,22188032
mn.device-52,2026-07-02 09:26:52,22188032
mn.device-52,2026-07-02 09:27:07,22126592
mn.device-52,2026-07-02 09:27:22,22130688
mn.device-52,2026-07-02 09:27:37,22130688
mn.device-52,2026-07-02 09:27:52,22155264
mn.device-52,2026-07-02 09:28:07,22155264
mn.device-52,2026-07-02 09:28:22,22155264
mn.device-52,2026-07-02 09:28:37,22155264
mn.device-52,2026-07-02 09:28:52,22155264
mn.device-52,2026-07-02 09:29:07,22155264
mn.device-52,2026-07-02 09:29:22,22155264
mn.device-52,2026-07-02 09:29:37,22159360
mn.device-52,2026-07-02 09:29:52,22159360
mn.device-52,2026-07-02 09:30:07,22159360
mn.device-52,2026-07-02 09:30:22,22159360
mn.device-52,2026-07-02 09:30:37,22159360
mn.device-52,2026-07-02 09:30:52,22159360
mn.device-52,2026-07-02 09:31:07,22163456
mn.device-52,2026-07-02 09:31:22,22163456
mn.device-52,2026-07-02 09:31:37,22163456
mn.device-52,2026-07-02 09:31:52,22163456
mn.device-52,2026-07-02 09:32:07,22163456
mn.device-52,2026-07-02 09:32:22,22155264
mn.device-52,2026-07-02 09:32:37,22155264
mn.device-52,2026-07-02 09:32:52,22151168
mn.device-52,2026-07-02 09:33:07,22413312
mn.device-52,2026-07-02 09:33:22,22147072
mn.device-52,2026-07-02 09:33:37,22253568
mn.device-52,2026-07-02 09:33:52,22245376
mn.device-52,2026-07-02 09:34:07,22245376
mn.device-29,2026-07-02 09:24:22,1597440
mn.device-29,2026-07-02 09:24:37,1597440
mn.device-29,2026-07-02 09:24:52,1597440
mn.device-29,2026-07-02 09:25:07,1597440
mn.device-29,2026-07-02 09:25:22,1597440
mn.device-29,2026-07-02 09:25:37,1597440
mn.device-29,2026-07-02 09:25:52,1597440
mn.device-29,2026-07-02 09:26:07,22228992
mn.device-29,2026-07-02 09:26:22,22228992
mn.device-29,2026-07-02 09:26:37,22745088
mn.device-29,2026-07-02 09:26:52,22233088
mn.device-29,2026-07-02 09:27:07,22167552
mn.device-29,2026-07-02 09:27:22,22171648
mn.device-29,2026-07-02 09:27:37,22196224
mn.device-29,2026-07-02 09:27:52,22196224
mn.device-29,2026-07-02 09:28:07,22196224
mn.device-29,2026-07-02 09:28:22,22196224
mn.device-29,2026-07-02 09:28:37,22196224
mn.device-29,2026-07-02 09:28:52,22196224
mn.device-29,2026-07-02 09:29:07,22200320
mn.device-29,2026-07-02 09:29:22,22200320
mn.device-29,2026-07-02 09:29:37,22200320
mn.device-29,2026-07-02 09:29:52,22200320
mn.device-29,2026-07-02 09:30:07,22200320
mn.device-29,2026-07-02 09:30:22,22200320
mn.device-29,2026-07-02 09:30:37,22200320
mn.device-29,2026-07-02 09:30:52,22204416
mn.device-29,2026-07-02 09:31:07,22204416
mn.device-29,2026-07-02 09:31:22,22204416
mn.device-29,2026-07-02 09:31:37,22204416
mn.device-29,2026-07-02 09:31:52,22204416
mn.device-29,2026-07-02 09:32:07,22204416
mn.device-29,2026-07-02 09:32:22,22204416
mn.device-29,2026-07-02 09:32:37,22204416
mn.device-29,2026-07-02 09:32:52,22192128
mn.device-29,2026-07-02 09:33:07,22192128
mn.device-29,2026-07-02 09:33:22,22188032
mn.device-29,2026-07-02 09:33:37,22446080
mn.device-29,2026-07-02 09:33:52,22175744
mn.device-29,2026-07-02 09:34:07,22183936
mn.device-51,2026-07-02 09:24:22,1609728
mn.device-51,2026-07-02 09:24:37,1609728
mn.device-51,2026-07-02 09:24:52,1609728
mn.device-51,2026-07-02 09:25:07,1609728
mn.device-51,2026-07-02 09:25:22,1609728
mn.device-51,2026-07-02 09:25:37,1609728
mn.device-51,2026-07-02 09:25:52,1609728
mn.device-51,2026-07-02 09:26:07,1609728
mn.device-51,2026-07-02 09:26:22,22188032
mn.device-51,2026-07-02 09:26:37,22188032
mn.device-51,2026-07-02 09:26:52,22188032
mn.device-51,2026-07-02 09:27:07,22126592
mn.device-51,2026-07-02 09:27:22,22130688
mn.device-51,2026-07-02 09:27:37,22130688
mn.device-51,2026-07-02 09:27:52,22282240
mn.device-51,2026-07-02 09:28:07,22282240
mn.device-51,2026-07-02 09:28:22,22282240
mn.device-51,2026-07-02 09:28:37,22282240
mn.device-51,2026-07-02 09:28:52,22282240
mn.device-51,2026-07-02 09:29:07,22540288
mn.device-51,2026-07-02 09:29:22,22282240
mn.device-51,2026-07-02 09:29:37,22286336
mn.device-51,2026-07-02 09:29:52,22286336
mn.device-51,2026-07-02 09:30:07,22286336
mn.device-51,2026-07-02 09:30:22,22286336
mn.device-51,2026-07-02 09:30:37,22286336
mn.device-51,2026-07-02 09:30:52,22286336
mn.device-51,2026-07-02 09:31:07,22290432
mn.device-51,2026-07-02 09:31:22,22294528
mn.device-51,2026-07-02 09:31:37,22294528
mn.device-51,2026-07-02 09:31:52,22294528
mn.device-51,2026-07-02 09:32:07,22294528
mn.device-51,2026-07-02 09:32:22,22286336
mn.device-51,2026-07-02 09:32:37,22286336
mn.device-51,2026-07-02 09:32:52,22282240
mn.device-51,2026-07-02 09:33:07,22282240
mn.device-51,2026-07-02 09:33:22,22278144
mn.device-51,2026-07-02 09:33:37,22278144
mn.device-51,2026-07-02 09:33:52,22269952
mn.device-51,2026-07-02 09:34:07,22269952
mn.device-54,2026-07-02 09:24:22,1613824
mn.device-54,2026-07-02 09:24:37,1613824
mn.device-54,2026-07-02 09:24:52,1613824
mn.device-54,2026-07-02 09:25:07,1613824
mn.device-54,2026-07-02 09:25:22,1613824
mn.device-54,2026-07-02 09:25:37,1613824
mn.device-54,2026-07-02 09:25:52,1613824
mn.device-54,2026-07-02 09:26:07,1613824
mn.device-54,2026-07-02 09:26:22,22196224
mn.device-54,2026-07-02 09:26:37,22196224
mn.device-54,2026-07-02 09:26:52,22196224
mn.device-54,2026-07-02 09:27:07,22134784
mn.device-54,2026-07-02 09:27:22,22401024
mn.device-54,2026-07-02 09:27:37,22138880
mn.device-54,2026-07-02 09:27:52,22163456
mn.device-54,2026-07-02 09:28:07,22163456
mn.device-54,2026-07-02 09:28:22,22425600
mn.device-54,2026-07-02 09:28:37,22163456
mn.device-54,2026-07-02 09:28:52,22163456
mn.device-54,2026-07-02 09:29:07,22163456
mn.device-54,2026-07-02 09:29:22,22163456
mn.device-54,2026-07-02 09:29:37,22167552
mn.device-54,2026-07-02 09:29:52,22425600
mn.device-54,2026-07-02 09:30:07,22167552
mn.device-54,2026-07-02 09:30:22,22167552
mn.device-54,2026-07-02 09:30:37,22167552
mn.device-54,2026-07-02 09:30:52,22429696
mn.device-54,2026-07-02 09:31:07,22171648
mn.device-54,2026-07-02 09:31:22,22175744
mn.device-54,2026-07-02 09:31:37,22175744
mn.device-54,2026-07-02 09:31:52,22175744
mn.device-54,2026-07-02 09:32:07,22175744
mn.device-54,2026-07-02 09:32:22,22167552
mn.device-54,2026-07-02 09:32:37,22167552
mn.device-54,2026-07-02 09:32:52,22163456
mn.device-54,2026-07-02 09:33:07,22163456
mn.device-54,2026-07-02 09:33:22,22159360
mn.device-54,2026-07-02 09:33:37,22155264
mn.device-54,2026-07-02 09:33:52,22159360
mn.device-54,2026-07-02 09:34:07,22151168
mn.device-40,2026-07-02 09:24:22,1597440
mn.device-40,2026-07-02 09:24:37,1597440
mn.device-40,2026-07-02 09:24:52,1597440
mn.device-40,2026-07-02 09:25:07,1597440
mn.device-40,2026-07-02 09:25:22,1597440
mn.device-40,2026-07-02 09:25:37,1597440
mn.device-40,2026-07-02 09:25:52,1597440
mn.device-40,2026-07-02 09:26:07,22519808
mn.device-40,2026-07-02 09:26:22,22175744
mn.device-40,2026-07-02 09:26:37,22175744
mn.device-40,2026-07-02 09:26:52,22691840
mn.device-40,2026-07-02 09:27:07,22118400
mn.device-40,2026-07-02 09:27:22,22118400
mn.device-40,2026-07-02 09:27:37,22122496
mn.device-40,2026-07-02 09:27:52,22142976
mn.device-40,2026-07-02 09:28:07,22405120
mn.device-40,2026-07-02 09:28:22,22142976
mn.device-40,2026-07-02 09:28:37,22142976
mn.device-40,2026-07-02 09:28:52,22142976
mn.device-40,2026-07-02 09:29:07,22142976
mn.device-40,2026-07-02 09:29:22,22147072
mn.device-40,2026-07-02 09:29:37,22147072
mn.device-40,2026-07-02 09:29:52,22147072
mn.device-40,2026-07-02 09:30:07,22147072
mn.device-40,2026-07-02 09:30:22,22147072
mn.device-40,2026-07-02 09:30:37,22405120
mn.device-40,2026-07-02 09:30:52,22147072
mn.device-40,2026-07-02 09:31:07,22155264
mn.device-40,2026-07-02 09:31:22,22155264
mn.device-40,2026-07-02 09:31:37,22155264
mn.device-40,2026-07-02 09:31:52,22155264
mn.device-40,2026-07-02 09:32:07,22155264
mn.device-40,2026-07-02 09:32:22,22147072
mn.device-40,2026-07-02 09:32:37,22155264
mn.device-40,2026-07-02 09:32:52,22147072
mn.device-40,2026-07-02 09:33:07,22147072
mn.device-40,2026-07-02 09:33:22,22142976
mn.device-40,2026-07-02 09:33:37,22142976
mn.device-40,2026-07-02 09:33:52,22134784
mn.device-40,2026-07-02 09:34:07,22134784
mn.device-80,2026-07-02 09:24:22,1597440
mn.device-80,2026-07-02 09:24:37,1597440
mn.device-80,2026-07-02 09:24:52,1597440
mn.device-80,2026-07-02 09:25:07,1597440
mn.device-80,2026-07-02 09:25:22,1597440
mn.device-80,2026-07-02 09:25:37,1597440
mn.device-80,2026-07-02 09:25:52,1597440
mn.device-80,2026-07-02 09:26:07,1597440
mn.device-80,2026-07-02 09:26:22,1597440
mn.device-80,2026-07-02 09:26:37,21774336
mn.device-80,2026-07-02 09:26:52,21774336
mn.device-80,2026-07-02 09:27:07,22200320
mn.device-80,2026-07-02 09:27:22,22200320
mn.device-80,2026-07-02 09:27:37,22200320
mn.device-80,2026-07-02 09:27:52,22200320
mn.device-80,2026-07-02 09:28:07,22204416
mn.device-80,2026-07-02 09:28:22,22204416
mn.device-80,2026-07-02 09:28:37,22224896
mn.device-80,2026-07-02 09:28:52,22224896
mn.device-80,2026-07-02 09:29:07,22224896
mn.device-80,2026-07-02 09:29:22,22224896
mn.device-80,2026-07-02 09:29:37,22224896
mn.device-80,2026-07-02 09:29:52,22224896
mn.device-80,2026-07-02 09:30:07,22237184
mn.device-80,2026-07-02 09:30:22,22237184
mn.device-80,2026-07-02 09:30:37,22237184
mn.device-80,2026-07-02 09:30:52,22237184
mn.device-80,2026-07-02 09:31:07,22757376
mn.device-80,2026-07-02 09:31:22,22237184
mn.device-80,2026-07-02 09:31:37,22237184
mn.device-80,2026-07-02 09:31:52,22237184
mn.device-80,2026-07-02 09:32:07,22237184
mn.device-80,2026-07-02 09:32:22,22228992
mn.device-80,2026-07-02 09:32:37,22233088
mn.device-80,2026-07-02 09:32:52,22216704
mn.device-80,2026-07-02 09:33:07,22216704
mn.device-80,2026-07-02 09:33:22,22224896
mn.device-80,2026-07-02 09:33:37,22216704
mn.device-80,2026-07-02 09:33:52,22212608
mn.device-80,2026-07-02 09:34:07,22212608
mn.device-46,2026-07-02 09:24:22,1605632
mn.device-46,2026-07-02 09:24:37,1605632
mn.device-46,2026-07-02 09:24:52,1605632
mn.device-46,2026-07-02 09:25:07,1605632
mn.device-46,2026-07-02 09:25:22,1605632
mn.device-46,2026-07-02 09:25:37,1605632
mn.device-46,2026-07-02 09:25:52,1605632
mn.device-46,2026-07-02 09:26:07,19132416
mn.device-46,2026-07-02 09:26:22,22192128
mn.device-46,2026-07-02 09:26:37,22192128
mn.device-46,2026-07-02 09:26:52,22192128
mn.device-46,2026-07-02 09:27:07,22130688
mn.device-46,2026-07-02 09:27:22,22384640
mn.device-46,2026-07-02 09:27:37,22134784
mn.device-46,2026-07-02 09:27:52,22155264
mn.device-46,2026-07-02 09:28:07,22155264
mn.device-46,2026-07-02 09:28:22,22155264
mn.device-46,2026-07-02 09:28:37,22155264
mn.device-46,2026-07-02 09:28:52,22155264
mn.device-46,2026-07-02 09:29:07,22155264
mn.device-46,2026-07-02 09:29:22,22159360
mn.device-46,2026-07-02 09:29:37,22159360
mn.device-46,2026-07-02 09:29:52,22159360
mn.device-46,2026-07-02 09:30:07,22159360
mn.device-46,2026-07-02 09:30:22,22159360
mn.device-46,2026-07-02 09:30:37,22159360
mn.device-46,2026-07-02 09:30:52,22159360
mn.device-46,2026-07-02 09:31:07,22163456
mn.device-46,2026-07-02 09:31:22,22945792
mn.device-46,2026-07-02 09:31:37,22163456
mn.device-46,2026-07-02 09:31:52,22417408
mn.device-46,2026-07-02 09:32:07,22167552
mn.device-46,2026-07-02 09:32:22,22159360
mn.device-46,2026-07-02 09:32:37,22167552
mn.device-46,2026-07-02 09:32:52,22159360
mn.device-46,2026-07-02 09:33:07,22155264
mn.device-46,2026-07-02 09:33:22,22151168
mn.device-46,2026-07-02 09:33:37,22151168
mn.device-46,2026-07-02 09:33:52,22142976
mn.device-46,2026-07-02 09:34:07,22142976
mn.device-72,2026-07-02 09:24:22,1613824
mn.device-72,2026-07-02 09:24:37,1613824
mn.device-72,2026-07-02 09:24:52,1613824
mn.device-72,2026-07-02 09:25:07,1613824
mn.device-72,2026-07-02 09:25:22,1613824
mn.device-72,2026-07-02 09:25:37,1613824
mn.device-72,2026-07-02 09:25:52,1613824
mn.device-72,2026-07-02 09:26:07,1613824
mn.device-72,2026-07-02 09:26:22,1613824
mn.device-72,2026-07-02 09:26:37,22331392
mn.device-72,2026-07-02 09:26:52,22245376
mn.device-72,2026-07-02 09:27:07,22183936
mn.device-72,2026-07-02 09:27:22,22188032
mn.device-72,2026-07-02 09:27:37,22192128
mn.device-72,2026-07-02 09:27:52,22192128
mn.device-72,2026-07-02 09:28:07,22196224
mn.device-72,2026-07-02 09:28:22,22245376
mn.device-72,2026-07-02 09:28:37,22245376
mn.device-72,2026-07-02 09:28:52,22757376
mn.device-72,2026-07-02 09:29:07,22245376
mn.device-72,2026-07-02 09:29:22,22765568
mn.device-72,2026-07-02 09:29:37,22245376
mn.device-72,2026-07-02 09:29:52,22253568
mn.device-72,2026-07-02 09:30:07,22253568
mn.device-72,2026-07-02 09:30:22,22253568
mn.device-72,2026-07-02 09:30:37,22253568
mn.device-72,2026-07-02 09:30:52,22777856
mn.device-72,2026-07-02 09:31:07,22253568
mn.device-72,2026-07-02 09:31:22,22253568
mn.device-72,2026-07-02 09:31:37,22253568
mn.device-72,2026-07-02 09:31:52,22257664
mn.device-72,2026-07-02 09:32:07,22257664
mn.device-72,2026-07-02 09:32:22,22249472
mn.device-72,2026-07-02 09:32:37,22249472
mn.device-72,2026-07-02 09:32:52,22499328
mn.device-72,2026-07-02 09:33:07,22245376
mn.device-72,2026-07-02 09:33:22,22241280
mn.device-72,2026-07-02 09:33:37,22601728
mn.device-72,2026-07-02 09:33:52,22597632
mn.device-72,2026-07-02 09:34:07,22597632
mn.device-7,2026-07-02 09:24:22,1597440
mn.device-7,2026-07-02 09:24:37,1597440
mn.device-7,2026-07-02 09:24:52,1597440
mn.device-7,2026-07-02 09:25:07,1597440
mn.device-7,2026-07-02 09:25:22,1597440
mn.device-7,2026-07-02 09:25:37,1597440
mn.device-7,2026-07-02 09:25:52,22306816
mn.device-7,2026-07-02 09:26:07,22306816
mn.device-7,2026-07-02 09:26:22,22306816
mn.device-7,2026-07-02 09:26:37,22306816
mn.device-7,2026-07-02 09:26:52,22306816
mn.device-7,2026-07-02 09:27:07,22245376
mn.device-7,2026-07-02 09:27:22,22265856
mn.device-7,2026-07-02 09:27:37,22265856
mn.device-7,2026-07-02 09:27:52,22528000
mn.device-7,2026-07-02 09:28:07,22265856
mn.device-7,2026-07-02 09:28:22,22265856
mn.device-7,2026-07-02 09:28:37,22265856
mn.device-7,2026-07-02 09:28:52,22274048
mn.device-7,2026-07-02 09:29:07,22274048
mn.device-7,2026-07-02 09:29:22,22274048
mn.device-7,2026-07-02 09:29:37,22274048
mn.device-7,2026-07-02 09:29:52,22274048
mn.device-7,2026-07-02 09:30:07,22274048
mn.device-7,2026-07-02 09:30:22,22274048
mn.device-7,2026-07-02 09:30:37,22278144
mn.device-7,2026-07-02 09:30:52,22798336
mn.device-7,2026-07-02 09:31:07,22282240
mn.device-7,2026-07-02 09:31:22,22282240
mn.device-7,2026-07-02 09:31:37,22282240
mn.device-7,2026-07-02 09:31:52,22282240
mn.device-7,2026-07-02 09:32:07,22290432
mn.device-7,2026-07-02 09:32:22,22282240
mn.device-7,2026-07-02 09:32:37,22282240
mn.device-7,2026-07-02 09:32:52,22269952
mn.device-7,2026-07-02 09:33:07,22269952
mn.device-7,2026-07-02 09:33:22,22523904
mn.device-7,2026-07-02 09:33:37,22261760
mn.device-7,2026-07-02 09:33:52,22257664
mn.device-7,2026-07-02 09:34:07,22257664
mn.device-14,2026-07-02 09:24:22,1617920
mn.device-14,2026-07-02 09:24:37,1617920
mn.device-14,2026-07-02 09:24:52,1617920
mn.device-14,2026-07-02 09:25:07,1617920
mn.device-14,2026-07-02 09:25:22,1617920
mn.device-14,2026-07-02 09:25:37,1617920
mn.device-14,2026-07-02 09:25:52,22200320
mn.device-14,2026-07-02 09:26:07,22200320
mn.device-14,2026-07-02 09:26:22,22200320
mn.device-14,2026-07-02 09:26:37,22204416
mn.device-14,2026-07-02 09:26:52,22204416
mn.device-14,2026-07-02 09:27:07,22142976
mn.device-14,2026-07-02 09:27:22,22167552
mn.device-14,2026-07-02 09:27:37,22167552
mn.device-14,2026-07-02 09:27:52,22167552
mn.device-14,2026-07-02 09:28:07,22167552
mn.device-14,2026-07-02 09:28:22,22167552
mn.device-14,2026-07-02 09:28:37,22167552
mn.device-14,2026-07-02 09:28:52,22167552
mn.device-14,2026-07-02 09:29:07,22171648
mn.device-14,2026-07-02 09:29:22,22171648
mn.device-14,2026-07-02 09:29:37,22171648
mn.device-14,2026-07-02 09:29:52,22171648
mn.device-14,2026-07-02 09:30:07,22171648
mn.device-14,2026-07-02 09:30:22,22171648
mn.device-14,2026-07-02 09:30:37,22175744
mn.device-14,2026-07-02 09:30:52,22175744
mn.device-14,2026-07-02 09:31:07,22175744
mn.device-14,2026-07-02 09:31:22,22179840
mn.device-14,2026-07-02 09:31:37,22179840
mn.device-14,2026-07-02 09:31:52,22179840
mn.device-14,2026-07-02 09:32:07,22179840
mn.device-14,2026-07-02 09:32:22,22179840
mn.device-14,2026-07-02 09:32:37,22179840
mn.device-14,2026-07-02 09:32:52,22167552
mn.device-14,2026-07-02 09:33:07,22167552
mn.device-14,2026-07-02 09:33:22,22163456
mn.device-14,2026-07-02 09:33:37,22159360
mn.device-14,2026-07-02 09:33:52,22159360
mn.device-14,2026-07-02 09:34:07,22159360
mn.device-81,2026-07-02 09:24:22,1605632
mn.device-81,2026-07-02 09:24:37,1605632
mn.device-81,2026-07-02 09:24:52,1605632
mn.device-81,2026-07-02 09:25:07,1605632
mn.device-81,2026-07-02 09:25:22,1605632
mn.device-81,2026-07-02 09:25:37,1605632
mn.device-81,2026-07-02 09:25:52,1605632
mn.device-81,2026-07-02 09:26:07,1605632
mn.device-81,2026-07-02 09:26:22,1605632
mn.device-81,2026-07-02 09:26:37,21659648
mn.device-81,2026-07-02 09:26:52,21397504
mn.device-81,2026-07-02 09:27:07,21753856
mn.device-81,2026-07-02 09:27:22,21757952
mn.device-81,2026-07-02 09:27:37,21757952
mn.device-81,2026-07-02 09:27:52,21757952
mn.device-81,2026-07-02 09:28:07,21762048
mn.device-81,2026-07-02 09:28:22,21766144
mn.device-81,2026-07-02 09:28:37,21786624
mn.device-81,2026-07-02 09:28:52,21786624
mn.device-81,2026-07-02 09:29:07,21786624
mn.device-81,2026-07-02 09:29:22,21786624
mn.device-81,2026-07-02 09:29:37,21786624
mn.device-81,2026-07-02 09:29:52,21786624
mn.device-81,2026-07-02 09:30:07,21786624
mn.device-81,2026-07-02 09:30:22,21790720
mn.device-81,2026-07-02 09:30:37,21790720
mn.device-81,2026-07-02 09:30:52,21790720
mn.device-81,2026-07-02 09:31:07,21790720
mn.device-81,2026-07-02 09:31:22,21790720
mn.device-81,2026-07-02 09:31:37,21790720
mn.device-81,2026-07-02 09:31:52,21794816
mn.device-81,2026-07-02 09:32:07,21794816
mn.device-81,2026-07-02 09:32:22,21786624
mn.device-81,2026-07-02 09:32:37,21790720
mn.device-81,2026-07-02 09:32:52,21782528
mn.device-81,2026-07-02 09:33:07,22032384
mn.device-81,2026-07-02 09:33:22,21782528
mn.device-81,2026-07-02 09:33:37,21782528
mn.device-81,2026-07-02 09:33:52,21774336
mn.device-81,2026-07-02 09:34:07,21774336
mn.zato-1,2026-07-02 09:24:22,432865280
mn.zato-1,2026-07-02 09:24:37,402452480
mn.zato-1,2026-07-02 09:24:52,402857984
mn.zato-1,2026-07-02 09:25:07,402808832
mn.zato-1,2026-07-02 09:25:22,403144704
mn.zato-1,2026-07-02 09:25:37,403009536
mn.zato-1,2026-07-02 09:25:52,403501056
mn.zato-1,2026-07-02 09:26:07,403775488
mn.zato-1,2026-07-02 09:26:22,404074496
mn.zato-1,2026-07-02 09:26:37,405303296
mn.zato-1,2026-07-02 09:26:52,405000192
mn.zato-1,2026-07-02 09:27:07,404635648
mn.zato-1,2026-07-02 09:27:22,405884928
mn.zato-1,2026-07-02 09:27:37,406794240
mn.zato-1,2026-07-02 09:27:52,407158784
mn.zato-1,2026-07-02 09:28:07,407613440
mn.zato-1,2026-07-02 09:28:22,408125440
mn.zato-1,2026-07-02 09:28:37,408432640
mn.zato-1,2026-07-02 09:28:52,408793088
mn.zato-1,2026-07-02 09:29:07,409935872
mn.zato-1,2026-07-02 09:29:22,410578944
mn.zato-1,2026-07-02 09:29:37,410787840
mn.zato-1,2026-07-02 09:29:52,411586560
mn.zato-1,2026-07-02 09:30:07,412008448
mn.zato-1,2026-07-02 09:30:22,412114944
mn.zato-1,2026-07-02 09:30:37,412446720
mn.zato-1,2026-07-02 09:30:52,412848128
mn.zato-1,2026-07-02 09:31:07,413233152
mn.zato-1,2026-07-02 09:31:22,413863936
mn.zato-1,2026-07-02 09:31:37,414420992
mn.zato-1,2026-07-02 09:31:52,415162368
mn.zato-1,2026-07-02 09:32:07,413282304
mn.zato-1,2026-07-02 09:32:22,412258304
mn.zato-1,2026-07-02 09:32:37,412209152
mn.zato-1,2026-07-02 09:32:52,409821184
mn.zato-1,2026-07-02 09:33:07,409919488
mn.zato-1,2026-07-02 09:33:22,409526272
mn.zato-1,2026-07-02 09:33:37,408985600
mn.zato-1,2026-07-02 09:33:52,408670208
mn.zato-1,2026-07-02 09:34:07,409894912
